Window_Idx,Train_Start,Train_End,Hold_Start,Hold_End,Grid_Size,Runtime,Active_States,Worst_CVaR
1,1990-01-03,1994-12-27,1994-12-28,1995-01-26,81,1.5875599384307861,4,2.4766836596594826
1,1990-01-03,1994-12-27,1994-12-28,1995-01-26,41,2.7190260887145996,4,2.4766836596594826
1,1990-01-03,1994-12-27,1994-12-28,1995-01-26,21,1.0856101512908936,4,2.4766836596594826
1,1990-01-03,1994-12-27,1994-12-28,1995-01-26,11,0.3181469440460205,4,2.4766836596594826
2,1991-09-03,1996-08-23,1996-08-26,1996-09-24,81,1.196347951889038,5,1.6096913749664223
2,1991-09-03,1996-08-23,1996-08-26,1996-09-24,41,0.6673908233642578,5,1.609839923995978
2,1991-09-03,1996-08-23,1996-08-26,1996-09-24,21,0.46438097953796387,5,1.6092780750986209
2,1991-09-03,1996-08-23,1996-08-26,1996-09-24,11,0.3948631286621094,5,1.6064358264225758
3,1993-04-30,1998-04-28,1998-04-29,1998-05-28,81,0.4116511344909668,2,4.061938147356518
3,1993-04-30,1998-04-28,1998-04-29,1998-05-28,41,0.122467041015625,2,4.061938147356518
3,1993-04-30,1998-04-28,1998-04-29,1998-05-28,21,0.09253907203674316,2,3.9452691738725676
3,1993-04-30,1998-04-28,1998-04-29,1998-05-28,11,0.07961797714233398,2,3.8879323892112545
4,1994-11-28,1999-11-24,1999-11-26,1999-12-27,81,0.3230400085449219,2,3.4971693339344063
4,1994-11-28,1999-11-24,1999-11-26,1999-12-27,41,0.2596580982208252,2,3.4971693339344063
4,1994-11-28,1999-11-24,1999-11-26,1999-12-27,21,0.10907983779907227,2,3.4971693339344063
4,1994-11-28,1999-11-24,1999-11-26,1999-12-27,11,0.09491801261901855,2,3.4971693339344063
5,1996-07-26,2001-07-27,2001-07-30,2001-08-27,81,0.5860838890075684,3,3.2720064356085823
5,1996-07-26,2001-07-27,2001-07-30,2001-08-27,41,0.22663092613220215,3,3.2716759519836693
5,1996-07-26,2001-07-27,2001-07-30,2001-08-27,21,0.08742094039916992,2,3.271286384976526
5,1996-07-26,2001-07-27,2001-07-30,2001-08-27,11,0.07978487014770508,2,3.271286384976526
6,1998-03-30,2003-04-03,2003-04-04,2003-05-05,81,1.4405381679534912,6,3.3659714674166055
6,1998-03-30,2003-04-03,2003-04-04,2003-05-05,41,0.9604349136352539,7,3.362902885116361
6,1998-03-30,2003-04-03,2003-04-04,2003-05-05,21,0.6344289779663086,6,3.3475095749725554
6,1998-03-30,2003-04-03,2003-04-04,2003-05-05,11,0.3049278259277344,4,3.2893708542600346
7,1999-11-26,2004-12-02,2004-12-03,2005-01-03,81,2.537036180496216,9,2.9599459720781076
7,1999-11-26,2004-12-02,2004-12-03,2005-01-03,41,1.481245994567871,9,2.9560708729219907
7,1999-11-26,2004-12-02,2004-12-03,2005-01-03,21,0.6002721786499023,6,2.945555039769371
7,1999-11-26,2004-12-02,2004-12-03,2005-01-03,11,0.7921199798583984,7,2.8557485246726073
8,2001-07-30,2006-08-03,2006-08-04,2006-09-01,81,2.01545786857605,8,2.7933671482877283
8,2001-07-30,2006-08-03,2006-08-04,2006-09-01,41,1.2745001316070557,8,2.78885138456796
8,2001-07-30,2006-08-03,2006-08-04,2006-09-01,21,0.5929269790649414,6,2.7772943602226414
8,2001-07-30,2006-08-03,2006-08-04,2006-09-01,11,0.4055969715118408,5,2.74294782341684
9,2003-03-06,2008-03-06,2008-03-07,2008-04-07,81,0.78230881690979,4,2.491304150772894
9,2003-03-06,2008-03-06,2008-03-07,2008-04-07,41,0.47660207748413086,4,2.49062908188702
9,2003-03-06,2008-03-06,2008-03-07,2008-04-07,21,0.1717548370361328,3,2.486876889206501
9,2003-03-06,2008-03-06,2008-03-07,2008-04-07,11,0.1497030258178711,3,2.4827671777980562
10,2004-11-03,2009-11-03,2009-11-04,2009-12-03,81,0.5812690258026123,3,6.2657828873496175
10,2004-11-03,2009-11-03,2009-11-04,2009-12-03,41,0.22444605827331543,3,6.2657828873496175
10,2004-11-03,2009-11-03,2009-11-04,2009-12-03,21,0.18123316764831543,3,6.2657828873496175
10,2004-11-03,2009-11-03,2009-11-04,2009-12-03,11,0.1718888282775879,3,6.2657828873496175
11,2006-07-06,2011-07-06,2011-07-07,2011-08-04,81,0.6075937747955322,3,6.2657828873496175
11,2006-07-06,2011-07-06,2011-07-07,2011-08-04,41,0.2530081272125244,3,6.2657828873496175
11,2006-07-06,2011-07-06,2011-07-07,2011-08-04,21,0.19775390625,3,6.2657828873496175
11,2006-07-06,2011-07-06,2011-07-07,2011-08-04,11,0.16687297821044922,3,6.265782887349617
12,2008-03-07,2013-03-08,2013-03-11,2013-04-09,81,0.6915409564971924,3,6.265782887349619
12,2008-03-07,2013-03-08,2013-03-11,2013-04-09,41,0.2500941753387451,3,6.2657828873496175
12,2008-03-07,2013-03-08,2013-03-11,2013-04-09,21,0.18128204345703125,3,6.2657828873496175
12,2008-03-07,2013-03-08,2013-03-11,2013-04-09,11,0.1643059253692627,3,6.2657828873496175
13,2009-10-06,2014-10-07,2014-10-08,2014-11-05,81,0.4317281246185303,2,4.7155
13,2009-10-06,2014-10-07,2014-10-08,2014-11-05,41,0.1593320369720459,2,4.702247220009571
13,2009-10-06,2014-10-07,2014-10-08,2014-11-05,21,0.10586118698120117,2,4.676982379686421
13,2009-10-06,2014-10-07,2014-10-08,2014-11-05,11,0.17565011978149414,3,4.0662088543036345
14,2011-06-07,2016-06-08,2016-06-09,2016-07-08,81,0.3122580051422119,2,4.7155
14,2011-06-07,2016-06-08,2016-06-09,2016-07-08,41,0.2631559371948242,2,4.7155
14,2011-06-07,2016-06-08,2016-06-09,2016-07-08,21,0.09778499603271484,2,4.7155
14,2011-06-07,2016-06-08,2016-06-09,2016-07-08,11,0.11652207374572754,2,4.387889347714211
15,2013-02-07,2018-02-07,2018-02-08,2018-03-09,81,0.4693021774291992,3,3.058543760989711
15,2013-02-07,2018-02-07,2018-02-08,2018-03-09,41,0.34725213050842285,3,3.0585451980796736
15,2013-02-07,2018-02-07,2018-02-08,2018-03-09,21,0.15489912033081055,3,3.058539832418354
15,2013-02-07,2018-02-07,2018-02-08,2018-03-09,11,0.15311002731323242,3,3.0585396979997324
16,2014-10-08,2019-10-09,2019-10-10,2019-11-07,81,0.6519100666046143,3,3.0536143950442907
16,2014-10-08,2019-10-09,2019-10-10,2019-11-07,41,0.22545313835144043,3,3.0536137601678353
16,2014-10-08,2019-10-09,2019-10-10,2019-11-07,21,0.16890788078308105,3,3.053613027357429
16,2014-10-08,2019-10-09,2019-10-10,2019-11-07,11,0.16993403434753418,3,3.0536130273574273
17,2016-06-09,2021-06-10,2021-06-11,2021-07-12,81,0.5834660530090332,2,8.738706428467742
17,2016-06-09,2021-06-10,2021-06-11,2021-07-12,41,0.1636209487915039,2,8.73870642846774
17,2016-06-09,2021-06-10,2021-06-11,2021-07-12,21,0.11430215835571289,2,8.73870642846774
17,2016-06-09,2021-06-10,2021-06-11,2021-07-12,11,0.09986495971679688,2,8.73870642846774
18,2018-01-09,2023-01-10,2023-01-11,2023-02-09,81,0.6493911743164062,3,8.686230181792089
18,2018-01-09,2023-01-10,2023-01-11,2023-02-09,41,0.25456786155700684,3,8.686230181792089
18,2018-01-09,2023-01-10,2023-01-11,2023-02-09,21,0.20234394073486328,3,8.686230181792089
18,2018-01-09,2023-01-10,2023-01-11,2023-02-09,11,0.11554288864135742,2,8.686230181792089
19,2019-09-11,2024-09-12,2024-09-13,2024-10-11,81,0.627514123916626,3,8.623408236018808
19,2019-09-11,2024-09-12,2024-09-13,2024-10-11,41,0.26370787620544434,3,8.623408236018808
19,2019-09-11,2024-09-12,2024-09-13,2024-10-11,21,0.19471287727355957,3,8.623408236018806
19,2019-09-11,2024-09-12,2024-09-13,2024-10-11,11,0.10552692413330078,2,8.623408236018806
20,2021-05-12,2026-05-18,2026-05-19,2026-06-17,81,0.8576390743255615,4,3.761233937289996
20,2021-05-12,2026-05-18,2026-05-19,2026-06-17,41,0.38626599311828613,4,3.759793224729055
20,2021-05-12,2026-05-18,2026-05-19,2026-06-17,21,0.31192898750305176,4,3.7493722809453804
20,2021-05-12,2026-05-18,2026-05-19,2026-06-17,11,0.3002309799194336,4,3.6633007848231687
