Date,1/N_Ret,1/N_TO,MinVar_Ret,MinVar_TO,NominalCVaR_Ret,NominalCVaR_TO,FiniteRegime_Ret,FiniteRegime_TO,RobustSIP_Ret,RobustSIP_TO
1995-01-26,0.009500128180247591,0.0,0.015140081476886821,0.6668208800145878,0.015694620570848656,0.6782737344385541,0.018086219763615838,0.6933306565181782,0.013719746948162359,0.7581673551774192
1995-02-27,0.02783953753085662,0.007357245035908823,0.0334305544688972,0.09707187262286807,0.03158574167229113,0.06654193280828449,0.03228263690451788,0.11442181529713776,0.02373078475940424,0.11139992283695671
1995-03-28,0.034710462819809836,0.011834990940368223,0.03496850921212956,0.09833361403601057,0.037684468524625765,0.09709418133457354,0.03419535468225892,0.07574252922988092,0.03061908410068787,0.2155202922360885
1995-04-27,0.01731790295003683,0.011631073101250684,0.026493104548493084,0.08639649103979821,0.026207070297092086,0.09929065681062119,0.02108711150434477,0.0432770936006997,0.031493770094618984,0.21752446911779813
1995-05-26,0.020611429779687298,0.009815611379279145,0.021845547963524333,0.07942183292597808,0.021230756606302054,0.11207272759680752,0.023177669569761996,0.04219265553548672,0.02595699978113411,0.13344695531366904
1995-06-27,0.029888484926209154,0.007736535886540531,0.02223532389282037,0.031958529993247255,0.021086626368804772,0.07798111001021694,0.024819565140699537,0.01617782804337734,0.025871169768658036,0.008016301537199573
1995-07-27,0.04771100191083115,0.01015122670140418,0.031150301620236454,0.06337395701406665,0.03301922305507652,0.1093091414903437,0.026847025802742792,0.03309446055698691,0.054843160229448025,0.11804043785167517
1995-08-25,0.003687411213402977,0.013986073376895928,0.005834761978888346,0.11307602838959274,0.0069880957282293,0.11977054972115796,0.007911289002786466,0.08930142802622774,0.008203220826180286,0.09474826753454287
1995-09-26,0.02124982035912391,0.010485390183573712,0.02821896754370796,0.11252086058137911,0.035701883712426684,0.1487906961200387,0.041980924409083166,0.16987100401701924,0.02622857937066191,0.5703968718072754
1995-10-25,-0.01786598735864784,0.014859833370440072,-0.0035644048553704778,0.1351768297397514,0.0005599024312671435,0.20005355969831168,0.001331529213930445,0.42973616216655364,0.000985856434953524,0.26827299679521666
1995-11-24,0.03670187995524221,0.01516635875964088,0.03436556583895329,0.3610457245350396,0.0336346102889492,0.26240757979335005,0.032598787217923426,0.32173787189692804,0.03780081352119536,0.7059548572434455
1995-12-26,0.01831649284446643,0.008371718256101307,0.033212507113154655,0.32591255162811517,0.03596748078564452,0.2309233964003794,0.029276008634442567,0.1416287853519607,0.020545306403790452,0.2473330330813674
1996-01-25,0.0071835517893227745,0.011678606315855296,0.015919136280796102,0.03653910666024415,0.018587176680909635,0.05377925953315746,0.017452272997456282,0.13532776530172144,0.0091038399925358,0.02668630711192166
1996-02-26,0.05340612218354185,0.010672365771289428,0.039411157634333574,0.1381651166726223,0.03562194091784323,0.15546512623885494,0.033921231651138646,0.21541787172035026,0.03542278830299184,0.1546607518985162
1996-03-26,0.018207008440246752,0.009792602920389762,0.014735908367175627,0.04869516554918839,0.01822230262520042,0.13024216239476255,0.008867096425843277,0.06163006364888965,0.013739740621861979,0.09686105010778272
1996-04-25,0.012299225726384163,0.014244149381706038,-0.0012915425057649416,0.052096342832130216,-0.0035844038586749574,0.16407203712340956,0.004340298314798474,0.338616004065218,-0.0006001325668484848,0.3714231619446584
1996-05-24,0.04616922715155003,0.012490407887865599,0.041075410623714365,0.05531707435576864,0.04347621558180908,0.1656232660425896,0.03543651162874124,0.17140428006350755,0.045338556975178704,0.2909169906144924
1996-06-25,-0.016747638979284152,0.010562372492130837,-0.021634925291380603,0.031358084087097324,-0.01758879947357775,0.04341064903215553,-0.02711878148175932,0.15246106613935068,-0.01485928133045419,0.26961637618624534
1996-07-25,-0.06827042808073458,0.012499962202869426,-0.05566275938413214,0.03434189556386172,-0.05748025811311363,0.09705521440993711,-0.05092450240557267,0.15453881426275165,-0.06653420538583345,0.035809694034836026
1996-08-23,0.05612723703652444,0.010737701664714877,0.05042070379942096,0.0929087971298949,0.053068304386389875,0.22786806440400234,0.050076486965037074,0.21181858859476807,0.05678021565831588,0.5535262768117503
1996-09-24,0.030448887387987716,0.010382804025951368,0.020134381094719697,0.03201202717413671,0.01857690064554741,0.0537148567016811,0.02487911210301464,0.1530833352391068,0.016902820773857317,0.1608313307794672
1996-10-23,0.016731771188588953,0.01075562277050814,0.01962521468445009,0.05749843949778164,0.012952810607272429,0.12949565477710814,0.021144287291398806,0.07930040643292068,0.025732881170957966,0.07259665529289927
1996-11-21,0.03788232750519666,0.010569839181954532,0.038760924484913924,0.03487763997916486,0.0432861114899373,0.10704592449398177,0.04748593182887815,0.11229031603168138,0.046796705458168476,0.0681383386535115
1996-12-23,0.0058540997722175405,0.008985660017030632,0.003319869736354832,0.04223635229489804,0.004907003612980552,0.08070950862440096,0.005719240775878151,0.1412494899502042,0.003156196047286061,0.05467161598532764
1997-01-23,0.04365540274350464,0.010726504044228178,0.02691342871162538,0.06584856065362071,0.029975787248800317,0.21250322140278824,0.027950198644948267,0.23745277393808328,0.029371414055696238,0.04728728844624701
1997-02-25,0.028151096712002895,0.010548711244722828,0.02596076979719518,0.042923545512067535,0.03202262593299282,0.18386408989207417,0.034561522379113294,0.016454367830777212,0.047123686379422436,0.11055550694383079
1997-03-26,-0.023062252690667417,0.01596763451072889,-0.014996570942245937,0.07865617604585604,-0.011156229749305139,0.12788465856811546,-0.011226559314955616,0.10603461629985117,-0.0289681973684675,0.06918991279385883
1997-04-25,-0.0336021192313612,0.013693899937165353,-0.05457019216679625,0.0668639142008399,-0.05181914140179143,0.123465237438989,-0.0514775610283364,0.03278091020004157,-0.0384997301766771,0.1361039271097504
1997-05-27,0.09768119225203563,0.013143805922662701,0.07918684501117929,0.10207512657650969,0.07827511675306922,0.13506515823378093,0.08246971099403204,0.18693854301572105,0.07426776334717772,0.23454374386605167
1997-06-25,0.035638191681293785,0.011936379022527905,0.037228690489926164,0.046942259089633454,0.027474524972036493,0.1373007627747524,0.03236335011832219,0.012844274203398948,0.03462104484559704,0.028944583460904384
1997-07-25,0.049773815057283975,0.012071616989332162,0.04160303088553242,0.05415000932095803,0.044577774953277846,0.16463231766474,0.04051741406474463,0.06401683159351568,0.04354245423051081,0.18173888040898323
1997-08-25,-0.006658848214726528,0.013087254363904875,-0.0041133952020530416,0.07294763514157701,0.000567235876558495,0.14763313203558176,-0.006811642416028396,0.05627636420203495,0.003179365472210196,0.07627201793914769
1997-09-24,0.027718818847643153,0.015885659709448906,0.028707040789999236,0.07286618941311399,0.012514080648327135,0.09062682482853852,0.024213835630138777,0.18062224223926215,0.02386229601758134,0.28311135504748264
1997-10-23,2.4024735869182943e-5,0.012819459642237765,0.006286951025186863,0.06786379460918779,0.001243868599562768,0.15353808586732356,0.007593119306319148,0.044709523909862166,-0.0014629190237167567,0.14728954709908199
1997-11-21,-0.011300608375072043,0.016443760459252398,-0.019069029986601933,0.05852004439094842,-0.03266546404541581,0.24593741989497284,-0.032745642840589444,0.11122027612452798,-0.02395194533560749,0.05560113846423005
1997-12-24,-0.028843110831410237,0.02179712337381433,-0.01862452894328142,0.0976938123879368,-0.02327079221819607,0.21672716399846637,-0.01979752931466992,0.24785638004352495,0.003374145640835652,0.702918753933973
1998-01-27,0.020995496393907926,0.020887798580932444,-0.0011476748522427339,0.13477115230939102,0.01018642955165617,0.21525167740065512,-0.004715118706740328,0.2668322576572004,0.00811210271128219,0.01542422054641921
1998-02-26,0.07915932502484843,0.014145035202386975,0.06647657724706826,0.10114192372165125,0.05260002545270457,0.16490320421304985,0.06304005561293664,0.28655733030973174,0.0495495420034252,0.16149054022574716
1998-03-27,0.05062225398157057,0.016165741861627857,0.04813720719900438,0.13286140028879276,0.05871835257982888,0.10611696670342957,0.048447289006703094,0.1883523303829955,0.06331880844209699,0.1592498545297955
1998-04-28,-0.00879358237933221,0.011031855707564897,-0.011498160180626523,0.0677201164449324,-0.017958652720645746,0.0977107423518378,-0.01990020046589942,0.12370355158071172,-0.01724837748276941,0.051866956757512794
1998-05-28,-0.0007798470809762686,0.012047224791576418,-0.00013954681854390724,0.11229182860718698,0.00846473391964125,0.08976010817446722,0.01380267380771958,0.30744342772161914,0.016813338191989297,0.10498238253805968
1998-06-26,0.00381580132626761,0.01600103406559327,0.012229343018164538,0.07485209183726546,0.014494287682892421,0.11844456372410113,0.022510086466517743,0.37581559054201547,0.028867934588206426,0.14754351878069996
1998-07-28,-0.01898554459213998,0.018907500478515044,-0.029456585803579273,0.09218745767484267,-0.019073488045736012,0.13436221820613248,-0.006992087422821209,0.09293765523510986,-0.012094163584610533,0.07052229551181416
1998-08-26,-0.06561900781870364,0.016342944709067067,-0.04887699507446252,0.11601319138875506,-0.05136892850108018,0.09028228354198446,-0.045720699485785325,0.22130390717905132,-0.05587237286648881,0.025153583345742563
1998-09-25,-0.04363268714691101,0.021506461549824652,-0.02253353444572504,0.13433089656101632,-0.0398458815871424,0.1381033437485124,-0.05113742938546548,0.11421262358954457,-0.07262769723886386,0.3953653758093109
1998-10-26,0.037641579029752924,0.029919488740682117,0.019572674255259336,0.15356069309712292,0.026380479160040524,0.3480541212218229,0.02803638924823808,0.4609687361669213,0.02686097076288794,0.595629013359095
1998-11-24,0.09100981902529488,0.017152000601742927,0.06372625187696404,0.1286195498258811,0.05891300007850547,0.19017301365548406,0.06933250790313078,0.22396961979615215,0.05628524962917057,0.0957306048461484
1998-12-24,0.004934934434167974,0.015522368645166797,0.0033349811197839886,0.059946459144020116,0.012172384350353574,0.09601837269439163,-0.014109228156183165,0.03696314980412915,-0.027348185056774485,0.09500427311058413
1999-01-27,0.017891231231071447,0.022260056514343884,-0.017342792434842446,0.10922485696957995,-0.02070491158878264,0.1220214019830444,-0.03832701681526014,0.20710177678436043,-0.054441796029891756,0.026885085150267427
1999-02-26,-0.007572308085885112,0.025435219507993465,-0.016740492573845866,0.06473846293015867,-0.016545022292811584,0.16425672623261214,-0.029754292888604542,0.06068929689018608,-0.04189531192279013,0.16653317481048466
1999-03-29,0.04275327011960158,0.020549098949362556,0.022456964262896745,0.10106627423726455,0.02251430059800164,0.2100188722592391,0.04067520643243195,0.13455642804449028,0.0479163854778536,0.16888325024965795
1999-04-28,0.07235259702425059,0.019611167736051482,0.060430356540861305,0.14582598875008213,0.06398107122584956,0.2251775772016969,0.036127838472868386,0.20841740002507994,0.04848336504473291,0.17391141149628286
1999-05-27,-0.031823788025699545,0.03151655161118021,-0.015077978060523073,0.072557170276594,-0.012537193380958446,0.09541945025333297,-0.01608995811606319,0.17028115177699127,-0.0012208691264846642,0.17773309664347903
1999-06-28,0.019892934795406006,0.017376975213853535,0.005512571377956603,0.0887553471492236,-0.0004224491798823551,0.12628829846908962,0.01369527306337806,0.20573491661277038,0.015950870633513782,0.09547351756074896
1999-07-28,0.0018433284423312202,0.017155410103537633,-0.005299010453633222,0.09336390142310236,-0.011143195937387324,0.1650397196244443,-0.012940560088241118,0.11680567900989249,-0.0038174430326003736,0.10602228609160912
1999-08-26,-0.013053195559321143,0.017811732269427116,-0.018474063403780622,0.07967015472028495,-0.018030770037976707,0.09877350904574543,-0.02004950403170431,0.04784196698099528,-0.013653016284685357,0.07199048736912053
1999-09-27,-0.06461138225668092,0.01656842125515926,-0.049725147268908094,0.06719655260024286,-0.051109714525962205,0.08184797769357209,-0.04635152611073437,0.049324005844813855,-0.07301267286943496,0.12239098101378906
1999-10-26,-0.01419275337815049,0.020698074622216806,-0.014897299685842155,0.06897774443400402,-0.019401051131514194,0.1923159181145876,-0.0376659948596171,0.13360263344676893,-0.02979269358330374,0.027078740237904464
1999-11-24,0.0715234735740934,0.023077145276810398,0.04089136167730137,0.06686934111374303,0.03674269871956528,0.045595854473039765,0.053089031167754916,0.08046793392708695,0.028484048844397036,0.07292028268379816
1999-12-27,0.01643805926240699,0.024114303859677652,0.0006865463192726801,0.04505244449547967,-0.0003135787242130578,0.16015883561998182,-0.024314073138224694,0.09312352271877765,-0.004367052418560844,0.13045873298445998
2000-01-27,-0.00966250375566536,0.026675591147558776,-0.001002150082478934,0.07100087393584248,-0.018596189878872346,0.04637403925822171,-0.010139639214143181,0.09211421356458756,-0.02585942505277608,0.055916443650355356
2000-02-28,-0.0581351965130885,0.028188916507448387,-0.0625184166930636,0.06932354063285401,-0.06957118261919713,0.19386588901270255,-0.06656081045485637,0.08712312700728943,-0.05602001502150267,0.16273584989800766
2000-03-28,0.06977640046167255,0.026969851206310725,0.05503013627424518,0.1014668884979459,0.05430278488681959,0.22476797361361714,0.08181847050180321,0.09340212147537579,0.07768871479226734,0.021067931637936667
2000-04-27,0.021508660577920093,0.029542004062043506,0.004160041606274467,0.07562144783713755,0.0158729980483479,0.15590207061583966,0.023236902309956974,0.08525319968447875,0.025543147316157894,0.05634438689630804
2000-05-26,-0.026550221528565857,0.035607790534756135,-0.004824827900075592,0.10057979423110538,0.013282072353617122,0.1850816698942737,0.023171727662815583,0.22881353486162312,0.04081708684416378,0.23221443335460001
2000-06-27,0.02060713816976009,0.03618540200925836,0.00650499839893764,0.06705630278797559,0.0024880815260607753,0.057877590537830856,-0.0010839195009542549,0.09122366139118135,0.029886713647103852,0.10985441387142929
2000-07-27,0.009223178961697678,0.03156983649031592,-0.006301857434499169,0.04289882737217272,-0.0052651922486579295,0.05671173511287417,-0.014040836336753005,0.0788509921415448,-0.0130431317975048,0.07352598213558842
2000-08-25,0.053321961012191325,0.021008002259356395,0.04747182042750345,0.0708322745129627,0.04474713187581345,0.07812992291824777,0.0379435669294417,0.06791760258659273,0.09448276707029175,0.06066608831949062
2000-09-26,-0.03876879492562007,0.023465971210329544,-0.0052122427288158685,0.08653636880434007,-0.017049965192626273,0.06567794287750743,-0.00834209075142612,0.07804414258983472,-0.0328911528493401,0.052518392706056294
2000-10-25,-0.01958810273998182,0.027714438813244188,-0.02726784345430159,0.09441124407364673,-0.019873230915488677,0.05589697620558862,-0.006330414747905074,0.0908100515879496,0.0035189850934168603,0.05227830929743724
2000-11-24,0.022400950425613696,0.034930189415848883,0.032758189838861695,0.07724652590524228,0.03839134462052266,0.10013477665290438,0.04961808146058332,0.11861693644178242,0.024347958349151953,0.09836518991422052
2000-12-26,0.019530805375563346,0.026199113643705366,0.04586794564023447,0.08185794143186556,0.038957100439179666,0.15023024494597428,0.05642865874462684,0.08126732344841618,0.06622762651049433,0.07884695381807971
2001-01-26,0.030483582867000196,0.03387445384001583,-0.017932946954219844,0.04632434431036736,-0.020245420596611757,0.06253152780403826,-0.020198899388579845,0.05059185321084024,-0.04125059348517535,0.09938129961818218
2001-02-27,-0.007052484820152092,0.03363691133429888,0.031310024203531295,0.09140619543363009,0.03599804483044234,0.21954398509237708,0.040281535504500615,0.12413661125890166,0.009075579690143316,0.10526060450540145
2001-03-28,-0.06408464945982097,0.03327561702561123,-0.04847974618788424,0.05338653625524004,-0.04177098638188623,0.07301748603291605,-0.043946826017680685,0.09058190996119861,-0.04814304685355758,0.037161822759422744
2001-04-27,0.08328081002441953,0.02254025573436021,0.07341119873714577,0.0806303499831481,0.07381093794011598,0.11293930870335295,0.06885781297645069,0.1638132437003727,0.08140553714361544,0.08745704233979755
2001-05-29,0.027520881932677353,0.015365774557153593,0.029911790341127314,0.053533098583717825,0.03378060771177084,0.0618369692502036,0.03596852859527946,0.07516485693646496,0.008911910183436681,0.10760459844255327
2001-06-27,-0.0569598233648255,0.014098116847030535,-0.04374209052034206,0.04661744032175287,-0.049175597913899964,0.03265217174080555,-0.04500670601153124,0.04293789455224711,-0.0588693882303761,0.06318267893221366
2001-07-27,-0.0023383078080983356,0.019078259258217507,0.0002038299811532259,0.045269036578731506,-0.0033492854175944803,0.056833930250563464,-0.0005915793560892702,0.05156048591519531,-0.020053760534397246,0.05265735939188331
2001-08-27,-0.0007079373885317675,0.021373498755152782,0.00780853649506894,0.07276915272194107,0.014001605035787536,0.08298413551374989,0.024500315038682895,0.13090308760087604,0.012775965200690345,0.17881255890296122
2001-10-02,-0.13053798027996485,0.02109069468966722,-0.0883722830694647,0.08150136927536276,-0.09505990500214316,0.08581272664281245,-0.07732264484014477,0.08246166111906364,-0.08304899541308482,0.19211231590550792
2001-10-31,0.031968705823583514,0.039973496121011365,0.004534868158668239,0.08549418403944509,0.020595492835640855,0.1042797890480628,0.009374794777229432,0.15164367871448667,0.0022249833548264246,0.09726168675076201
2001-11-30,0.06684017908531284,0.026029512498279526,0.022870452870740018,0.03010698093936389,0.023367786296855972,0.05416939513015671,0.0268593981413225,0.01810854886912392,0.037759955200966845,0.03900633408317786
2002-01-02,0.03321429465491409,0.024359112852378375,0.03917829008171944,0.05481750109528612,0.04074183128597081,0.020755683217079053,0.03669352940943746,0.09282548372715987,0.01884229023365353,0.07132620954025086
2002-02-01,0.0005791816342117049,0.012130696010211009,0.00014412551775312284,0.0139122637848779,0.00027522683800862565,0.006286384276464581,-0.0013478879070793848,0.010287539229806294,-0.009962175555105514,0.04833727822143409
2002-03-05,0.049726242666254986,0.01910979410872823,0.045090570185343765,0.05454453374112363,0.05199772471541444,0.01850598144968387,0.04934137715354911,0.09092245514888117,0.056324463325186994,0.033798312537511935
2002-04-04,0.005128996240262882,0.01588155405549912,0.02717276501855206,0.12222967814665404,0.028664395372639016,0.05140149703372331,0.027911713236139352,0.019942652244402753,0.012687576598602956,0.0902470651136468
2002-05-03,0.002079073822764174,0.015693718164680678,0.018253335599303037,0.05385152126518914,0.023358627875285524,0.04848507098299001,0.01651017955947279,0.03651422766556547,0.0041151466457399885,0.010564945873134963
2002-06-04,-0.0357249706305629,0.024679226209188294,-0.03352478171840168,0.09276867412856063,-0.02425819805252285,0.03669175472056059,-0.02199513260265411,0.08519475898709605,-0.02846919769873761,0.06925686406326925
2002-07-03,-0.07279135234835614,0.013366090689289525,-0.07570446021312051,0.021203270622838895,-0.07253396559119972,0.01759951231681866,-0.07856059399820614,0.0442571179525275,-0.06719404564886233,0.025764897518593077
2002-08-02,-0.10759243431839062,0.02256582265426687,-0.09189057704977578,0.022267955297930943,-0.09862119422244006,0.03803763444385337,-0.09301276957655111,0.12262039819152507,-0.10847549238152926,0.03363660044480289
2002-09-03,0.021494671550485966,0.02702417216098423,0.030527579013201654,0.042576947222905406,0.031111384259155977,0.08791345752686382,0.0358791846653603,0.28029457754044756,0.04100680094493389,0.33762398349837686
2002-10-02,-0.05718369847933919,0.015507597649296708,-0.05094017094357149,0.029635648684616635,-0.05666144423494844,0.03407074336557368,-0.059006282207058613,0.055231914310781616,-0.07544629638430517,0.015295426228968331
2002-10-31,0.04263118240332203,0.02005488489281477,0.012564342540386976,0.029565496031823093,0.004234347282743317,0.04477177567150978,0.015729743982413162,0.056114872125375255,0.019160617923339035,0.07343539217316422
2002-12-02,0.06483462322977566,0.020228189209844854,0.0032361149009647967,0.041569442643403884,0.003992434276631534,0.0723417800843125,-0.006776047491492227,0.04814626150499476,0.018716156982268466,0.062029089405787774
2003-01-02,-0.008099803744379436,0.026650839708292757,0.045177467705849225,0.0349789852962123,0.04617717070222868,0.06045398753709474,0.05021856917758201,0.16678241934657834,0.05458800930092389,0.06197627536907941
2003-02-03,-0.06465621828024375,0.022038465358574736,-0.049213599174739164,0.033181968689121606,-0.04902070010054868,0.022135255146797424,-0.04849308987877202,0.06222938604208265,-0.05123951315892118,0.06278200164168429
2003-03-05,-0.03925481722502507,0.010234691106802639,-0.05742208793202963,0.035686003972969574,-0.05665587609824932,0.014209940578910908,-0.04905657022561617,0.05868886829275814,-0.033272330962393445,0.016754592288658658
2003-04-03,0.044998702870942334,0.016809148873793,0.026122620738302044,0.014737888410803762,0.02999794335488796,0.04867884128752872,0.019226506750906737,0.015101421957172389,-0.006986855757760432,0.015721554480993327
2003-05-05,0.0658101594008666,0.019236094756240996,0.05946231155470816,0.0359626687389549,0.05981493463115716,0.036671530737616656,0.048402103146622535,0.21145949846822254,0.06751522868942675,0.04593218890277499
2003-06-04,0.09348929697777171,0.012084102521222037,0.10384584720168831,0.01789383127848933,0.10030802180416643,0.025967438011531594,0.10968905405461206,0.011769399417703084,0.13008711109288093,0.01371734284518044
2003-07-03,0.0038624789538174663,0.020282523808762266,0.00997098299204603,0.022565664827377485,0.006138554423688727,0.017598082196354496,0.002561450975990377,0.02480377028456399,0.005178436026289741,0.03289832370114031
2003-08-04,0.004222525170078382,0.011377322546181453,-0.009889589682425448,0.02928876239335412,-0.008151595589453801,0.022096092462312582,-0.008945005548155607,0.015459661756891594,-0.007193701999406006,0.01824073136864195
2003-09-03,0.06089235585065518,0.02005938863807071,0.040996620016741966,0.019526362181622296,0.03782512371465117,0.017743883848027213,0.046193669941266925,0.01930504064353765,0.05009632442103086,0.030007475049210152
2003-10-02,-0.003954354584038633,0.013559815478503255,0.024831119223798673,0.01933372236816215,0.02311042101038709,0.0484993776720236,0.02352866589521438,0.05077961907087908,0.018791540807177445,0.00831554385287486
2003-10-31,0.04736290421226177,0.01299111263995037,0.03531850490528077,0.06314564158971075,0.03906800555995777,0.09775625445412137,0.03786165629839496,0.16570614520842414,0.047051392377479205,0.6638576083032653
2003-12-02,0.03619393910632291,0.014721569003995964,0.047456092511624935,0.03384522822583898,0.04990214631045433,0.050227891637204584,0.043307838963824744,0.027045905598526692,0.06496035986061506,0.08845335590949875
2004-01-02,0.04547848031299943,0.012602808291258212,0.022506245243645726,0.0685648828742342,0.02235321864983008,0.09409726727139378,0.03417516878628112,0.03658771845239287,0.022196412374063206,0.16963316663877648
2004-02-03,0.001609827412667732,0.01940557903985322,-0.0011229550301364282,0.014191335742484348,-0.007319149479080808,0.012951239217914743,-0.007888154209209769,0.01801561333261757,-0.0033547041004807683,0.03900831094837688
2004-03-04,0.04000958918204928,0.015348037684605733,0.03942871099906579,0.029877144303103814,0.04557687753432359,0.07878565919762302,0.04052274421504224,0.06919286299008273,0.03392794889781287,0.1722180843028347
2004-04-02,0.0025669226932783415,0.016115077525478284,0.01519868974062449,0.01718135312328822,0.015747222877349643,0.04625348942744016,0.014326201627981197,0.010233568022608186,0.010900364926665549,0.1866353197438574
2004-05-04,-0.01936382989842078,0.009348809607901219,-0.02382900557808054,0.013364994808635577,-0.02278847476881481,0.01047405443040421,-0.011496672718253097,0.03957471686160002,-0.03297935400060914,0.007145634101200153
2004-06-03,-0.008789296988538624,0.015379512810535952,-0.009597700926341093,0.03046507616693275,-0.008314108774032944,0.07657686306206982,-0.009487181842795617,0.024385911023044906,-0.022390902560851474,0.17443358214536683
2004-07-06,0.019007227534358226,0.009239436648446108,0.00825847405663097,0.01354296078478523,0.011050073461238184,0.04660444480089299,0.015714848201221834,0.03418172603773774,0.009808907871480078,0.01981614216557417
2004-08-04,-0.021339486647956304,0.014329076722204771,-0.019704010209519566,0.015217358791900783,-0.02166756722766707,0.011612541608772672,-0.025477844897663655,0.011243028467073096,-0.020253396290450688,0.021713018666979285
2004-09-02,0.02463658536423308,0.012311095525572299,0.03369133377101976,0.016349496922839914,0.032986167100964775,0.05810481732407104,0.03521724809140686,0.011481830226976842,0.03615537029476404,0.022762368089376084
2004-10-04,0.021819490951407353,0.008297827281719343,0.006070017499992798,0.01798156958511181,0.01214127222221375,0.011351551429150888,0.007322770106600575,0.03940852712688153,0.015607538002953879,0.011174231249645502
2004-11-02,-0.0009943715950906581,0.012469774359556719,0.0004073313682195491,0.01931914346545146,0.0008582297597444568,0.014703304002016004,-0.006100318890487142,0.05237427410067258,0.0063412025204226796,0.05874502517224031
2004-12-02,0.07260705622520762,0.012893438511359767,0.05258739409168484,0.020290461226470304,0.05699531631294686,0.024781078861606753,0.061022198205831525,0.01270387446586008,0.06746039127702107,0.009438224083401413
2005-01-03,0.012278201496902492,0.011319053089280991,0.008046940475787375,0.02186918550060285,0.005481584177676051,0.013621297515060117,0.0037658564097819984,0.01489859062253589,0.009865294015191439,0.036424713105376205
2005-02-02,0.005948586040657752,0.006803060410657175,0.018915776626258617,0.016492946072898973,0.018378606711229067,0.06066605949681006,0.023768478887371807,0.008992225978462247,0.021394088073450696,0.056240010910063434
2005-03-04,0.038074643943261266,0.013998599073526666,0.03789752543096426,0.027252240130444926,0.04939700981671068,0.08488930188767466,0.05315549065955346,0.015177665990497365,0.047836528112549945,0.014051386225189998
2005-04-05,-0.03496500039603866,0.01626630197547756,-0.029640441793839067,0.0349457766093404,-0.034032552362425396,0.03657165997382094,-0.03320051367382486,0.06090301137488782,-0.03473146212365145,0.08115795838429415
2005-05-04,-0.01992943989718996,0.0096343274456985,-0.006252475391090926,0.07055305076004491,-0.015770745675937472,0.06662521936492583,-0.014532267280168841,0.051554696680021786,-0.018859205432433718,0.025017073702755965
2005-06-03,0.024317410892993496,0.011474029485704192,0.0074603837203631816,0.031290465627767175,0.009887657122907519,0.06337934702693046,0.007347648321023662,0.017091753907380446,0.01101832937007337,0.3765717263560079
2005-07-05,0.009923984360503195,0.011492118311902291,0.0019163862647928794,0.017885431236897367,-0.001778165607073371,0.008086869275484411,0.008713903895708456,0.006254336218943659,0.006735789609146845,0.03225297495972616
2005-08-03,0.04949644420826887,0.013926188838501496,0.03601783177718295,0.020171587172527518,0.04051984525891685,0.012902758225834678,0.03695547281434333,0.01690506394222651,0.0425182109383103,0.11226906155749944
2005-09-01,-0.014812228052775274,0.014107165361882931,-0.002308866262895909,0.018185008242427764,-0.0051560524458736405,0.010117753762642368,0.009923876591926242,0.009936605324375273,-0.007863333929888083,0.024344855426405475
2005-10-03,0.011997857691738825,0.012324050105048712,0.023755774514493715,0.013834991592482549,0.026766086914094458,0.011148618339814809,0.02870466728967717,0.01062260458991042,0.026150714443745254,0.01185558498720373
2005-11-01,-0.031536398815043755,0.01321599676849343,-0.040612376485903344,0.026824029884094693,-0.03471475954707063,0.06002515497708604,-0.04239150713946089,0.018330897768990884,-0.01691234266257626,0.019850009179944117
2005-12-01,0.05946617129560708,0.01671206633610266,0.041132715710512475,0.012905644558243294,0.049307234881866426,0.04482273258307173,0.04235625685312871,0.030311363019683814,0.05030447632125267,0.018358868728262052
2006-01-03,0.005753994938345281,0.013068080725869043,0.013110740727111521,0.01927051750247065,0.013634626664190432,0.015605646017245284,0.017993820744742924,0.013336887513098581,0.018169959122982336,0.015924501704314697
2006-02-02,0.024118202154098257,0.009032457469925245,0.016366324431760403,0.018223730431633684,0.0256973695185749,0.044708514876512055,0.026507427125504874,0.012664688783397543,0.022990229070000853,0.015058303321560232
2006-03-06,0.003079685456558873,0.014988486638972426,-0.002884971838952312,0.03548432253064521,-0.006904963488004499,0.057718332803866644,-0.01254172073682343,0.016835120277352348,0.0005521043200234336,0.023407344482878217
2006-04-04,0.03393177443091466,0.010814157008540848,0.02210281163432893,0.06447532337360594,0.02850875248122452,0.02650584051345748,0.03386173739828668,0.019177433430054715,0.03598934051056003,0.015331043286426413
2006-05-04,0.026831526339933673,0.010618240530850555,0.014333012034412255,0.020241847472209383,0.009513117243290212,0.09809250850442337,0.014555110069755116,0.08591642862783164,0.01040036325695413,0.042927311524461165
2006-06-05,-0.04254379708284942,0.0174962221054858,-0.025118188830601736,0.015728632118792295,-0.03480572847476086,0.13076714371266362,-0.038716391161462374,0.17230941540054207,-0.03954442651676611,0.0532046094565254
2006-07-05,0.007299045403800036,0.01729219382147862,0.020274133769826765,0.03145338867573837,0.01964897937363116,0.1556667977283036,0.023033559954438034,0.017621657697896358,0.018525299152854106,0.047793762042510415
2006-08-03,-0.0123900804423597,0.009373023266448986,0.021978207583233704,0.05628563142729407,0.008917413258070753,0.09975008712600117,0.019401273713483755,0.07523171089086753,0.0008289081014999118,0.08727838223090684
2006-09-01,0.0186273021179082,0.01705823885921953,0.03164750401240958,0.040684831047229086,0.0316685191727888,0.04032535902485801,0.021332412018356853,0.03344526017427718,0.01976186916825109,0.024602989640886315
2006-10-03,0.00013351128560262586,0.01126613398133764,-0.0182001130049216,0.017299773592625245,-0.011005135416943652,0.02893677865562674,-0.03450156414311813,0.016577699259905977,-0.014506610690269464,0.008950751651284452
2006-11-01,0.047064128793075755,0.021031386675976434,0.04610444094481112,0.145952948391281,0.048295498104667926,0.1657417745484307,0.04932117123220388,0.2963880251923146,0.05185785579866369,0.3385804133831486
2006-12-01,0.03571035142277313,0.014167415888767628,0.022853405515485904,0.09362402196285431,0.023674967482366097,0.09009142784198376,0.03021125029668223,0.0981534099700194,0.03180224192336308,0.054729369006004044
2007-01-04,0.0031097726975307747,0.01069372838423938,0.010865011998328993,0.05468776410312902,0.009857165105339412,0.03732205393935168,-0.002210604483798603,0.02132455801338811,0.004170777136995319,0.0962631019422165
2007-02-05,0.04186206253453547,0.014528929303349288,0.027772524020547668,0.05276751892066424,0.0315034023561412,0.07988750406211025,0.03859400619427165,0.09163441940498142,0.03975874403036872,0.043481218443665544
2007-03-07,-0.023946911158342382,0.013284362946592857,-0.0164284858573633,0.03069955666741754,-0.01839358749569763,0.028875376048892558,-0.017198111875117408,0.05486503597959151,-0.02181913299370926,0.02336568130707853
2007-04-05,0.046530715252632374,0.008479035762662918,0.04982184316498959,0.044358509278329884,0.04361654845753307,0.06307486143872425,0.040996345581437665,0.10377068525807297,0.03866600554299485,0.06845859587986859
2007-05-07,0.04343989896085621,0.011538775305900431,0.03429032267592468,0.029908460942425427,0.03253618530871803,0.05739134344452398,0.035927934498406054,0.05761309592975773,0.0367593915517606,0.014111091994851777
2007-06-06,0.018878824954657182,0.0109522313847189,0.004469646219828952,0.06599772631563307,0.01385034529256414,0.10952647900373874,0.018131448312435974,0.04717057273138933,0.011581731002487973,0.01068394457212016
2007-07-06,0.016886464851279006,0.008722780205668381,0.010857810213865554,0.04111504604099046,0.012463781171864297,0.05098524211833922,0.014270813076323172,0.052281569749227076,0.008069856133508708,0.006146604384732043
2007-08-06,-0.05213844074524091,0.009751084575275137,-0.028158221869601877,0.04581738051018425,-0.046770870248924255,0.09846520485192362,-0.0455023975526149,0.1887709532558937,-0.054617830045997455,0.03950742602281352
2007-09-05,0.005294930166390233,0.0172434554573164,0.0060533402909280455,0.08541481149674149,0.0036280353214162477,0.3314711451340523,0.004833118345699952,0.2490847700787192,0.01113686315830861,0.498592626348357
2007-10-04,0.050432121894724936,0.00918486103581291,0.0621737141493529,0.09600796620834884,0.05351108454171561,0.09516361428684736,0.0678252702139442,0.22910606120134175,0.06895169604659918,0.3271995442034033
2007-11-02,-0.004456126284320946,0.011154956678845399,0.011096115435225706,0.08290458387494243,0.006447805903031001,0.1367796600651559,0.008992780182530215,0.218098494336769,0.01620013683035756,0.10897236956056372
2007-12-04,-0.027686400171074037,0.016889666624159295,0.016906647296059573,0.1258669010399276,0.01111751301866597,0.15923448186911832,0.014111664516893753,0.32045111177954944,0.0005284190226883152,0.0507307963660657
2008-01-04,-0.03672830463381126,0.019235532449746344,-0.021532790539796866,0.12910859757866497,-0.026170245767374468,0.18918698277769128,-0.029155881662211107,0.1675083781004729,0.0021229699232933595,0.09898544385694828
2008-02-05,-0.03139270400549463,0.017301489820243,-0.05535584947143007,0.031158798693465436,-0.0515111494219712,0.06853327994336877,-0.04043003532570589,0.012292757162310639,-0.06731570903726532,0.037883996388450296
2008-03-06,-0.007136861133820269,0.0198410686090691,0.006069645583485959,0.12862898328595251,0.0015588712312430018,0.10966160603352448,-0.0019429055711324406,0.16996280835027033,0.012406470998956044,0.22460073199008718
2008-04-07,0.04880656930604159,0.022355936489986936,0.03743662146214968,0.0537867443342885,0.040651337989838866,0.059622905758028526,0.03551296301844418,0.1293805997254711,0.03870456179995498,0.0772785515497959
2008-05-06,0.031286836210931306,0.009625343700755786,-0.01579619816206475,0.0427750623328168,-0.016437566857989583,0.054252083686813106,-0.01739099395980529,0.2121412238274365,-0.011763427748164452,0.60235982112093
2008-06-05,0.015592984939831599,0.0172025246684481,0.014510929577558257,0.02285182830277818,0.01225136374494534,0.11203874428517291,0.009000479381241266,0.05444738531457139,0.015075139268067384,0.1267061092279132
2008-07-07,-0.12373939480156566,0.01564191306165192,-0.06533042240679333,0.025974868065336894,-0.06631590117755841,0.07532790431567524,-0.0698482359209866,0.04225875508018209,-0.08082279016832294,0.07773712089575889
2008-08-05,0.02387098549664877,0.027760195180820416,0.04383921115558649,0.0978936524814058,0.055244272743029565,0.14771894492460305,0.060638864271808514,0.1507831937048918,0.04590603409980306,0.38108916195104375
2008-09-04,-0.02865026162965796,0.028524015953616602,-0.014533852651624792,0.02363772824811865,-0.013766548318953275,0.012093410763669113,-0.011483132746788633,0.046119490861469124,-0.01635043458792175,0.12309017913326883
2008-10-03,-0.15226328059923908,0.014220061758741609,-0.05475666080859898,0.014941302269865715,-0.04885657683120471,0.019999941821785956,-0.05282434097846396,0.08466319900642302,-0.06369681372163395,0.05228212306064139
2008-11-03,-0.13713256671402793,0.043519301871600594,-0.10398867537140227,0.020395356438332384,-0.10235290187864331,0.13689842144336073,-0.10064564202260443,0.22722800820409994,-0.10622167828582887,0.500190721817758
2008-12-03,-0.11686188880230504,0.024550931357622513,-0.06624619710790605,0.12236604325769386,-0.06796839578325867,0.12370500475136986,-0.06693732540988265,0.16439516891655506,-0.1012919415102838,0.4794241107141559
2009-01-05,0.1170508631707711,0.03313160973403974,0.04508955271392739,0.07021020895187513,0.060554635796406,0.1399761152538166,0.05904210809991882,0.16414756696182883,0.05605328848219351,0.2874377272955386
2009-02-04,-0.12231962372399455,0.03284814815787817,-0.08633144683754741,0.0162311591582303,-0.07773734693701524,0.0815145785264133,-0.07622260689784227,0.05890131811119845,-0.08641831204210484,0.018794233771857044
2009-03-06,-0.18678229397534998,0.03091555487790812,-0.14472752341710837,0.03702751503142799,-0.11387843194531859,0.026931516568673236,-0.12642856193190588,0.0899323273162421,-0.13624889647582536,0.02514181558818112
2009-04-06,0.2842737804560538,0.039782253596486294,0.15319691539175193,0.02651748885197902,0.1368409926429101,0.05018210965352464,0.1370976642686062,0.144967528825379,0.15836867630211357,0.024426011483364714
2009-05-06,0.15368685270531454,0.04432311582362691,0.04453517319887552,0.07358434722120172,0.03784696004941333,0.023883752492200552,0.03762657441632213,0.02487502175117204,0.049212657345311724,0.027150623709112018
2009-06-05,0.030456688487545167,0.03767264669914114,0.058017995682485377,0.026331330970031073,0.05885798208109094,0.026917026522247464,0.05679858603717064,0.025715431104355896,0.0580268778758337,0.016123335628853225
2009-07-07,-0.08992963958076267,0.016270795585810193,-0.01816834139876982,0.017811138213800207,-0.020849155961808283,0.0319523984894403,-0.01987235936850538,0.013258698678836254,-0.028490946754586095,0.013750462605894513
2009-08-05,0.18579302470133938,0.02805665608454171,0.07592966108012672,0.019895692852604722,0.07213869779158687,0.013091939479745431,0.07234642512206586,0.011695313400767737,0.08378493339194515,0.01746690891679013
2009-09-03,-5.4744082722806025e-5,0.033906970157075736,-0.0034109815334697705,0.026987724142136186,0.005463373454662772,0.0072732776237044595,0.005762729124479434,0.007358461961607818,-0.006058284731496908,0.014919223141305428
2009-10-05,0.049432756046402695,0.010225423047447935,0.045026620642858235,0.008222371421501881,0.03931306914272287,0.005770488953727225,0.03899744694793571,0.005839885563812555,0.04782083018996136,0.017939656576540973
2009-11-03,0.001990934573400315,0.011796788150176783,-0.0022501586707621844,0.016494817118864837,0.004699688689562497,0.011557007902674395,0.004903593572186068,0.03216400941107683,-0.00633100944691417,0.023957131282835952
2009-12-03,0.05714622583491523,0.012943799271204846,0.06213773061192187,0.012415401040668243,0.059040823549010434,0.009815384595859646,0.05917559821505453,0.035991540505312315,0.0594811571874895,0.007083314759484263
2010-01-05,0.057011666165025135,0.011150959425318584,0.013751915363758464,0.016461076075287587,0.013856935674517467,0.008278151587815885,0.013952933544192915,0.03535679106636288,0.015523656666749023,0.006945722822579604
2010-02-04,-0.06616157039527583,0.016830333295036023,-0.027040602507518312,0.009748989791485812,-0.02994337654181953,0.008585187397078317,-0.028929173108874103,0.008620558927693448,-0.023149420778257126,0.045857367858028436
2010-03-08,0.10232889841231926,0.018695768010079775,0.058201605961469643,0.010157372922506153,0.06033585027035093,0.028582286033416122,0.06151818731874067,0.008208670015086225,0.060844322510228706,0.03895506895650705
2010-04-07,0.043078065830167975,0.016211570738680188,0.0239717945529278,0.00995822621392017,0.025217420635464526,0.027662491555148824,0.02633226484448923,0.007078768821575543,0.02786507793895845,0.04470664364728465
2010-05-06,-0.04412780381581699,0.010297617038243303,-0.036993282223343804,0.00820250082416999,-0.036265713020645914,0.008769962454642163,-0.035655611629706166,0.009269382767642203,-0.03655861996224493,0.0375552103066505
2010-06-07,-0.07430928363279295,0.013502267667680942,-0.04598596505283615,0.021603957601987838,-0.0465125105574337,0.03503230299177246,-0.046469724686277504,0.058334380698556544,-0.05044788307959844,0.06183809674761553
2010-07-07,0.010602542860766988,0.013315237047412424,0.025412216981035702,0.02653124245620039,0.019484554332006916,0.024721281586807663,0.01656527469435956,0.008002141333867993,0.025223191452109994,0.04400338609505808
2010-08-05,0.07937259917440523,0.013171541901368534,0.04901074483461418,0.01705138623389446,0.04887368180217156,0.011281062684882711,0.04938425102626279,0.01261330372167939,0.05374164992805412,0.0254150874631925
2010-09-03,-0.008870201394184719,0.013166650286402001,0.01095813847548354,0.013622734528435394,0.012890206400792168,0.0263603987337406,0.014992718409008109,0.01024706539361115,0.011083545354282843,0.009208295746531474
2010-10-05,0.059650567613967996,0.012135289509750864,0.03742468476906096,0.011525411830863135,0.03892798175166036,0.013839264588297234,0.040418425004926914,0.008917237340710898,0.03782221294276005,0.01011191688899319
2010-11-03,0.04255573351750002,0.009541776478446572,0.03137847084289149,0.015117387555974518,0.032792356083180804,0.007915522354308958,0.035372368746695304,0.0075978461465100525,0.029881293576406585,0.005979793535870782
2010-12-03,0.044901651551712995,0.010854365866673696,0.00517613687537959,0.017638055465018586,0.007195613305781007,0.009222397567059303,0.01027390275133066,0.008772075254075362,0.007219732808142488,0.03792696097447597
2011-01-04,0.031210156029224428,0.017086939977335326,0.016885958142465213,0.04053109181565029,0.01624110654420224,0.039639874623246064,0.014572478855038705,0.013838972694304272,0.015972287013174814,0.08670059079947179
2011-02-03,0.021615722446619953,0.010917290999961098,-0.002678163523087082,0.05602250963415425,-0.003959313025592637,0.05244666868434782,-0.003787984511823095,0.07256972390850011,0.0009549329635268097,0.11488731661743058
2011-03-07,0.004992172686426521,0.013362483608581114,0.023666809391272456,0.008249206987010994,0.023391494333233027,0.04500226351048901,0.022650045042176607,0.019270572544468824,0.023251360869035675,0.05427112233680147
2011-04-05,0.038064212151756954,0.01082621009237609,0.031167934830557204,0.08543698939759768,0.031987685986813674,0.08518222118481078,0.03229205780534976,0.0688142555399073,0.02774862421327175,0.14165789762952702
2011-05-05,-0.005118284786552212,0.009223054298206567,0.030825684737395113,0.010875461185606141,0.03123701606718477,0.005421398161390638,0.03108515159285689,0.005317584006754861,0.022710197649538074,0.006912427407804241
2011-06-06,-0.03523390698586487,0.017557348578609196,-0.005229864601637038,0.007436775550975525,-0.00633638926245265,0.0067372258294826695,-0.006060519405032202,0.006824460992911792,-0.00929173488695485,0.009065677583141984
2011-07-06,0.054116128056866095,0.010327883819232279,0.037773423868195044,0.004856963616403743,0.038518876973566415,0.0045068740646843145,0.040662568992380486,0.005127144799644143,0.039626412247364275,0.00691785019792616
2011-08-04,-0.12275383682822319,0.00793612734054764,-0.07807263594352237,0.013552474613491405,-0.0788846454144783,0.0074260910615606135,-0.07966844640227917,0.00831638273286539,-0.08290095360810722,0.00739916322632889
2011-09-02,-0.01754142215100421,0.02176263985134798,0.02722181732931116,0.018131610411873514,0.026357834564108732,0.01762299943746958,0.02490702485691715,0.010428915743705726,0.01806618283830802,0.012581093144336114
2011-10-04,-0.06556601004360273,0.015058775235324161,-0.02837424043821462,0.00828027372206364,-0.028426903540789486,0.0278312533046455,-0.02787251122498404,0.004279379905680926,-0.028778717682826967,0.007631937371351351
2011-11-02,0.12422313470108777,0.025253082918601386,0.05950833231142159,0.007700760958262077,0.05911440012826581,0.08016819909621548,0.06049238777892867,0.010621408802544311,0.061644625525210585,0.005297302686023537
2011-12-02,0.006939602478749074,0.02137614775350495,0.023064897027017937,0.011860687717113367,0.02246137851258717,0.009066383387101626,0.024994992014376122,0.011863821640461101,0.023006200481624512,0.008435222815556961
2012-01-04,0.018599453279642804,0.009708216588792385,0.030363141320091585,0.0076802439463336545,0.0292939772038067,0.022780514494192047,0.03052677062907563,0.00796134909850544,0.0367687766147761,0.008561073460218959
2012-02-03,0.06950633467716964,0.00930071235822797,0.01826642452623105,0.005739893336530643,0.021296794409176582,0.006169696962273943,0.024341463225727854,0.005800833382842527,0.026005246722024557,0.005952764324889398
2012-03-06,-0.02364315818584858,0.018861869525014528,0.01331914093030031,0.011793585196740978,0.013971897322010998,0.014044481781869893,0.013673253644572156,0.013945262720707126,0.007588144303101186,0.013384604706333993
2012-04-04,0.03688026882421897,0.01896915087267805,0.04364584876216326,0.015240701852001931,0.04503359006324743,0.03130906165864125,0.045711796709195035,0.014675384056054147,0.046599350622863446,0.014791879090727045
2012-05-04,-0.01957158898316093,0.010074598489574546,-0.0030056579551574307,0.0071089061829779,-0.0023238848285598206,0.006306375547761679,-0.0030739008544435347,0.0060176958868732935,-0.005018292958104141,0.005709386474104968
2012-06-05,-0.06964292547487148,0.011052119065370548,-0.03584625641336823,0.009985801169491876,-0.035351763925999466,0.006700012159616582,-0.04041476177267545,0.006356015699212618,-0.042245489896552725,0.005974968706223819
2012-07-05,0.06315938505945475,0.014531956126432266,0.05806395447904719,0.013707293055861804,0.06028060675203073,0.01972163681740441,0.05796470892089159,0.010483488873755754,0.06305564954677229,0.009475849763022449
2012-08-03,-0.00396897333701145,0.011274680205496964,0.016600462667814186,0.022401291790032186,0.017850523869755223,0.011239609341292634,0.012140880747726644,0.012253286049736925,0.012059248600954633,0.012350071816666301
2012-09-04,0.01612249133758048,0.013900630911332802,0.0007246185657053494,0.016089847307975132,0.006038796483616703,0.007489689025986502,0.006420170091235434,0.00826379738347783,-0.00011074734229673166,0.008441898456242547
2012-10-03,0.034971813606105684,0.011257832585040695,0.023258518114766917,0.019286885527722123,0.022971966017086964,0.008939185657355072,0.02357775733876944,0.007609570745518664,0.031117598495327557,0.0070663035216766605
2012-11-05,0.004226935634009031,0.011233769477060097,-0.024820238589863267,0.006403891595678784,-0.024216878078270193,0.005675822140921976,-0.023277251893503135,0.005759106045585209,-0.027165176672664573,0.009716159819675886
2012-12-05,-0.0019555505200168667,0.017655821697246915,0.013663310981237893,0.011940627261136275,0.014520717237442768,0.009227491197896558,0.013351110451364192,0.007468626762350654,0.013061736075811492,0.0068417232995897385
2013-01-07,0.054928604967929416,0.008638776397765032,0.011622795067395284,0.012484734169362533,0.011144865420872134,0.0055045298998753975,0.016495861870326325,0.0061056254845736,0.02094337784671458,0.006279129441226506
2013-02-06,0.03169226618281028,0.013710249556774915,0.045860796129568365,0.010211588296641405,0.04598687299826088,0.007477123755257411,0.04415876746920541,0.009933737695340464,0.04280309260036017,0.009881140014234678
2013-03-08,0.027552660416327607,0.012750106978024882,0.039191320993728504,0.02272068497007373,0.03871186641534044,0.010071349387212724,0.039807093182220234,0.006651832967628203,0.043450187600961254,0.005909485883025023
2013-04-09,0.0071963050254506,0.011445725296044028,0.03515346710826611,0.009193852614272293,0.03334846316814528,0.006095719732805902,0.03039574960284141,0.0054349745622979395,0.026960056556542468,0.006023612247848974
2013-05-08,0.04253851753068746,0.01239173458059618,0.030026209726801232,0.021494771928279727,0.0321019945512604,0.0051430171057366796,0.033375541993899,0.005591164618875065,0.032878532860802244,0.007563982176921421
2013-06-07,0.0019201058056628705,0.009591522239953482,-0.005962376218975522,0.007883612336360379,-0.0021508194171752882,0.005992286199542247,0.0008617514548466335,0.004516428960536785,0.0044607356468150386,0.0042035694211027454
2013-07-09,0.005344847649073962,0.011253236348859032,0.006699776392942526,0.005479176793920187,0.007615540183523568,0.007431552995478062,0.007711764339607779,0.006732255970993438,0.00549795639867379,0.007973080723086275
2013-08-07,0.02776425940761019,0.012496394171214082,0.02248239954332695,0.02205787137369255,0.02165365132950272,0.003964538270764945,0.019896410404758227,0.004021038378353117,0.02102018702513813,0.002769354151729635
2013-09-06,-0.008476866127456585,0.008110505926651235,-0.035475464686390686,0.02823878947895012,-0.03504575474660288,0.00802297611702521,-0.03238075672740017,0.008161744477063512,-0.032423961115711435,0.007963063028741314
2013-10-07,0.024904649791960647,0.01340425762637593,0.01379765212812364,0.06469674239620646,0.014031651093649974,0.06716214261230119,0.013941970855315363,0.005051349702836751,0.014913879913999457,0.0772347973391693
2013-11-05,0.061545532773972005,0.007690949814573467,0.058646087841730754,0.1733625968371978,0.05870670300671134,0.17998765884917786,0.059605155051786415,0.19585810520152458,0.06235668750454381,0.15338456194902655
2013-12-05,0.004268374291670563,0.008510904130265638,-0.0011573625730848308,0.16838874680134058,-0.002453274000575716,0.12239281192594692,-0.00029287845690717735,0.1476086858005509,-0.0010512142700521549,0.2703047010152853
2014-01-07,0.03307869834533671,0.009841742473772777,0.01796370338405686,0.10412988116313013,0.0170269976948271,0.15198272239444316,0.017772793620984433,0.22420147467334278,0.01447493658715336,0.47227246486060614
2014-02-06,-0.039350481235671184,0.009659031563899939,-0.03743105408388132,0.19707299493749636,-0.04191202730875484,0.13834548625831913,-0.03455461755737047,0.12063641380414553,-0.03876728127866938,0.20791805269196445
2014-03-10,0.06454747086116812,0.011131515504322002,0.06323509230124677,0.06799416929518252,0.0638418616021495,0.21991533912396366,0.06355450465588962,0.1845467860999357,0.051284493470887316,0.1188709617854782
2014-04-08,-0.011163352149331361,0.007849838845906502,-0.015911826328681277,0.11478159371859227,-0.012549098746609326,0.31585795737017397,-0.013241627601198073,0.26037624104624946,-0.0022906623940165266,0.09955477811439398
2014-05-08,0.006606477964643774,0.013718557030785769,0.012377175219876689,0.1851129723013959,0.00920570428214627,0.2631343550296884,0.009432429555684432,0.17442580141672043,0.024079614942182716,0.19319994061215284
2014-06-09,0.04066738838513707,0.010946496604152912,0.03027314530013113,0.21638613708242896,0.03061090853713804,0.20724189944094085,0.030676823304789616,0.1894659932823884,0.03747010801664384,0.08241663271725391
2014-07-09,0.012134184915930627,0.007539913208039126,0.020898081927089408,0.13046870505585323,0.017918690175079185,0.14240177862645786,0.021025744392745883,0.0498556380804316,0.018606356436051772,0.05080825518480146
2014-08-07,-0.03814662497421066,0.010749250088631273,-0.03825749030470049,0.04863702460966641,-0.03868295790519122,0.20312462942878307,-0.0389910755427487,0.05376920241815092,-0.03350970796695627,0.03941040028629928
2014-09-08,0.04606162755921536,0.008312490142023128,0.04451036574847931,0.16586413876764589,0.04297372565121432,0.15271692716650936,0.041195241816903753,0.1318232528568259,0.046716357735501035,0.1155996724790415
2014-10-07,-0.05223418622382035,0.010331854278888206,-0.010470226646216642,0.10515718425605569,-0.011813528889408068,0.05118192148928802,-0.009011816323815404,0.018396895490193237,-0.00920859002762864,0.026666669418752495
2014-11-05,0.04537708227148499,0.017427541735022152,0.05585368596611571,0.24084626543965526,0.05985162873128705,0.15465711906589802,0.05690705566282708,0.1550935802483201,0.05681958436517645,0.15865516976451788
2014-12-05,0.023275064030460934,0.012455373339537067,0.020176327187055657,0.15527299506555436,0.02026072124952534,0.07087893259609507,0.020275777162874296,0.05582301924691781,0.02402562066785047,0.010470811248659175
2015-01-07,-0.03207538727965527,0.013073762545851329,-0.005310681214008074,0.14377316029151646,-0.0053106812140080745,0.1437731602915175,-0.007137377109210205,0.19262800843861982,-0.012691888304144633,0.1055686753644262
2015-02-06,0.024241964705535027,0.012002315115274153,0.012761168045671182,0.20166563632905898,0.011531894690020032,0.20166563632905896,0.010410126178402515,0.1987798012873708,0.008924642827966303,0.10337145237752875
2015-03-10,-0.007988529759076697,0.009675992959407322,-0.010737003827407072,0.11513071767467761,-0.009525723318107028,0.12098222996409667,-0.011933956183673367,0.11606168056348541,-2.7581886888232876e-5,0.10595907528965681
2015-04-09,0.028055576724686053,0.012781738154004865,0.029573095882101247,0.09341709875007735,0.02970061936290327,0.12693185510446114,0.029707330855709892,0.12022036229828163,0.027628561597167662,0.009992284406772863
2015-05-08,0.011070696988481643,0.007389260983624864,0.002125143858453492,0.007763012772201021,0.0014521313794651387,0.005679161871618266,0.0014521313794671365,0.005679161871619029,0.005736856178733338,0.005571703254638773
2015-06-09,-0.021276415166842845,0.0115291847888391,-0.026625459765910423,0.09134727044553213,-0.02575038788909473,0.056620700511772024,-0.02488422225495045,0.0073488763131397475,-0.01730621387786989,0.00883661086424465
2015-07-09,-0.026866179095009803,0.013045558587976042,0.014218951721791774,0.14967627598505429,0.014611374133131117,0.10417854319051309,0.01463411127268367,0.0533390552578272,0.014320857239614867,0.007068241510845917
2015-08-07,-0.012773131608875922,0.01960088824968288,0.031579780006811296,0.05524012246769133,0.029939693032531387,0.019309627647647654,0.03081663159442498,0.022986354545077296,0.032722200373402024,0.0040371426841414315
2015-09-08,-0.03364510740960841,0.024244555940353782,-0.0471614062466932,0.08258998393486026,-0.04694766094704422,0.1394185502921499,-0.0490470970842018,0.039401885884753844,-0.048149954112879575,0.010287529556663552
2015-10-07,0.006587996302768606,0.01222452879059431,0.027804989873917513,0.08924765789345812,0.027793476074784513,0.10076145702645863,0.027887219106211683,0.007018425599288704,0.019320621393867473,0.005797267968126914
2015-11-05,0.025711556780087377,0.013862888345292064,0.026147348779800236,0.11018056395767745,0.026106296299975792,0.11018056395767678,0.02646130138825636,0.11018056395767681,0.03774986048721187,0.015387591810613568
2015-12-07,-0.02519937746227053,0.016038516050594413,-0.003178650282899706,0.014289480591731263,-0.003117087139413835,0.013401468100251682,-0.00374280244551125,0.022400494259021724,0.005213790967668531,0.0053806731404530544
2016-01-07,-0.06423955302583473,0.016098452973455954,-0.02642884558102064,0.10221170487321968,-0.027459187770905804,0.016815352095380535,-0.026047921858072507,0.01655655239144148,-0.036419761745865024,0.004730133621007319
2016-02-08,-0.03319832840273077,0.01481116257199273,8.059730794223924e-5,0.10673663770017022,0.0001771347421465499,0.010199203495637507,0.0007837854889838293,0.00974742658522142,-0.02057146305688255,0.008032027062491828
2016-03-09,0.10448138811069482,0.023295460594009183,0.06203408387927504,0.02793244720852401,0.062266953869366384,0.020647529813163285,0.061338613040954414,0.08284125947925294,0.06287242464190264,0.01844590022385415
2016-04-08,0.033341186008349365,0.016735977731978813,0.031524886524147526,0.013717250927585823,0.03181257566769482,0.009983583654429383,0.030957541537906058,0.022969139963717577,0.038613579898343846,0.009054420231533841
2016-05-09,0.01234845586581682,0.006871191300018155,0.00794318092523353,0.005439670243321375,0.007734347665625132,0.004532369372876099,0.00941891877642177,0.03253903452570111,0.005161571936268951,0.006385041550848403
2016-06-08,0.03669263643667106,0.01054305825512709,0.012416348465087598,0.010013828351255513,0.013220822385337018,0.023283204189026716,0.014075495120506869,0.0042550859811258035,0.010259619863750902,0.004145317095027072
2016-07-08,0.008671066840361069,0.012325140868181105,0.039592876761411676,0.09648261913728762,0.03575172344898262,0.007618382040514948,0.03816465322167121,0.005781005261460647,0.030776167355892194,0.007458511523480607
2016-08-08,0.02834936508625147,0.013681245860149079,-0.010424818989948693,0.004070221454166932,-0.009068028303860406,0.017576835653140874,-0.009903494763010114,0.004679909128891776,-0.003881609698674389,0.0060512411072368155
2016-09-07,0.007476307704878129,0.014755828035160193,0.004082683171759927,0.06745455185335146,0.004344027134701957,0.02394567118700714,0.0028091293193702373,0.04830886626475975,0.0025378223112264417,0.010164812352512466
2016-10-06,-0.01336998093719978,0.007433142700699027,-0.024055182647630083,0.1231209197120207,-0.026956700367888616,0.12419702682393075,-0.025390620624510814,0.049801793056142254,-0.02513373577583814,0.5755541230932164
2016-11-04,-0.03852261593767349,0.01340895416758604,-0.021781559945225897,0.19674801909207973,-0.02019102195587537,0.13035062366913197,-0.02257374534946342,0.1471931471168461,-0.028828150200689615,0.13868459203335215
2016-12-06,0.09369012962548938,0.016361390877370718,0.007747819332707914,0.23433202020533306,0.01902326240994855,0.24355752845618472,0.007977901564463425,0.16343442494926608,0.06025136349217285,0.17097164919711072
2017-01-06,0.013377157305758582,0.02799135904244327,0.032988121254061455,0.27588342056585896,0.027295940858070765,0.1787254476433916,0.027963560734612678,0.17192621198372246,0.0236026777130103,0.369045374093857
2017-02-07,0.011480577478974264,0.012096536290728481,0.008466773453883513,0.20927158771995097,0.009437007409130727,0.10882984361165704,0.010728389053032071,0.17775396901599286,0.029023597090280826,0.03456978886037503
2017-03-09,0.012940567719194971,0.010917156796321454,0.027082604842080374,0.40015365715749707,0.03409939871336186,0.19330391267037528,0.028889037745155756,0.2992280964705051,0.020229189098538353,0.14972807415234007
2017-04-07,0.009247049705958186,0.015292735169816012,0.013005113465722522,0.207299702555293,0.01042145808244857,0.0048855916901795245,0.01268598016648091,0.11021078439845049,0.002673757997386526,0.08435845275037887
2017-05-09,0.010946759907806304,0.009347754695463832,0.007000941804522376,0.009344116508657956,0.00819410317110076,0.007009033862907706,0.0077951309873206896,0.09669963947186164,0.008250741402305107,0.02171690716066299
2017-06-08,0.017039404409640767,0.015126879750060494,0.023687980355074623,0.18040525329394694,0.021905237813492386,0.16213031826164348,0.025571562396853657,0.23166650210437506,0.026151852933956797,0.0738608402688714
2017-07-10,-0.000828626812309955,0.010083009779741227,-0.0171030243350323,0.10764092159009987,-0.0180358634355021,0.16212540962465893,-0.019471757880037625,0.1890185408730478,-0.01547293507405909,0.1532157610455223
2017-08-08,0.015080960624061338,0.012449179499104186,0.013411064484997614,0.0756683804712508,0.009559231260250387,0.051155194587418545,0.005168759871430516,0.148561019982498,0.011825924536888145,0.09305890267062797
2017-09-07,-0.0011819831959857014,0.012267533078678764,0.0006607684030792325,0.05943950074453379,0.0017307123847698132,0.08665249245124834,0.0008169795326160175,0.1578229191859086,-0.00474572998008814,0.04818059166998549
2017-10-06,0.04000575330265703,0.008992446852886953,0.006115805839152397,0.07206797983093885,0.004737023884532631,0.08428583485968792,0.0014352972632937393,0.14659844934659608,0.028603877791990535,0.0565632024581094
2017-11-06,0.006615518102812846,0.015090853554621666,-0.012116375562602042,0.17738500948839347,0.002187538931453827,0.12319861200140525,0.0049700381234761655,0.13723239614095892,0.004809315083249302,0.04161210735634496
2017-12-06,0.03459176846653089,0.01493716531486421,0.048277409646983,0.24421386069363524,0.05162597286267991,0.11047680395979562,0.05151212341806945,0.0566146085184513,0.03626242331952028,0.027323300273058973
2018-01-08,0.05620391411140772,0.016897603257701208,0.018798260434589473,0.07961754030734378,0.017832999563522123,0.0638204780997282,0.011833720284221099,0.13499504382811914,0.045134689090507996,0.17979582963656313
2018-02-07,-0.03455426948845259,0.017379359022858414,-0.02857001125249842,0.21119472224023983,-0.02582176367595695,0.06555266175383997,-0.030640888134778322,0.041343198630849176,-0.024731564673784383,0.15227896827666898
2018-03-09,0.03421177903957083,0.016680177254550493,0.019740835434900836,0.22074660055533687,0.02249182172680071,0.05443694356148613,0.019812823132959383,0.02958326823900341,0.03825262224570348,0.04083626922734087
2018-04-10,-0.03461801986567445,0.01568887071576268,-0.02551717723093859,0.03629959253691041,-0.02790823471433963,0.05063691482882547,-0.02468907594036489,0.22156977478575773,-0.03730431576604434,0.06316532866281625
2018-05-09,-0.007426101861415705,0.01198258288162346,-0.028304150396856312,0.06600572033312097,-0.029571735374242153,0.1312561673909322,-0.0342159061738155,0.1950234194893718,-0.018634574209561022,0.06890826021196826
2018-06-08,0.0399916958038069,0.020332061051234928,0.029971362368674884,0.13071396556811635,0.027836439976393956,0.18497806491546553,0.03100739761388346,0.1920366855646989,0.028457790445668173,0.08617824460247787
2018-07-10,0.005175470367468422,0.011320841790712428,0.021055910870794337,0.22661383804828478,0.02085710882589464,0.1671024966118979,0.02304082629801554,0.06473769421197907,0.015573892972616065,0.008656172109390244
2018-08-08,0.0015373083336313379,0.014947111603846597,0.012535836394425562,0.22737962952768848,0.014323762552002666,0.056011262057194394,0.010843663074753719,0.06345000176953675,0.01690455896502912,0.01564360971235281
2018-09-07,-0.0038572167334192434,0.014708136489104781,0.018176654124539907,0.043375511448990926,0.01837973558648552,0.14020319174958,0.014175049913269197,0.033125006344039656,0.009461639575213808,0.006068639593771498
2018-10-08,-0.004915925045261181,0.012569073311828405,0.002631620631424526,0.2244320439632734,-0.0014971752686352316,0.16230209546707097,-0.0017516427245377482,0.0874739376634943,0.01202982295968356,0.004718820065824955
2018-11-06,-0.03884747170047869,0.012883723466024127,0.008371663715158368,0.04628647819330819,0.00165648971092526,0.018610572741093196,0.008394487742244234,0.08876040310805071,-0.027147077267507258,0.017266585632892545
2018-12-07,-0.05526804009377508,0.019368196316669074,-0.016193021595325034,0.055833071326552706,-0.016878191572301977,0.13701096559715858,-0.018485458535410188,0.1631622845306341,-0.05932467091171441,0.01800101067113276
2019-01-09,-0.009367373111457123,0.017350840240615846,-0.038686589023800254,0.054585536207261885,-0.04152386077408205,0.15464523326198412,-0.03878757744211727,0.02371013692239,-0.04200307845942476,0.021117761964908735
2019-02-08,0.04956728067631623,0.014312174407493565,0.051916024495779825,0.04807892837620047,0.05320136445884234,0.06751399800745841,0.05099312658188288,0.034038103841217665,0.0794378874132045,0.015447775853789827
2019-03-12,0.028664618482208776,0.012541644887315389,0.023307827444481247,0.039570766011785344,0.021713529597799222,0.052735954197344656,0.035614710669668606,0.06700850721551108,0.02724810465951636,0.011229556501755056
2019-04-10,0.028839854849833355,0.011157898377536057,0.034415003378876693,0.01353664152338109,0.03723961246297802,0.011779882593935342,0.03512623989376798,0.01515184342635005,0.025159122042367598,0.022133332462247933
2019-05-10,-0.004890265356519271,0.00959258783162711,0.023085536892256786,0.011854909460651793,0.0201391825494062,0.007562077590526099,0.009626776145498351,0.010078174729965795,-0.0014263383567604813,0.011186852025224327
2019-06-11,-0.009032716271867084,0.015318465556360907,0.0180655209756439,0.013859004314441946,0.020658498933156192,0.012397866099740133,0.016478908199543865,0.013433036894304824,-0.011844560451764054,0.01048504816034905
2019-07-11,0.0286965221364251,0.013816242893701421,0.028597934023578093,0.011624350937306472,0.026598091767113013,0.011550112156607168,0.02932259958791161,0.041113513643112484,0.021877078632392463,0.00971529995369913
2019-08-09,-0.03981002945055806,0.008833627281267874,-0.008346792312332369,0.01758520127503368,-0.006317030840689117,0.0072284185983349375,-0.007876027983031874,0.007877123437294098,-0.01888178346845164,0.007806960882252523
2019-09-10,0.030294741965497432,0.017348431591830946,0.021712380676785194,0.013634774100623817,0.02339943265601321,0.04613765285174897,0.01540625534082304,0.03592563765911477,0.0242037526286792,0.005029222883855496
2019-10-09,-0.03157274803778581,0.01320261650610927,-0.007391549248442994,0.020219885066849654,-0.006302249305650693,0.05980764416922545,-0.004863486344727933,0.02642773648325142,-0.009291412027980972,0.01742105187093697
2019-11-07,0.06347786838091464,0.014288256307986075,0.00715243522559424,0.021970787404106747,0.005668937379122714,0.07716667227992036,0.001380804044225207,0.009539951046174291,0.05770608288485415,0.009084341537437923
2019-12-09,0.01164198817290437,0.02290142437225784,0.020962348078895576,0.022204593789042944,0.02381817820993937,0.03220841956163633,0.02793969027113684,0.027236262504019157,0.02822026330648085,0.02052994351710289
2020-01-09,0.02510348236562045,0.013196875419545255,0.022890175357981626,0.008823714548942489,0.022067701243054613,0.0056904669087506285,0.025919215303243755,0.007080793861861109,0.03133221818479194,0.010803572946016554
2020-02-10,0.00584980173248587,0.014172263856993916,0.027828512958398915,0.01780167196976848,0.026716075973663413,0.025443960309032176,0.020920658237861982,0.08759747506010371,0.014878496116608282,0.012303178410182025
2020-03-11,-0.2040682396036681,0.018807548379972044,-0.1529467356068925,0.018777300059683144,-0.15423064740503184,0.051586158767154756,-0.15147316572575154,0.015315973392107649,-0.1899286192080999,0.01165139130999003
2020-04-09,-0.002940166828784601,0.0345117340073526,0.007881456797602006,0.06649489226039283,0.012858171025786937,0.09249775026317514,0.01965780715965319,0.08952918453815865,0.004212689257454028,0.7
2020-05-11,0.03420669727915119,0.019073371270682964,0.023503989715517586,0.3427583800366173,0.013732688294723662,0.20114199499529006,0.02437124816499763,0.3560628351888077,0.05551970992260562,0.3987565866333131
2020-06-10,0.1280246897281374,0.026685202815006172,0.07006237894679565,0.034207958840816115,0.06319525782161449,0.12399820245602564,0.06442911875469103,0.02361484469749292,0.07669080049837437,0.12234255856794343
2020-07-10,-0.028279367137144695,0.0228275040532017,-0.0002013203033687796,0.055456951920940446,0.004871308427383096,0.02040043069600572,0.010653061681709484,0.011556586657915119,0.015421795180168679,0.16846611150183652
2020-08-10,0.08856027448161302,0.03192878217722772,0.05630474488942805,0.029774761088455465,0.05431001867963233,0.02207637247878465,0.04999945296423272,0.08704001442924487,0.0766369663680941,0.1265610386145657
2020-09-09,0.011372157860444852,0.020718142113487634,0.011907570384719646,0.013564935423514947,0.009507496468692084,0.010264652831942441,0.017986090740185538,0.011454949090490024,0.011023212579945013,0.020482148300499593
2020-10-08,0.040636893828574806,0.016235429867640584,0.015585555783988557,0.017470522524444265,0.020523699963764956,0.0158165687720934,0.0075408428202477715,0.07287310045681725,0.02031103304519587,0.04609585447702419
2020-11-06,0.0016527664881529935,0.016044605995299183,0.005696709210263411,0.0569139260568075,0.01099484128482811,0.037723895693759,0.01018171439320322,0.07527571307467641,0.012692113751834459,0.045557498609656695
2020-12-08,0.12382909444035058,0.01554873906788313,0.051962493069617886,0.052749797741814625,0.04382014184089871,0.07374974576352697,0.06060497517226057,0.06230157373846337,0.07130207881111772,0.06482577998478964
2021-01-08,0.05323239493116306,0.03510521264482077,0.026057892968799765,0.0973925144167867,0.029536867473673845,0.0939662139162739,0.03163981266683758,0.12577462542950435,0.04377267930441356,0.19133314819372377
2021-02-09,0.02753092999778313,0.02024426090756066,0.012058195086144965,0.053613570212671435,0.00965646775962528,0.1028071932268363,0.006954086949262105,0.05879221399166641,0.03307564230348709,0.03212078936492482
2021-03-11,0.0428537918289548,0.01572510461541569,0.002913139541217036,0.04124518841102097,0.0006004024409972619,0.0844590536156253,-0.0016275688282335631,0.06537054201394497,0.026331260435810855,0.03072134483866749
2021-04-12,0.023573119489542573,0.027613524171218783,0.02558564661019324,0.08454587552598378,0.03563967040018806,0.16505529966054477,0.030620142858769513,0.1179115179086908,0.016568192258142232,0.08324012270197746
2021-05-11,0.032800145577045914,0.019073445289175678,0.014836086463245506,0.06319258178423823,0.02964304069855459,0.13553630199793976,0.03135034530584854,0.08536242147164147,0.02945769049828626,0.17068651279496883
2021-06-10,0.009087378761528988,0.022532663679685226,0.006582080653162142,0.07473066165629205,0.003811311921863619,0.06170337485872981,0.007928388952202044,0.06979315344402383,0.003739342765078571,0.12830377062313686
2021-07-12,0.01108318478399932,0.015969875556257864,0.018119893403273437,0.11218337970767295,0.007673515893945649,0.1332644205306977,0.00848616640832222,0.06735631159249963,0.009239346336224651,0.035086292988473544
2021-08-10,0.012459679752963825,0.0160527950744178,0.0034118169496211996,0.061770219037443286,0.010017112293400998,0.08595017516640507,0.006202056058844043,0.15115610104211302,0.00719988012669783,0.06615977691302523
2021-09-09,0.006560651313709076,0.012105205338353573,0.008629015663817623,0.07036674438971129,0.007149042919873043,0.05566922545032379,0.008037074949797092,0.09342662756785428,-0.004694359643307649,0.09016796355508157
2021-10-08,-0.006936188327679973,0.018891524346666626,-0.031240386550989627,0.0656777106267401,-0.03357763268624708,0.05390156314516727,-0.0360031354165874,0.05528675947864086,-0.02167645468115033,0.10240696909115474
2021-11-08,0.06426192002380085,0.02103976565768271,0.05163725991867966,0.053455196325126464,0.05815432521879101,0.07850319422789892,0.05391337343612164,0.0903833955124138,0.0606129082584349,0.0296524135047288
2021-12-08,-0.020329574289620695,0.027100264206843073,-0.015224777050231347,0.04025074788455646,-0.003744697600050328,0.08766683879365353,-0.01430397185060955,0.08897654702371827,-0.012708445434075734,0.01685553458269619
2022-01-07,0.011571404676354025,0.015412148692782861,0.019994229262687218,0.1006909886477525,0.02183149732713719,0.14131608740552337,0.020519759198433615,0.12457206468742464,0.013831983685403212,0.08554262372702251
2022-02-08,-0.03220776258485248,0.023064052293806984,-0.032905625210692666,0.045514913865218755,-0.028503209883329907,0.05549822943598262,-0.028788316649019863,0.08582774427938696,-0.02901511883424944,0.03291657696367925
2022-03-10,-0.015417059091923124,0.020846984104295127,-0.049108763335753466,0.02350382331965853,-0.029108756933349383,0.04272903208449362,-0.05080040677676546,0.02536086636674069,-0.021393205443824673,0.029419777731247362
2022-04-08,0.03660789172454284,0.03958780303157572,0.07297972358789753,0.13573082344772475,0.07101911398100699,0.06562818014036512,0.0685860000656524,0.10010715518783368,0.052465453093681905,0.03403573787740296
2022-05-10,-0.0912765351338141,0.019154707785723882,-0.09357704271918135,0.05740486886354436,-0.09490620258001585,0.06214789735330792,-0.09666751477029253,0.04087366914249261,-0.11738663440685379,0.048716694610240606
2022-06-09,0.021551657991292862,0.03393773675244,-0.006464349849812447,0.06247645051113055,-0.0074196610684424055,0.06988865193893026,-0.006191153154884174,0.04485278843980562,-0.005749174293349426,0.06017990331164338
2022-07-12,-0.07353635521234038,0.01953241077991583,-0.021343542566134865,0.0522918253094786,-0.031170604596607168,0.07658015376435301,-0.012936522408787536,0.10975615077393552,-0.04679576790368487,0.03366063478513865
2022-08-10,0.11147101859814607,0.027269198246968405,0.06375645984842683,0.06172427234084565,0.06118912864072429,0.08073842748917712,0.06056672425921483,0.10589761456791648,0.08813819199886733,0.04177066474594454
2022-09-09,-0.021451682699830613,0.023520072129305663,-0.014179535062281168,0.09061276238694393,-0.016337153647255645,0.05517056430105616,-0.028737252937269964,0.03964558623563913,-0.02487886416162757,0.025920404105453466
2022-10-10,-0.10431744778679047,0.013080385488923827,-0.10211096741840381,0.04695430896911178,-0.09659583289551255,0.051295791319017514,-0.09788161475541553,0.014284257431175628,-0.09706833952452615,0.01266016323237559
2022-11-08,0.07756666750974164,0.022281341063165833,0.06553173360864392,0.109032327461423,0.06515805045730082,0.0399494796752463,0.061625727350020636,0.10372006293951998,0.06799622974628873,0.059206961884424134
2022-12-08,0.041504217747223425,0.01923752551983447,0.050947882697595745,0.05110042375179621,0.05455807299473058,0.056222078243855715,0.050695607915678655,0.18291770533647866,0.05342327129112341,0.037129085389043144
2023-01-10,0.008038355326522138,0.01604495472335061,-0.006026619828507321,0.030781754350609404,0.004715096236199742,0.07003314971472428,-0.0005685640428566939,0.09956895692668101,0.009943684711797844,0.01896505785537627
2023-02-09,0.037803563752286634,0.018987280233890905,-0.021282520157484552,0.06406988751650462,-0.029140383614159025,0.02862337182693826,-0.014182700054983576,0.12246218275603202,0.008048965480670363,0.06493558208164266
2023-03-13,-0.059049258452792276,0.027205284626390092,-0.0277039678876015,0.06601309871274727,-0.024786335345465572,0.06266714933887116,-0.025152136415298832,0.04408095130397028,-0.06126170791920397,0.08154919818729246
2023-04-12,0.042212389249904766,0.018880328958151563,0.05750384379781806,0.04738127450928728,0.06028010787886185,0.06433051310883058,0.05667032906886217,0.15821813585324693,0.06102593822276634,0.07061751367322947
2023-05-11,-0.00527267014429552,0.012132736399737717,0.022609149251113677,0.08898508895527801,0.008928312190655558,0.04759622663756358,0.024499061019079678,0.02890420598127603,0.0015438281588348705,0.016502918026173017
2023-06-12,0.03649793900218965,0.015886730611166532,-0.016189790689126286,0.11675993930525935,-0.020680086280822633,0.11214740924137298,-0.0144100403371617,0.1191820475630605,0.02419720925667225,0.018453457535801902
2023-07-13,0.05629767848200733,0.026559497627157022,0.03065342536769318,0.08782620241302957,0.029686057289461214,0.08356733189113899,0.027757724720564182,0.12481656406489729,0.046250397404385614,0.031290594165863286
2023-08-11,-0.007155119601545296,0.013939061109186569,0.002430084421354885,0.03608486272084036,-0.0029811438193963627,0.04477107423490965,0.008251483223677868,0.04061954123223524,0.011709989874434792,0.03795320190284902
2023-09-12,-0.015609387619884502,0.017927966685644055,-0.01897292047029406,0.04544457820285484,-0.023239222795819293,0.06307861569247941,-0.018989826805762933,0.014991794784745783,-0.02500672270671845,0.029219903059158413
2023-10-11,-0.027442798867014947,0.01315412960911432,-0.05559196261817539,0.048170976359614696,-0.05327094941603648,0.04891750268141768,-0.05387613905411073,0.09100383942931214,-0.051552314344379756,0.02864373456164906
2023-11-09,-0.016153693720993543,0.01495509518737388,-0.0028706818274742444,0.030505775973024556,-0.007280844119564546,0.0315013092212616,-0.0013153605603511127,0.02729456481412168,-4.7800941377116826e-5,0.04306470340641294
2023-12-11,0.07962304727288838,0.02120300511931699,0.045997037564058554,0.08619218916198804,0.04733013106772271,0.10494386337051637,0.04367055908364247,0.12576392334996278,0.059730861554624044,0.01821364001762919
2024-01-11,0.03093223305537579,0.015720816583241454,0.03752450622414296,0.09675042495358922,0.03435162974949345,0.0985606426993184,0.04177350965078674,0.15404463441548807,0.045648697537808064,0.0793957572353933
2024-02-12,0.029275838520085244,0.01254573146953393,0.026125297855320716,0.10247199312916198,0.019992383533751042,0.09732231792497818,0.035278726360188944,0.14977209253105656,0.025045656775234414,0.04967661828291246
2024-03-13,0.028312022410619503,0.017285393300898677,0.03728260751349085,0.028589968361227527,0.038192740054645194,0.08708433530239466,0.031205838376291553,0.03331516542691361,0.04054534412082972,0.038184888097646315
2024-04-12,-0.008556101770692283,0.014809397680793597,-0.014460722136036627,0.02722939615647829,-0.008277395656712651,0.025186583315464355,-0.017696500636855777,0.03653161308423988,-0.014032304600693126,0.01555838770225414
2024-05-13,0.026880797537490193,0.015940537526942702,0.044407622824622815,0.04178685515769173,0.04433996466550848,0.042744749535706866,0.04001002396773137,0.06367957945227473,0.04121565423292563,0.04473006619408176
2024-06-12,-0.001446348603917931,0.015374726161672393,-0.0074951823384353826,0.058810398823496805,-0.0202141138837873,0.0796868258417502,-0.003614854272036189,0.16718763484087662,-0.009861190533055808,0.07124666528259868
2024-07-15,0.03114601526052324,0.016287829267269946,0.0267859494598287,0.05042785486997875,0.0241871390002876,0.0758416446239047,0.024173874035982264,0.07760774404096761,0.021880755740999996,0.0725107150806478
2024-08-13,-0.016439643203502535,0.017752045728939483,0.01240750104907424,0.02300758952804808,0.016973695611133124,0.09001350023432869,0.003068976226157339,0.020403459722627935,-0.011193880731975765,0.04724755593106931
2024-09-12,0.021680426882895364,0.02525525395728215,0.041077924439192746,0.05509747422308829,0.033046688247725,0.08670877804600705,0.04289677899601891,0.09194518530402535,0.0296484936079527,0.07997606362313
2024-10-11,0.048715932273136954,0.013392514185213849,0.001964620976407253,0.08274151102961244,0.004304955542516349,0.13334683028439132,0.0029880527387852775,0.08601506699240316,0.026754408984723456,0.07784294268700016
2024-11-11,0.04170171856114984,0.018478037564559034,0.006126736227219602,0.07857143137545795,-0.0027412008636179524,0.10750359949440576,0.004851218522613378,0.08379037009488133,0.003534968649694931,0.06515172342636522
2024-12-11,-0.0011787157220052409,0.02507764434168613,0.005636593479216351,0.03837891626463063,-0.005100639989429504,0.10171976406187325,0.0036590294619430713,0.07634317915162073,0.010793395640498167,0.06058873035577433
2025-01-14,-0.05159618801942916,0.01980350458979532,-0.04766587784385993,0.02694466790912269,-0.048320155544460265,0.11968408664479147,-0.04099364835071873,0.10400074897343789,-0.056660291749872034,0.017630897188268484
2025-02-13,0.0368021793467018,0.012473403190467185,0.07530067399721968,0.02693388242797555,0.07538250477825226,0.07119012150747213,0.07769119396943638,0.059662880911167504,0.06041977743963391,0.017197282262554306
2025-03-17,-0.05382980677986011,0.021588221994003544,-0.016028627219657653,0.05018506264626632,-0.0159691868329527,0.07898822064069747,-0.013909993612590179,0.08737754755696779,-0.0551138985558675,0.042123107440269834
2025-04-15,-0.04979920604191771,0.02961005221661361,-0.023392061739345597,0.07507697372876383,-0.02886234074270299,0.17719342391707982,-0.02478442456873798,0.14261540042615506,-0.038132165845485455,0.19005592839166155
2025-05-15,0.0930324320408844,0.02146294260785003,0.038098681307927484,0.2123751058972217,0.03726893547702296,0.19209045683651324,0.03184344461491958,0.31343020262134397,0.06612603395032048,0.8885274178329476
2025-06-16,0.006489062626344087,0.027264354516933,0.011355779067952182,0.07618027075714749,0.011282658855548449,0.10992157879554117,0.009322646235349872,0.0448740745152237,0.003099213865062319,0.12094530982917133
2025-07-17,0.04629504698684392,0.013174276326104909,0.01281967978598459,0.057373259985941505,0.011774308980134303,0.0699667067132364,0.012618150467744905,0.1294380996832871,0.02085891509682005,0.1271535699481698
2025-08-15,0.015203143080759937,0.017415303857951585,0.006466341368132623,0.08409817675303283,0.0026568412613397663,0.06267566147292603,0.008101313113656269,0.13761237374752344,0.003938301653438181,0.46201145491036016
2025-09-16,0.0223581682395699,0.014433231593256268,-0.003248434666718509,0.04540462105892632,0.002547838546235574,0.05168832427921631,-0.0042861634428865624,0.10663649753127973,0.004860130411066511,0.11370890721003996
2025-10-15,0.017127338707682228,0.017848456541190917,0.027369982130041534,0.09882370757514819,0.016298125803014218,0.052757939842763044,0.030931895663244825,0.04649656724809764,-0.008430409006536837,0.05001972568156472
2025-11-13,-0.012161404096103216,0.02612258145050877,0.0013457476912056268,0.07391213115185068,0.009027998413058805,0.041127038466578725,-0.0020512086928343464,0.11007287077333351,-0.016817461915825244,0.058263448734179754
2025-12-15,0.02943934174424761,0.018601946381654678,0.012404479945539684,0.048443870777223993,0.012616299153983714,0.06071841822380316,0.016503267055916353,0.08738083206079562,0.03368333176647201,0.12066915439576188
2026-01-15,0.053578925836382824,0.018086865235271633,0.02917283080464306,0.03808886808686971,0.03037458706025027,0.01830137609086376,0.02934701612615412,0.016182297514962217,0.03586020840900915,0.06506315006827988
2026-02-17,0.023670922360290947,0.02413075971746669,0.05231386555350358,0.028786337737742355,0.059233334061322813,0.04066628930587327,0.04908090437276956,0.027194192880455687,0.04955486445584387,0.057478839197403785
2026-03-18,-0.046841916228837654,0.02577486346672064,-0.04056140078364081,0.10990851926575365,-0.04456977116086765,0.14379644289648802,-0.03853260441574283,0.11918753816445005,-0.08906504047548648,0.16515974788379326
2026-04-17,0.04993380054055434,0.02565882129164707,0.0012323437675439877,0.04897639403357177,-0.0008103752964731418,0.05423240392070579,-0.0028315049815069594,0.050485434020629424,0.024049634723561086,0.10503084401530743
2026-05-18,-0.007590434785879628,0.02437247381804496,0.032546384983675965,0.12715614215258028,0.02683621410218687,0.1781965777930236,0.01982004681689643,0.14255994934263655,0.004616337188209236,0.13977471031452618
2026-06-17,0.027983029430747333,0.025943074983311172,-0.011099722877106925,0.04151197781355056,-0.007959350272532268,0.04651190136086334,-0.005440622023769732,0.07507761200188966,0.02754555344813215,0.2576602608403901
