Window,Date,Req_Target,Impl_Target,Mu_Min,Mu_Max,Clamped,Adjustment
1,1994-12-27,0.08767000000000003,0.08767000000000003,0.028709,0.136955,false,0.0
2,1995-01-26,0.11087999999999998,0.11087999999999998,0.04298600000000001,0.15546500000000002,false,0.0
3,1995-02-27,0.10649,0.10649,0.03651500000000001,0.16083800000000004,false,0.0
4,1995-03-28,0.10980000000000001,0.10980000000000001,0.04241,0.16701900000000003,false,0.0
5,1995-04-27,0.11587999999999998,0.11587999999999998,0.048150000000000005,0.17137299999999997,false,0.0
6,1995-05-26,0.10724,0.10724,0.03962999999999999,0.155708,false,0.0
7,1995-06-27,0.11691,0.11691,0.044820999999999986,0.16470400000000002,false,0.0
8,1995-07-27,0.12188000000000002,0.12188000000000002,0.046055000000000006,0.18892300000000004,false,0.0
9,1995-08-25,0.14760999999999996,0.14760999999999996,0.066885,0.21137400000000003,false,0.0
10,1995-09-26,0.15932999999999997,0.15932999999999997,0.066696,0.22686200000000004,false,0.0
11,1995-10-25,0.16954000000000002,0.16954000000000002,0.07162000000000002,0.23593100000000003,false,0.0
12,1995-11-24,0.15983999999999998,0.15983999999999998,0.076367,0.228933,false,0.0
13,1995-12-26,0.15464999999999998,0.15464999999999998,0.07312800000000001,0.22076700000000005,false,0.0
14,1996-01-25,0.14303,0.14303,0.074743,0.21027500000000002,false,0.0
15,1996-02-26,0.13901999999999998,0.13901999999999998,0.061843,0.205673,false,0.0
16,1996-03-26,0.13445999999999997,0.13445999999999997,0.06196200000000003,0.19868600000000003,false,0.0
17,1996-04-25,0.13530999999999999,0.13530999999999999,0.06111500000000002,0.205101,false,0.0
18,1996-05-24,0.14146999999999998,0.14146999999999998,0.07224300000000002,0.206551,false,0.0
19,1996-06-25,0.13894,0.13894,0.071094,0.213831,false,0.0
20,1996-07-25,0.11333999999999997,0.11333999999999997,0.05372900000000001,0.195102,false,0.0
21,1996-08-23,0.12197,0.12197,0.05691100000000003,0.20129300000000003,false,0.0
22,1996-09-24,0.13078,0.13078,0.06325300000000003,0.21204900000000004,false,0.0
23,1996-10-23,0.12934,0.12934,0.06511300000000005,0.212042,false,0.0
24,1996-11-21,0.14756999999999998,0.14756999999999998,0.07773600000000001,0.23050900000000005,false,0.0
25,1996-12-23,0.12835000000000002,0.12835000000000002,0.065025,0.21065899999999999,false,0.0
26,1997-01-23,0.13504,0.13504,0.07061500000000001,0.21515299999999998,false,0.0
27,1997-02-25,0.13202999999999998,0.13202999999999998,0.07651700000000002,0.212518,false,0.0
28,1997-03-26,0.13929999999999998,0.13929999999999998,0.07773300000000001,0.211761,false,0.0
29,1997-04-25,0.13096,0.13096,0.06804900000000001,0.20708300000000002,false,0.0
30,1997-05-27,0.14292999999999997,0.14292999999999997,0.07945700000000003,0.229724,false,0.0
31,1997-06-25,0.15221999999999997,0.15221999999999997,0.089034,0.245368,false,0.0
32,1997-07-25,0.16085999999999998,0.16085999999999998,0.08699700000000002,0.25565,false,0.0
33,1997-08-25,0.16315000000000002,0.16315000000000002,0.09092900000000002,0.25704000000000005,false,0.0
34,1997-09-24,0.16050999999999999,0.16050999999999999,0.086011,0.25949900000000004,false,0.0
35,1997-10-23,0.16575,0.16575,0.08290100000000002,0.251275,false,0.0
36,1997-11-21,0.16302,0.16302,0.073757,0.242905,false,0.0
37,1997-12-24,0.16107,0.16107,0.066267,0.22649899999999998,false,0.0
38,1998-01-27,0.15920999999999996,0.15920999999999996,0.064503,0.233607,false,0.0
39,1998-02-26,0.16531999999999997,0.16531999999999997,0.075028,0.25717500000000004,false,0.0
40,1998-03-27,0.16781000000000001,0.16781000000000001,0.08147499999999999,0.25707100000000005,false,0.0
41,1998-04-28,0.16807,0.16807,0.08778100000000004,0.26218800000000003,false,0.0
42,1998-05-28,0.16773000000000002,0.16773000000000002,0.07315800000000003,0.25387999999999994,false,0.0
43,1998-06-26,0.16664,0.16664,0.07048000000000001,0.261102,false,0.0
44,1998-07-28,0.16422,0.16422,0.06444800000000002,0.26265,false,0.0
45,1998-08-26,0.14867000000000002,0.14867000000000002,0.04337700000000001,0.250037,false,0.0
46,1998-09-25,0.14598999999999995,0.14598999999999995,0.036506000000000004,0.23352800000000004,false,0.0
47,1998-10-26,0.14398,0.14398,0.03712000000000001,0.24167000000000002,false,0.0
48,1998-11-24,0.15631,0.15631,0.051868000000000004,0.26366200000000006,false,0.0
49,1998-12-24,0.14714,0.14714,0.04237800000000001,0.26540499999999995,false,0.0
50,1999-01-27,0.14292,0.14292,0.049192,0.271146,false,0.0
51,1999-02-26,0.12896999999999997,0.12896999999999997,0.051341,0.269932,false,0.0
52,1999-03-29,0.16550999999999993,0.16550999999999993,0.04730100000000002,0.283293,false,0.0
53,1999-04-28,0.18446999999999997,0.18446999999999997,0.078119,0.293287,false,0.0
54,1999-05-27,0.17392000000000002,0.17392000000000002,0.075178,0.27910700000000005,false,0.0
55,1999-06-28,0.17157999999999998,0.17157999999999998,0.090348,0.29359799999999997,false,0.0
56,1999-07-28,0.16898000000000005,0.16898000000000005,0.080563,0.29868900000000004,false,0.0
57,1999-08-26,0.16331000000000007,0.16331000000000007,0.065923,0.2876280000000001,false,0.0
58,1999-09-27,0.15423,0.15423,0.051446,0.28139000000000003,false,0.0
59,1999-10-26,0.15381,0.15381,0.04054299999999999,0.283571,false,0.0
60,1999-11-24,0.16751999999999995,0.16751999999999995,0.059606000000000006,0.31153500000000006,false,0.0
61,1999-12-27,0.16221000000000002,0.16221000000000002,0.05554100000000001,0.319071,false,0.0
62,2000-01-27,0.15829,0.15829,0.05147400000000002,0.317668,false,0.0
63,2000-02-28,0.14596,0.14596,0.031701000000000035,0.315066,false,0.0
64,2000-03-28,0.14456000000000002,0.14456000000000002,0.03626100000000002,0.32394200000000006,false,0.0
65,2000-04-27,0.15059000000000003,0.15059000000000003,0.04990400000000002,0.308566,false,0.0
66,2000-05-26,0.14383,0.14383,0.053607000000000016,0.28430199999999994,false,0.0
67,2000-06-27,0.13962,0.13962,0.042916000000000024,0.29943099999999995,false,0.0
68,2000-07-27,0.13428,0.13428,0.033722000000000016,0.291465,false,0.0
69,2000-08-25,0.15552,0.15552,0.04010500000000001,0.30039300000000013,false,0.0
70,2000-09-26,0.13752999999999999,0.13752999999999999,0.030094000000000006,0.284436,false,0.0
71,2000-10-25,0.14054999999999998,0.14054999999999998,0.033956,0.279093,false,0.0
72,2000-11-24,0.13260000000000002,0.13260000000000002,0.04053100000000001,0.2706,false,0.0
73,2000-12-26,0.12864,0.12864,0.044917000000000006,0.26322,false,0.0
74,2001-01-26,0.13594999999999996,0.13594999999999996,0.04212500000000001,0.281551,false,0.0
75,2001-02-27,0.12783,0.12783,0.034322,0.2559449999999999,false,0.0
76,2001-03-28,0.10802999999999999,0.10802999999999999,0.010924000000000012,0.24731999999999996,false,0.0
77,2001-04-27,0.11497999999999998,0.11497999999999998,0.028888000000000004,0.2620620000000001,false,0.0
78,2001-05-29,0.11485999999999996,0.11485999999999996,0.033070000000000016,0.25278,false,0.0
79,2001-06-27,0.11213999999999999,0.11213999999999999,0.028141,0.23308600000000002,false,0.0
80,2001-07-27,0.13362999999999994,0.13362999999999994,0.044919,0.2434059999999999,false,0.0
81,2001-08-27,0.11581,0.11581,0.029832999999999995,0.23620499999999997,false,0.0
82,2001-10-02,0.08406999999999999,0.08406999999999999,-0.007142000000000013,0.20427099999999998,false,0.0
83,2001-10-31,0.08211999999999997,0.08211999999999997,-0.0012240000000000035,0.20817199999999994,false,0.0
84,2001-11-30,0.08823999999999999,0.08823999999999999,0.009933999999999988,0.20969000000000002,false,0.0
85,2002-01-02,0.09541000000000002,0.09541000000000002,0.018502999999999978,0.20904199999999998,false,0.0
86,2002-02-01,0.08358999999999997,0.08358999999999997,0.011618999999999994,0.19812499999999997,false,0.0
87,2002-03-05,0.10178999999999996,0.10178999999999996,0.015250000000000008,0.19624400000000003,false,0.0
88,2002-04-04,0.10536999999999996,0.10536999999999996,0.022123,0.20245900000000006,false,0.0
89,2002-05-03,0.10683999999999996,0.10683999999999996,0.035197000000000006,0.20532699999999998,false,0.0
90,2002-06-04,0.08565999999999999,0.08565999999999999,0.011574000000000003,0.18518300000000001,false,0.0
91,2002-07-03,0.06672,0.06672,-0.01108799999999999,0.15502599999999997,false,0.0
92,2002-08-02,0.03005999999999996,0.03005999999999996,-0.041224999999999984,0.12244800000000003,false,0.0
93,2002-09-03,0.035329999999999986,0.035329999999999986,-0.04179799999999998,0.13699200000000003,false,0.0
94,2002-10-02,0.019009999999999985,0.019009999999999985,-0.06054899999999997,0.12497,false,0.0
95,2002-10-31,0.026429999999999974,0.026429999999999974,-0.05447399999999999,0.13658499999999998,false,0.0
96,2002-12-02,0.04119000000000002,0.04119000000000002,-0.025363999999999984,0.142023,false,0.0
97,2003-01-02,0.05331999999999997,0.05331999999999997,-0.026896999999999994,0.14403399999999997,false,0.0
98,2003-02-03,0.03499999999999996,0.03499999999999996,-0.045802999999999955,0.12822399999999998,false,0.0
99,2003-03-05,0.004320000000000028,0.004320000000000028,-0.07356899999999997,0.11738299999999999,false,0.0
100,2003-04-03,0.004010000000000034,0.004010000000000034,-0.07125399999999998,0.10714499999999998,false,0.0
101,2003-05-05,0.01931000000000002,0.01931000000000002,-0.055555999999999994,0.122412,false,0.0
102,2003-06-04,0.04145000000000004,0.04145000000000004,-0.042996999999999966,0.14492700000000003,false,0.0
103,2003-07-03,0.04396000000000001,0.04396000000000001,-0.038634999999999954,0.14445200000000002,false,0.0
104,2003-08-04,0.050559999999999994,0.050559999999999994,-0.030663999999999973,0.139461,false,0.0
105,2003-09-03,0.07333999999999997,0.07333999999999997,-0.000343999999999988,0.16642099999999999,false,0.0
106,2003-10-02,0.08755,0.08755,-0.00028999999999998016,0.17375600000000002,false,0.0
107,2003-10-31,0.0862,0.0862,0.0012300000000000165,0.177676,false,0.0
108,2003-12-02,0.06771,0.06771,-0.008796999999999998,0.16993199999999997,false,0.0
109,2004-01-02,0.06711999999999999,0.06711999999999999,-0.0020319999999999934,0.187308,false,0.0
110,2004-02-03,0.06631999999999999,0.06631999999999999,-0.006625999999999998,0.17564799999999997,false,0.0
111,2004-03-04,0.07860999999999999,0.07860999999999999,-0.000447000000000004,0.18789199999999998,false,0.0
112,2004-04-02,0.07629999999999995,0.07629999999999995,-0.008277,0.176266,false,0.0
113,2004-05-04,0.058509999999999965,0.058509999999999965,-0.02383600000000001,0.153589,false,0.0
114,2004-06-03,0.06440999999999991,0.06440999999999991,-0.018248999999999987,0.15432399999999996,false,0.0
115,2004-07-06,0.05812999999999996,0.05812999999999996,-0.024119999999999985,0.16393999999999995,false,0.0
116,2004-08-04,0.055029999999999996,0.055029999999999996,-0.030204999999999975,0.166952,false,0.0
117,2004-09-02,0.05901999999999999,0.05901999999999999,-0.024814999999999986,0.17340999999999998,false,0.0
118,2004-10-04,0.08387999999999997,0.08387999999999997,-0.010580999999999998,0.19064599999999998,false,0.0
119,2004-11-02,0.0804,0.0804,-0.00782399999999998,0.20197199999999998,false,0.0
120,2004-12-02,0.08644999999999999,0.08644999999999999,-0.019722000000000003,0.20730900000000002,false,0.0
121,2005-01-03,0.08867999999999995,0.08867999999999995,-0.028472000000000008,0.212706,false,0.0
122,2005-02-02,0.09540999999999998,0.09540999999999998,-0.028885999999999988,0.21916900000000003,false,0.0
123,2005-03-04,0.13249999999999995,0.13249999999999995,-0.028640000000000013,0.24947300000000003,false,0.0
124,2005-04-05,0.10450999999999996,0.10450999999999996,-0.05568300000000002,0.22738800000000003,false,0.0
125,2005-05-04,0.09336000000000001,0.09336000000000001,-0.050941,0.21700400000000003,false,0.0
126,2005-06-03,0.09795000000000001,0.09795000000000001,-0.02707600000000001,0.22378300000000004,false,0.0
127,2005-07-05,0.09749,0.09749,-0.04821799999999999,0.22854600000000003,false,0.0
128,2005-08-03,0.10239000000000001,0.10239000000000001,-0.03812599999999997,0.24524800000000002,false,0.0
129,2005-09-01,0.08759,0.08759,-0.052789999999999976,0.23038900000000007,false,0.0
130,2005-10-03,0.10263,0.10263,-0.042543999999999985,0.24716900000000006,false,0.0
131,2005-11-01,0.09241,0.09241,-0.031003999999999997,0.229498,false,0.0
132,2005-12-01,0.09379000000000001,0.09379000000000001,-0.014481999999999969,0.22752,false,0.0
133,2006-01-03,0.08758000000000002,0.08758000000000002,-0.00552099999999998,0.213404,false,0.0
134,2006-02-02,0.09016000000000002,0.09016000000000002,-0.014638999999999984,0.21438700000000005,false,0.0
135,2006-03-06,0.09635999999999999,0.09635999999999999,0.0005170000000000081,0.19745400000000005,false,0.0
136,2006-04-04,0.11434999999999998,0.11434999999999998,0.022093000000000015,0.208067,false,0.0
137,2006-05-04,0.10853999999999997,0.10853999999999997,0.0024080000000000195,0.20348500000000003,false,0.0
138,2006-06-05,0.09636999999999998,0.09636999999999998,-0.004673999999999991,0.18218899999999996,false,0.0
139,2006-07-05,0.10109999999999997,0.10109999999999997,0.002080999999999996,0.206763,false,0.0
140,2006-08-03,0.10061000000000002,0.10061000000000002,0.002965000000000003,0.21283200000000002,false,0.0
141,2006-09-01,0.10214000000000001,0.10214000000000001,0.020367999999999997,0.20317200000000002,false,0.0
142,2006-10-03,0.12778000000000006,0.12778000000000006,0.045919000000000015,0.215884,false,0.0
143,2006-11-01,0.12528999999999998,0.12528999999999998,0.054188999999999994,0.22333699999999998,false,0.0
144,2006-12-01,0.11687999999999998,0.11687999999999998,0.041432000000000004,0.233103,false,0.0
145,2007-01-04,0.12056,0.12056,0.04284700000000002,0.215859,false,0.0
146,2007-02-05,0.12300000000000003,0.12300000000000003,0.05480899999999999,0.22785799999999998,false,0.0
147,2007-03-07,0.10416,0.10416,0.038653000000000014,0.21530900000000003,false,0.0
148,2007-04-05,0.11172000000000001,0.11172000000000001,0.050152999999999996,0.223809,false,0.0
149,2007-05-07,0.12101999999999997,0.12101999999999997,0.057798000000000016,0.230636,false,0.0
150,2007-06-06,0.12838,0.12838,0.06986300000000001,0.24202300000000004,false,0.0
151,2007-07-06,0.14880000000000004,0.14880000000000004,0.082462,0.265909,false,0.0
152,2007-08-06,0.16157000000000005,0.16157000000000005,0.08629800000000001,0.279586,false,0.0
153,2007-09-05,0.16005,0.16005,0.08177800000000002,0.2785659999999999,false,0.0
154,2007-10-04,0.17579,0.17579,0.09569500000000002,0.308258,false,0.0
155,2007-11-02,0.15685,0.15685,0.08339600000000001,0.31090000000000007,false,0.0
156,2007-12-04,0.13433,0.13433,0.073725,0.29509500000000005,false,0.0
157,2008-01-04,0.12515000000000004,0.12515000000000004,0.06707800000000003,0.288494,false,0.0
158,2008-02-05,0.14404000000000003,0.14404000000000003,0.07262899999999999,0.29372200000000004,false,0.0
159,2008-03-06,0.14476000000000006,0.14476000000000006,0.07603099999999999,0.307991,false,0.0
160,2008-04-07,0.14639000000000002,0.14639000000000002,0.071601,0.320924,false,0.0
161,2008-05-06,0.13542999999999997,0.13542999999999997,0.06283000000000001,0.3215300000000001,false,0.0
162,2008-06-05,0.12357000000000008,0.12357000000000008,0.048065000000000004,0.29956000000000005,false,0.0
163,2008-07-07,0.09213000000000005,0.09213000000000005,0.012014000000000004,0.281132,false,0.0
164,2008-08-05,0.10475000000000001,0.10475000000000001,0.028332000000000013,0.264897,false,0.0
165,2008-09-04,0.09049999999999997,0.09049999999999997,0.01491500000000001,0.240264,false,0.0
166,2008-10-03,0.07833999999999999,0.07833999999999999,-0.017700999999999998,0.18945299999999998,false,0.0
167,2008-11-03,0.04111000000000002,0.04111000000000002,-0.061527,0.162725,false,0.0
168,2008-12-03,0.014090000000000002,0.014090000000000002,-0.09583099999999999,0.13395699999999996,false,0.0
169,2009-01-05,0.03304000000000002,0.03304000000000002,-0.08106699999999999,0.155452,false,0.0
170,2009-02-04,0.006980000000000011,0.006980000000000011,-0.123845,0.14222299999999996,false,0.0
171,2009-03-06,-0.029779999999999973,-0.029779999999999973,-0.191796,0.09771199999999998,false,0.0
172,2009-04-06,0.012519999999999991,0.012519999999999991,-0.11071399999999999,0.13247499999999995,false,0.0
173,2009-05-06,0.025580000000000002,0.025580000000000002,-0.054206000000000004,0.16616799999999995,false,0.0
174,2009-06-05,0.038510000000000016,0.038510000000000016,-0.05150400000000001,0.18405000000000002,false,0.0
175,2009-07-07,0.02685000000000003,0.02685000000000003,-0.07661400000000002,0.14982900000000002,false,0.0
176,2009-08-05,0.06021000000000002,0.06021000000000002,-0.024681000000000005,0.18388300000000002,false,0.0
177,2009-09-03,0.06574,0.06574,-0.028849999999999994,0.173493,false,0.0
178,2009-10-05,0.07094,0.07094,-0.02194299999999998,0.17696400000000004,false,0.0
179,2009-11-03,0.06765000000000002,0.06765000000000002,-0.02603099999999999,0.185223,false,0.0
180,2009-12-03,0.06266000000000001,0.06266000000000001,-0.030077000000000017,0.178409,false,0.0
181,2010-01-05,0.07297999999999999,0.07297999999999999,-0.018364999999999992,0.19146000000000002,false,0.0
182,2010-02-04,0.06225000000000001,0.06225000000000001,-0.025820000000000013,0.158275,false,0.0
183,2010-03-08,0.07447999999999999,0.07447999999999999,-0.005091999999999999,0.164985,false,0.0
184,2010-04-07,0.08057000000000003,0.08057000000000003,0.014128,0.18281699999999998,false,0.0
185,2010-05-06,0.07706000000000002,0.07706000000000002,0.007673999999999998,0.17336999999999997,false,0.0
186,2010-06-07,0.06233000000000001,0.06233000000000001,-0.012099999999999994,0.149968,false,0.0
187,2010-07-07,0.06407000000000002,0.06407000000000002,-0.016965999999999988,0.155156,false,0.0
188,2010-08-05,0.06587000000000001,0.06587000000000001,-0.008631999999999983,0.15606599999999998,false,0.0
189,2010-09-03,0.06559000000000002,0.06559000000000002,-0.006945999999999998,0.15918100000000004,false,0.0
190,2010-10-05,0.07673000000000002,0.07673000000000002,0.005301999999999996,0.163847,false,0.0
191,2010-11-03,0.09629999999999996,0.09629999999999996,0.014624000000000019,0.181067,false,0.0
192,2010-12-03,0.09506000000000002,0.09506000000000002,0.010416000000000026,0.18256299999999995,false,0.0
193,2011-01-04,0.10167000000000002,0.10167000000000002,0.018414000000000003,0.18453800000000004,false,0.0
194,2011-02-03,0.09886,0.09886,0.022184000000000013,0.17894000000000002,false,0.0
195,2011-03-07,0.09265999999999999,0.09265999999999999,0.020886000000000026,0.188654,false,0.0
196,2011-04-05,0.09596,0.09596,0.021999999999999985,0.189516,false,0.0
197,2011-05-05,0.09554000000000001,0.09554000000000001,0.024455999999999988,0.16585600000000003,false,0.0
198,2011-06-06,0.09354000000000004,0.09354000000000004,0.023799999999999977,0.17368499999999995,false,0.0
199,2011-07-06,0.10327000000000003,0.10327000000000003,0.03326900000000002,0.184526,false,0.0
200,2011-08-04,0.08239999999999997,0.08239999999999997,0.006161000000000033,0.16477899999999995,false,0.0
201,2011-09-02,0.07459000000000002,0.07459000000000002,-0.0038970000000000107,0.165901,false,0.0
202,2011-10-04,0.06354000000000008,0.06354000000000008,-0.016973999999999986,0.15067699999999995,false,0.0
203,2011-11-02,0.07671999999999998,0.07671999999999998,0.0006710000000000125,0.166056,false,0.0
204,2011-12-02,0.07391999999999999,0.07391999999999999,-0.005639000000000017,0.157837,false,0.0
205,2012-01-04,0.07311,0.07311,-0.003110000000000013,0.16639299999999996,false,0.0
206,2012-02-03,0.08045000000000002,0.08045000000000002,0.006124000000000005,0.169177,false,0.0
207,2012-03-06,0.0857,0.0857,0.0024300000000000064,0.16079600000000002,false,0.0
208,2012-04-04,0.08523000000000003,0.08523000000000003,0.007362000000000026,0.15047600000000003,false,0.0
209,2012-05-04,0.07796000000000006,0.07796000000000006,-0.01119999999999997,0.14139200000000002,false,0.0
210,2012-06-05,0.05564000000000004,0.05564000000000004,-0.032449000000000026,0.118054,false,0.0
211,2012-07-05,0.06876999999999997,0.06876999999999997,-0.018959999999999994,0.12239400000000003,false,0.0
212,2012-08-03,0.07852999999999999,0.07852999999999999,-0.006151000000000022,0.131586,false,0.0
213,2012-09-04,0.08049999999999996,0.08049999999999996,-0.0015580000000000082,0.13186299999999998,false,0.0
214,2012-10-03,0.07986000000000001,0.07986000000000001,-0.0018740000000000143,0.12582899999999997,false,0.0
215,2012-11-05,0.07594000000000004,0.07594000000000004,0.004782999999999984,0.12720799999999996,false,0.0
216,2012-12-05,0.07707,0.07707,0.017008999999999965,0.12823799999999996,false,0.0
217,2013-01-07,0.09000000000000002,0.09000000000000002,0.03474199999999998,0.15169800000000003,false,0.0
218,2013-02-06,0.11080000000000001,0.11080000000000001,0.039589,0.15697899999999998,false,0.0
219,2013-03-08,0.12195000000000003,0.12195000000000003,0.04395200000000004,0.16647299999999998,false,0.0
220,2013-04-09,0.11177000000000002,0.11177000000000002,0.03286300000000002,0.16103699999999999,false,0.0
221,2013-05-08,0.11372000000000004,0.11372000000000004,0.027485000000000044,0.16737,false,0.0
222,2013-06-07,0.11646,0.11646,0.016707000000000034,0.165761,false,0.0
223,2013-07-09,0.14366999999999996,0.14366999999999996,0.02899100000000003,0.20240099999999994,false,0.0
224,2013-08-07,0.13552999999999996,0.13552999999999996,0.051279000000000054,0.19614299999999993,false,0.0
225,2013-09-06,0.13943,0.13943,0.06228100000000005,0.19520399999999996,false,0.0
226,2013-10-07,0.17001,0.17001,0.10127000000000003,0.238218,false,0.0
227,2013-11-05,0.20768,0.20768,0.13328399999999999,0.280359,false,0.0
228,2013-12-05,0.22212000000000004,0.22212000000000004,0.15036500000000003,0.31407500000000005,false,0.0
229,2014-01-07,0.21381,0.21381,0.127009,0.291285,false,0.0
230,2014-02-06,0.23129,0.23129,0.13658900000000002,0.3217650000000001,false,0.0
231,2014-03-10,0.27007000000000003,0.27007000000000003,0.17717,0.39022799999999996,false,0.0
232,2014-04-08,0.22768,0.22768,0.149064,0.304506,false,0.0
233,2014-05-08,0.20484999999999998,0.20484999999999998,0.12315100000000001,0.25908200000000003,false,0.0
234,2014-06-09,0.20736,0.20736,0.11555999999999997,0.2621510000000001,false,0.0
235,2014-07-09,0.22621000000000002,0.22621000000000002,0.13909499999999997,0.29428,false,0.0
236,2014-08-07,0.18291999999999997,0.18291999999999997,0.09920100000000001,0.23654500000000003,false,0.0
237,2014-09-08,0.19103,0.19103,0.10710300000000002,0.245122,false,0.0
238,2014-10-07,0.17036,0.17036,0.07853900000000001,0.22402799999999995,false,0.0
239,2014-11-05,0.17917,0.17917,0.08203400000000002,0.2346920000000001,false,0.0
240,2014-12-05,0.17974,0.17974,0.06511800000000004,0.23199900000000004,false,0.0
241,2015-01-07,0.16323,0.16323,0.04058700000000003,0.21733100000000002,false,0.0
242,2015-02-06,0.17937999999999998,0.17937999999999998,0.06663500000000004,0.23494400000000001,false,0.0
243,2015-03-10,0.15826,0.15826,0.032750000000000015,0.21539000000000005,false,0.0
244,2015-04-09,0.15354,0.15354,0.03203400000000001,0.210555,false,0.0
245,2015-05-08,0.16424999999999998,0.16424999999999998,0.05728500000000003,0.215883,false,0.0
246,2015-06-09,0.17712,0.17712,0.05806500000000002,0.22905099999999998,false,0.0
247,2015-07-09,0.17412,0.17412,0.03371500000000004,0.23084700000000002,false,0.0
248,2015-08-07,0.16202,0.16202,-0.003904999999999963,0.223408,false,0.0
249,2015-09-08,0.15655000000000002,0.15655000000000002,-0.0016719999999999667,0.212291,false,0.0
250,2015-10-07,0.14893,0.14893,-0.014920999999999981,0.19836100000000004,false,0.0
251,2015-11-05,0.15082,0.15082,-0.029474999999999956,0.200211,false,0.0
252,2015-12-07,0.1426,0.1426,-0.06511199999999998,0.19304900000000003,false,0.0
253,2016-01-07,0.12132999999999998,0.12132999999999998,-0.08905099999999999,0.18378700000000003,false,0.0
254,2016-02-08,0.10546999999999998,0.10546999999999998,-0.09243199999999996,0.17277900000000002,false,0.0
255,2016-03-09,0.12464,0.12464,-0.06218999999999997,0.184517,false,0.0
256,2016-04-08,0.12748000000000004,0.12748000000000004,-0.06412199999999997,0.18330599999999997,false,0.0
257,2016-05-09,0.12531000000000003,0.12531000000000003,-0.041854999999999996,0.17799900000000002,false,0.0
258,2016-06-08,0.13924,0.13924,-0.016810999999999958,0.18387599999999998,false,0.0
259,2016-07-08,0.12769000000000003,0.12769000000000003,-0.025261999999999965,0.178882,false,0.0
260,2016-08-08,0.15696000000000002,0.15696000000000002,0.01956400000000002,0.202816,false,0.0
261,2016-09-07,0.16041999999999998,0.16041999999999998,0.01956900000000002,0.203565,false,0.0
262,2016-10-06,0.16586,0.16586,0.04609900000000002,0.20930300000000002,false,0.0
263,2016-11-04,0.13413000000000003,0.13413000000000003,0.0064299999999999965,0.18485599999999996,false,0.0
264,2016-12-06,0.14640000000000003,0.14640000000000003,0.033009,0.195023,false,0.0
265,2017-01-06,0.15224999999999997,0.15224999999999997,0.02831600000000001,0.19438,false,0.0
266,2017-02-07,0.13340999999999997,0.13340999999999997,0.01727800000000003,0.18481200000000003,false,0.0
267,2017-03-09,0.14087000000000002,0.14087000000000002,0.022891000000000005,0.19344100000000003,false,0.0
268,2017-04-07,0.13088000000000002,0.13088000000000002,0.027183000000000006,0.18097900000000003,false,0.0
269,2017-05-09,0.14653,0.14653,0.02653800000000001,0.188136,false,0.0
270,2017-06-08,0.15863000000000005,0.15863000000000005,0.04430200000000004,0.210693,false,0.0
271,2017-07-10,0.14615,0.14615,0.03308100000000002,0.199389,false,0.0
272,2017-08-08,0.14540000000000003,0.14540000000000003,0.04404200000000003,0.205739,false,0.0
273,2017-09-07,0.14124000000000003,0.14124000000000003,0.041736999999999996,0.20038599999999995,false,0.0
274,2017-10-06,0.14392,0.14392,0.03765200000000001,0.203786,false,0.0
275,2017-11-06,0.14766999999999997,0.14766999999999997,0.03311500000000001,0.206989,false,0.0
276,2017-12-06,0.15947,0.15947,0.044557000000000006,0.21013099999999998,false,0.0
277,2018-01-08,0.15489000000000003,0.15489000000000003,0.04947600000000002,0.206829,false,0.0
278,2018-02-07,0.14157000000000003,0.14157000000000003,0.03052400000000003,0.19907600000000003,false,0.0
279,2018-03-09,0.1397,0.1397,0.03783100000000002,0.20203300000000002,false,0.0
280,2018-04-10,0.13312999999999997,0.13312999999999997,0.035666000000000024,0.18861900000000004,false,0.0
281,2018-05-09,0.11161999999999998,0.11161999999999998,0.02964200000000003,0.181281,false,0.0
282,2018-06-08,0.11857999999999999,0.11857999999999999,0.04460400000000001,0.18530500000000003,false,0.0
283,2018-07-10,0.12017000000000003,0.12017000000000003,0.05193900000000001,0.18341500000000002,false,0.0
284,2018-08-08,0.11562,0.11562,0.04305600000000004,0.17944100000000002,false,0.0
285,2018-09-07,0.11626,0.11626,0.029806000000000034,0.18296900000000002,false,0.0
286,2018-10-08,0.10862000000000001,0.10862000000000001,0.026262000000000014,0.17578300000000002,false,0.0
287,2018-11-06,0.08755,0.08755,0.006539000000000005,0.154116,false,0.0
288,2018-12-07,0.08489000000000001,0.08489000000000001,-0.00636999999999999,0.138083,false,0.0
289,2019-01-09,0.07363000000000003,0.07363000000000003,-0.013443999999999989,0.13497900000000004,false,0.0
290,2019-02-08,0.09,0.09,0.002926000000000004,0.153708,false,0.0
291,2019-03-12,0.08353000000000002,0.08353000000000002,-0.0027479999999999957,0.14519100000000001,false,0.0
292,2019-04-10,0.09049,0.09049,0.0008659999999999937,0.161195,false,0.0
293,2019-05-10,0.08463999999999999,0.08463999999999999,-0.004351000000000018,0.1636,false,0.0
294,2019-06-11,0.07976,0.07976,-0.020628000000000007,0.15234399999999998,false,0.0
295,2019-07-11,0.08376,0.08376,-0.021202999999999993,0.162152,false,0.0
296,2019-08-09,0.09170000000000003,0.09170000000000003,-0.032155,0.16351399999999996,false,0.0
297,2019-09-10,0.08948999999999999,0.08948999999999999,-0.027858999999999995,0.157755,false,0.0
298,2019-10-09,0.0875,0.0875,-0.020337999999999995,0.16084199999999996,false,0.0
299,2019-11-07,0.08383,0.08383,-0.009238000000000001,0.161911,false,0.0
300,2019-12-09,0.08131999999999999,0.08131999999999999,-0.012870999999999995,0.158211,false,0.0
301,2020-01-09,0.08995999999999998,0.08995999999999998,-0.0014149999999999983,0.17335099999999998,false,0.0
302,2020-02-10,0.09400000000000003,0.09400000000000003,-0.021355,0.172286,false,0.0
303,2020-03-11,0.06374999999999996,0.06374999999999996,-0.07485100000000001,0.12781700000000001,false,0.0
304,2020-04-09,0.06307,0.06307,-0.07634700000000001,0.133669,false,0.0
305,2020-05-11,0.06366000000000001,0.06366000000000001,-0.06994500000000001,0.149527,false,0.0
306,2020-06-10,0.09625999999999997,0.09625999999999997,-0.02757500000000002,0.16923799999999997,false,0.0
307,2020-07-10,0.08918999999999996,0.08918999999999996,-0.037712,0.188065,false,0.0
308,2020-08-10,0.10707000000000003,0.10707000000000003,0.0013659999999999972,0.196105,false,0.0
309,2020-09-09,0.11992,0.11992,-0.0028269999999999992,0.214649,false,0.0
310,2020-10-08,0.12669000000000002,0.12669000000000002,0.0037340000000000116,0.22182000000000002,false,0.0
311,2020-11-06,0.11734,0.11734,-0.004831999999999993,0.22186400000000003,false,0.0
312,2020-12-08,0.14092,0.14092,0.04394799999999997,0.245483,false,0.0
313,2021-01-08,0.16473000000000002,0.16473000000000002,0.06306199999999999,0.282101,false,0.0
314,2021-02-09,0.17491,0.17491,0.08008399999999999,0.29857999999999996,false,0.0
315,2021-03-11,0.17029000000000005,0.17029000000000005,0.072819,0.27352099999999996,false,0.0
316,2021-04-12,0.16944999999999996,0.16944999999999996,0.065949,0.27237600000000006,false,0.0
317,2021-05-11,0.17406999999999997,0.17406999999999997,0.07246,0.27079800000000004,false,0.0
318,2021-06-10,0.16955999999999996,0.16955999999999996,0.07052100000000001,0.261015,false,0.0
319,2021-07-12,0.16997999999999996,0.16997999999999996,0.06603900000000001,0.272478,false,0.0
320,2021-08-10,0.16116999999999995,0.16116999999999995,0.063724,0.263814,false,0.0
321,2021-09-09,0.15550000000000003,0.15550000000000003,0.066757,0.264986,false,0.0
322,2021-10-08,0.15381,0.15381,0.077065,0.25888300000000003,false,0.0
323,2021-11-08,0.17640999999999996,0.17640999999999996,0.08372000000000002,0.29191999999999996,false,0.0
324,2021-12-08,0.15269999999999995,0.15269999999999995,0.063432,0.274421,false,0.0
325,2022-01-07,0.15316999999999997,0.15316999999999997,0.073675,0.26247999999999994,false,0.0
326,2022-02-08,0.14266999999999996,0.14266999999999996,0.07242800000000002,0.24774400000000005,false,0.0
327,2022-03-10,0.13921999999999998,0.13921999999999998,0.056459,0.24104,false,0.0
328,2022-04-08,0.14367000000000002,0.14367000000000002,0.06344,0.246966,false,0.0
329,2022-05-10,0.12149,0.12149,0.047632999999999995,0.22001199999999999,false,0.0
330,2022-06-09,0.12252999999999994,0.12252999999999994,0.044445,0.22517000000000004,false,0.0
331,2022-07-12,0.11325000000000003,0.11325000000000003,0.03166899999999999,0.20477100000000004,false,0.0
332,2022-08-10,0.12641,0.12641,0.048039999999999985,0.23062099999999996,false,0.0
333,2022-09-09,0.11782,0.11782,0.04056800000000001,0.22717,false,0.0
334,2022-10-10,0.10326999999999996,0.10326999999999996,0.010763,0.19896,false,0.0
335,2022-11-08,0.11491000000000001,0.11491000000000001,0.02986099999999999,0.20647699999999997,false,0.0
336,2022-12-08,0.11483000000000002,0.11483000000000002,0.028241000000000013,0.2051909999999999,false,0.0
337,2023-01-10,0.10990999999999995,0.10990999999999995,0.03207300000000001,0.17804599999999995,false,0.0
338,2023-02-09,0.11470999999999998,0.11470999999999998,0.041142,0.21012599999999995,false,0.0
339,2023-03-13,0.10522000000000002,0.10522000000000002,0.014060999999999995,0.190802,false,0.0
340,2023-04-12,0.12004000000000004,0.12004000000000004,0.03132600000000002,0.201223,false,0.0
341,2023-05-11,0.12267,0.12267,0.03434400000000002,0.199648,false,0.0
342,2023-06-12,0.12246999999999997,0.12246999999999997,0.03507600000000001,0.205682,false,0.0
343,2023-07-13,0.12442999999999997,0.12442999999999997,0.042340000000000017,0.22701999999999997,false,0.0
344,2023-08-11,0.12378000000000002,0.12378000000000002,0.04702200000000001,0.223752,false,0.0
345,2023-09-12,0.11593999999999996,0.11593999999999996,0.03753000000000001,0.23387300000000003,false,0.0
346,2023-10-11,0.10272,0.10272,0.031480000000000015,0.23876100000000003,false,0.0
347,2023-11-09,0.10429999999999998,0.10429999999999998,0.044113999999999993,0.234703,false,0.0
348,2023-12-11,0.13635000000000003,0.13635000000000003,0.06402200000000001,0.27364599999999994,false,0.0
349,2024-01-11,0.13721,0.13721,0.072347,0.280426,false,0.0
350,2024-02-12,0.13157,0.13157,0.065888,0.278074,false,0.0
351,2024-03-13,0.13567999999999997,0.13567999999999997,0.068063,0.27364099999999997,false,0.0
352,2024-04-12,0.12168000000000001,0.12168000000000001,0.05846900000000003,0.272068,false,0.0
353,2024-05-13,0.12440000000000002,0.12440000000000002,0.06978900000000003,0.277461,false,0.0
354,2024-06-12,0.12751,0.12751,0.061754000000000024,0.286977,false,0.0
355,2024-07-15,0.13076000000000002,0.13076000000000002,0.05666300000000002,0.299041,false,0.0
356,2024-08-13,0.14347,0.14347,0.06875,0.294058,false,0.0
357,2024-09-12,0.13258000000000006,0.13258000000000006,0.06890600000000001,0.28498300000000004,false,0.0
358,2024-10-11,0.15263,0.15263,0.073621,0.313427,false,0.0
359,2024-11-11,0.15177000000000002,0.15177000000000002,0.06612500000000002,0.31631100000000006,false,0.0
360,2024-12-11,0.14823999999999998,0.14823999999999998,0.06484000000000002,0.31346199999999996,false,0.0
361,2025-01-14,0.12697000000000003,0.12697000000000003,0.05054600000000002,0.294421,false,0.0
362,2025-02-13,0.14356000000000002,0.14356000000000002,0.05354200000000001,0.29658999999999996,false,0.0
363,2025-03-17,0.17907,0.17907,0.081844,0.336102,false,0.0
364,2025-04-15,0.17168000000000003,0.17168000000000003,0.062479000000000014,0.31732400000000005,false,0.0
365,2025-05-15,0.17704000000000003,0.17704000000000003,0.06491299999999998,0.3248720000000001,false,0.0
366,2025-06-16,0.15730000000000005,0.15730000000000005,0.04490099999999999,0.29601799999999995,false,0.0
367,2025-07-17,0.16309,0.16309,0.05656,0.31521499999999997,false,0.0
368,2025-08-15,0.15555999999999998,0.15555999999999998,0.044621999999999995,0.30253099999999994,false,0.0
369,2025-09-16,0.14903999999999995,0.14903999999999995,0.034782,0.31632399999999994,false,0.0
370,2025-10-15,0.14676999999999996,0.14676999999999996,0.024562000000000007,0.3167330000000001,false,0.0
371,2025-11-13,0.14349999999999996,0.14349999999999996,0.016860000000000007,0.32173000000000007,false,0.0
372,2025-12-15,0.12412000000000002,0.12412000000000002,0.008206999999999994,0.29134200000000005,false,0.0
373,2026-01-15,0.12862,0.12862,0.009235999999999998,0.28721,false,0.0
374,2026-02-17,0.11724,0.11724,0.021025000000000002,0.2831950000000001,false,0.0
375,2026-03-18,0.10423999999999997,0.10423999999999997,-0.007669000000000022,0.262082,false,0.0
376,2026-04-17,0.11850000000000004,0.11850000000000004,-0.006029000000000006,0.27647099999999997,false,0.0
377,2026-05-18,0.12223,0.12223,-0.026185999999999994,0.26563700000000007,false,0.0
