x1,x2,x3,x4,x5,x6,x7,x8,x9,x10,x11,x12,x13,x14,x15,x16,x17,x18,x19,x20,x21,x22,x23,x24,x25,x26,x27,x28,x29,x30,Date
0.0,0.0,0.0,0.0,0.0,0.0,0.0,0.0,0.0,0.0,0.0,0.15,0.0,0.006645336671911521,0.0018539748173361833,0.0,0.15,0.0,0.11066457274674875,0.15,0.0,0.13083611576400356,0.15,0.0,0.0,0.0,0.0,0.0,0.15,0.0,1995-01-26
0.0,0.0,0.0,0.0,0.0,0.0,0.0,0.0,0.0,0.0,0.0,0.15,0.0,0.0,0.05485013707500892,0.0,0.08255401526777373,0.0,0.1446125975557593,0.11798325010145808,0.0,0.15,0.15,0.0,0.0,0.0,0.0,0.0,0.15,0.0,1995-02-27
0.0,0.07325267078417749,0.0,0.0,0.0,0.0,0.0,0.0,0.0,0.0,0.0,0.15,0.0,0.095315444847443,0.0,0.0,0.08419634638114692,0.0,0.14723553798723266,0.15,0.0,0.0,0.15,0.0,0.0,0.0,0.0,0.0,0.15,0.0,1995-03-28
0.0,0.0,0.0,0.0,0.0,0.0,0.0,0.010734912663251954,0.0,0.0,0.0,0.15,0.0,0.0,0.0,0.0,0.15,0.0,0.11302968137155137,0.13896299509996562,0.0,0.13727241086523095,0.15,0.0,0.0,0.0,0.0,0.0,0.15,0.0,1995-04-27
0.0,0.0,0.0,0.0,0.0,0.0,0.0,0.0,0.0,0.0,0.0,0.15,0.0,0.10488407970074626,0.0,0.0,0.15,0.0,0.12863059718360553,0.15,0.0,0.03131370689979901,0.13517161621584922,0.0,0.0,0.0,0.0,0.0,0.15,0.0,1995-05-26
0.0,0.0,0.0,0.0,0.0,0.0,0.0,0.0,0.0,0.0,0.0,0.15,0.0,0.10195519558761354,0.0,0.0,0.15,0.0,0.12809822361443537,0.15,0.0,0.03427958979928097,0.13566699099867013,0.0,0.0,0.0,0.0,0.0,0.15,0.0,1995-06-27
0.0,0.0,0.0,0.0,0.0,0.0,0.0,0.0,0.0,0.0,0.0,0.15,0.0,0.010799380423797423,0.0,0.0,0.15,0.0,0.09874502313967035,0.15,0.0,0.057455641438091704,0.15,0.0,0.0,0.08299995499844065,0.0,0.0,0.15,0.0,1995-07-27
0.0,0.0,0.0,0.0,0.0,0.0,0.0,0.0,0.0,0.0,0.0,0.15,0.0,0.0,0.0,0.0,0.15,0.0032655975528120174,0.08545136148657864,0.15,0.0,0.0,0.15,0.012137982372471457,0.0,0.14914505858813806,0.0,0.0,0.15,0.0,1995-08-25
0.0,0.0,0.0,0.0,0.0,0.0,0.0,0.0,0.0,0.0,0.0,0.0,0.0,0.056244042130813625,0.0,0.13659459312036293,0.046642073684472256,0.010519291064351163,0.15,0.15,0.15,0.15,0.0,0.0,0.0,0.15,0.0,0.0,0.0,0.0,1995-09-26
0.0,0.0,0.0,0.0,0.0,0.0,0.0,0.0,0.0,0.0,0.0,0.0,0.05129760769107997,0.06412566258675008,0.0,0.15,0.0,0.05970675101922957,0.07841858055079833,0.15,0.15,0.1464513981521421,0.0,0.0,0.15,0.0,0.0,0.0,0.0,0.0,1995-10-25
0.043268460858841826,0.10324797535149123,0.0,0.0,0.0,0.15,0.005796943021434481,0.0,0.07564427961936551,0.07979728475800954,0.0,0.0,0.0,0.0,0.0,0.08191324677711137,0.03253887504587318,0.055091417068697524,0.0084895432115168,0.15,0.0,0.0,0.0,0.0642119742876585,0.0,0.0,0.0,0.0,0.15,0.0,1995-11-24
0.029815231781598922,0.08074045753148977,0.0,0.0,0.0,0.15,0.0,0.0,0.0,0.0012426881414419981,0.0,0.0,0.03912941601208245,0.0,0.026905200831710503,0.0436338962613637,0.02617696265286713,0.05365929709556495,0.053005634548273825,0.15,0.045691215143607446,0.0,0.0,0.15,0.0,0.0,0.0,0.0,0.15,0.0,1995-12-26
0.03205042178052013,0.0733692627462624,0.0,0.0,0.0,0.15,0.0,0.0,0.0,0.0,0.0,0.0,0.04513574431555081,0.0,0.029830172133373703,0.046830322984831564,0.026787261241368803,0.051098138967460356,0.05857621582101422,0.15,0.05091787446034143,0.0,0.0,0.13540458554927637,0.0,0.0,0.0,0.0,0.15,0.0,1996-01-25
0.05407248931824807,0.0,0.0,0.0,0.0,0.15,0.0,0.0,0.0,0.031784998582214306,0.0,0.0,0.011809988177799767,0.0,0.07401910732439838,0.015253777120146299,0.033876788729556115,0.07553418112244309,0.06898975120356508,0.15,0.03465891842162904,0.0,0.0,0.15,0.0,0.0,0.0,0.0,0.15,0.0,1996-02-26
0.04124281239923413,0.0013046605693185862,0.0,0.0,0.0,0.15,0.008422221944800693,0.0,0.0,0.015089020239647656,0.0,0.0,0.023694322693168637,0.0,0.06948364910994438,0.039342048074874854,0.028916361543812618,0.055728597441652074,0.0543444807427865,0.15,0.07864629287676413,0.0,0.0,0.13378553236399576,0.0,0.0,0.0,0.0,0.15,0.0,1996-03-26
0.0,0.0,0.0,0.0,0.0,0.15,0.0,0.0,0.13421692743568595,0.1279354308212723,0.0,0.0,0.0,0.0,0.0,0.0962782279079768,0.05505916964741973,0.035745912379735116,0.0,0.15,0.10076433180791028,0.0,0.0,0.15,0.0,0.0,0.0,0.0,0.0,0.0,1996-04-25
0.0,0.07818051979756832,0.0,0.0,0.0,0.15,0.0,0.0,0.09213121330173796,0.0,0.0,0.04030619171864827,0.0,0.0,0.0,0.08112598337998023,0.12251420757530802,0.04499867675063182,0.0,0.15,0.0,0.0,0.0,0.15,0.0,0.09074320747612538,0.0,0.0,0.0,0.0,1996-05-24
0.0,0.15,0.0,0.0,0.0,0.09478271568453374,0.0,0.0,0.0,0.0,0.0,0.04460952830640813,0.0,0.0,0.0,0.04058639852046519,0.10958590582554746,0.0799264021060658,0.0,0.15,0.0,0.0,0.10709558238606219,0.07341346717091765,0.0,0.15,0.0,0.0,0.0,0.0,1996-06-25
0.0,0.15,0.0,0.0,0.0,0.08081405726280615,0.0,0.0,0.0,0.0,0.0,0.036002707279496726,0.0,0.0,0.0,0.0377469317587585,0.10528885323829779,0.0898367142606869,0.0,0.15,0.0,0.0,0.10895249849810308,0.091358237701851,0.0,0.15,0.0,0.0,0.0,0.0,1996-07-25
0.10176145110779113,0.0,0.0,0.0,0.0,0.005967703313865807,0.0,0.0,0.03454142144885914,0.0,0.0,0.0007198030306911545,0.0,0.0,0.15,0.09756276302612106,0.15,0.05342860666902018,0.08051247531522057,0.15,0.0,0.0,0.0,0.15,0.0,0.0,0.0,0.0,0.025505776088431034,0.0,1996-08-23
0.07295166173501726,0.0,0.0,0.0,0.0,0.0,0.0,0.0,0.09451313898141973,0.0,0.0,0.0,0.0,0.0,0.13755571229477892,0.0,0.15,0.055030199854307606,0.06889386300461385,0.15,0.0,0.0,0.0,0.15,0.0,0.0,0.0,0.0,0.12105542412986248,0.0,1996-09-24
0.07247152367501433,0.0,0.0,0.0,0.0,0.022818916073093956,0.0,0.0,0.07294844993484827,0.0,0.0,0.0,0.0,0.0,0.14686235864945454,0.0,0.15,0.03897346899697192,0.04592528267061653,0.15,0.0,0.0,0.0,0.15,0.0,0.0,0.0,0.0,0.15,0.0,1996-10-23
0.10289357627205219,0.0,0.0,0.0,0.0,0.0,0.0,0.0,0.06475833661628849,0.0,0.0,0.0,0.0,0.0,0.15,0.0,0.1266590211178005,0.05501442592017072,0.06775469057041804,0.15,0.0,0.0,0.0,0.15,0.0,0.0,0.0,0.0,0.13291994950327002,0.0,1996-11-21
0.11154602154859375,0.0,0.0,0.0,0.0,0.0,0.0,0.0,0.051485644293165,0.0,0.0,0.0,0.0,0.0,0.15,0.0,0.1083813743905892,0.04801069762697882,0.11144763931005848,0.15,0.0,0.0,0.0,0.15,0.0,0.0,0.0,0.0,0.11912862283061494,0.0,1996-12-23
0.11412627154587433,0.0,0.0,0.0,0.0,0.0,0.0,0.0,0.04174331365551319,0.0,0.0,0.0,0.0,0.0,0.15,0.0,0.11321090131917022,0.0815481801659342,0.10580856899938947,0.15,0.0,0.0,0.0,0.15,0.0,0.0,0.0,0.0,0.09356276431411863,0.0,1997-01-23
0.10377410177165493,0.0,0.0,0.0,0.0,0.0,0.0,0.0,0.034843128217516214,0.0,0.0,0.00787686956005885,0.0,0.0,0.15,0.01663785723711301,0.13264559419957425,0.08721071178362404,0.01701173723045875,0.15,0.0,0.0,0.0,0.15,0.0,0.0,0.0,0.0,0.15,0.0,1997-02-25
0.11934477206552792,0.0,0.0,0.0,0.0,0.0,0.0,0.0,0.025504576067720566,0.0,0.0,0.0432521467284057,0.0,0.0,0.15,0.0,0.14023795967370187,0.09135777571027302,0.0,0.15,0.0,0.0,0.0,0.15,0.0,0.0,0.0,0.0,0.13030276975437094,0.0,1997-03-26
0.11933063404160137,0.0,0.0,0.0,0.0,0.0,0.0,0.0,0.0,0.0,0.0,0.010627167086963315,0.0,0.0,0.15,0.12097902772882342,0.1481533522809449,0.07614138996580516,0.0,0.15,0.0,0.0,0.0,0.15,0.0,0.0,0.0,0.0,0.07476842889586191,0.0,1997-04-25
0.08071777433659004,0.0,0.08743013309817026,0.0,0.0,0.0,0.0,0.0,0.0,0.0,0.04092336294488193,0.0,0.0,0.0,0.15,0.15,0.12933569396715353,0.06270842860251584,0.04082297374537055,0.15,0.0,0.0,0.03133366702864972,0.0,0.0,0.0,0.0,0.0,0.07672796627666838,0.0,1997-05-27
0.0883243307961252,0.0,0.09281623442023837,0.0,0.0,0.0,0.0,0.0,0.0,0.0,0.0231523161163403,0.0,0.0,0.0,0.15,0.15,0.12380958153959531,0.059729562803776615,0.04756819396371782,0.15,0.0,0.0,0.035246738044588735,0.0,0.0,0.0,0.0,0.0,0.07935304231561771,0.0,1997-06-25
0.03859231252775395,0.0,0.07056394751219953,0.0,0.0,0.0,0.0,0.0,0.0,0.0,0.1409126483887235,0.0,0.0,0.0,0.15,0.15,0.09975269314871149,0.04895979942564499,0.02838993993479298,0.15,0.0,0.0,0.0,0.06301057349378349,0.0,0.0,0.0,0.0,0.059818085568390134,0.0,1997-07-25
0.034216767401870865,0.0,0.07984851969109143,0.0,0.0,0.0,0.0,0.0,0.0,0.0,0.13138332287090124,0.0,0.0,0.0,0.15,0.15,0.060735965667115165,0.030427145546145253,0.04806946875851929,0.15,0.0,0.0,0.0,0.09497158388387833,0.0,0.0,0.0,0.0,0.07034722618047849,0.0,1997-08-25
0.13038618208473235,0.0,0.07266528372759809,0.0,0.0,0.0,0.0,0.0,0.0,0.0,0.028363854053642272,0.0,0.013713830346569464,0.0,0.15,0.15,0.03152540959414073,0.09365356834185914,0.15,0.15,0.0,0.0,0.0,0.0,0.0,0.0,0.0,0.0,0.029691871851457944,0.0,1997-09-24
0.12615824340039533,0.0,0.09662164062599579,0.0,0.0,0.0,0.0,0.0,0.0,0.0,0.06322639955421412,0.0,0.01411036629266481,0.0,0.15,0.15,0.10083235621832011,0.04845835243541906,0.0588433893975853,0.15,0.0,0.0,0.0,0.0,0.0,0.0,0.0,0.0,0.04174925207540557,0.0,1997-10-23
0.10474261446303071,0.0,0.09312851675379492,0.0,0.0,0.0,0.0,0.0,0.0,0.0,0.05881464457239879,0.0,0.025191105955283923,0.0,0.15,0.15,0.09019580782287319,0.045703524516078044,0.06227084966855144,0.15,0.0,0.0,0.0,0.0,0.0,0.0,0.0,0.0,0.06995293624798903,0.0,1997-11-21
0.0,0.15,0.0,0.0,0.15,0.0,0.06622970064566591,0.0,0.0,0.0,0.0,0.0,0.0,0.15,0.033770299354334066,0.0,0.0,0.15,0.0,0.15,0.0,0.0,0.0,0.0,0.0,0.0,0.0,0.0,0.15,0.0,1997-12-24
0.0,0.15,0.0,0.0,0.15,0.0,0.056746031746031676,0.0,0.0,0.0,0.0,0.0,0.0,0.15,0.0432539682539683,0.0,0.0,0.15,0.0,0.15,0.0,0.0,0.0,0.0,0.0,0.0,0.0,0.0,0.15,0.0,1998-01-27
0.0,0.15,0.0,0.0,0.15,0.15,0.055742071357780254,0.0,0.0,0.0,0.0,0.0,0.0,0.15,0.0,0.0,0.0,0.15,0.0,0.15,0.0,0.0,0.0,0.0,0.0,0.0,0.0,0.0,0.044257928642219724,0.0,1998-02-26
0.0,0.15,0.0,0.0,0.15,0.0,0.09603425949384956,0.0,0.0,0.0,0.0,0.0,0.0,0.15,0.053905040396362465,0.0,0.0,0.15,0.0,0.15,0.0,0.0,0.0,0.0,0.0,0.0,0.0,0.0,0.10006070010978799,0.0,1998-03-27
0.0,0.15,0.0,0.0,0.15,0.0,0.14149756928516888,0.0,0.0,0.0,0.0,0.0,0.0,0.15,0.009137597591644954,0.0,0.0,0.15,0.0,0.15,0.0,0.0,0.0,0.0,0.0,0.0,0.0,0.0,0.09936483312318617,0.0,1998-04-28
0.0,0.15,0.0,0.0,0.15,0.09256360078277896,0.15,0.0,0.0,0.0,0.0,0.0,0.0,0.15,0.0,0.0,0.0,0.15,0.0,0.15,0.0,0.0,0.0,0.0,0.0,0.0,0.0,0.0,0.007436399217221015,0.0,1998-05-28
0.0,0.15,0.0,0.0,0.15,0.0,0.10903116387534424,0.0,0.0,0.0,0.0,0.0,0.0,0.15,0.14096883612465574,0.0,0.0,0.15,0.0,0.15,0.0,0.0,0.0,0.0,0.0,0.0,0.0,0.0,0.0,0.0,1998-06-26
0.0,0.15,0.0,0.0,0.15,0.0,0.15,0.0,0.0,0.009950747140829778,0.0,0.0,0.0,0.0900492528591702,0.15,0.0,0.0,0.15,0.0,0.15,0.0,0.0,0.0,0.0,0.0,0.0,0.0,0.0,0.0,0.0,1998-07-28
0.0,0.15,0.0,0.0,0.15,0.0,0.15,0.0,0.0,0.0003857640617222204,0.0,0.0,0.0,0.09961423593827776,0.15,0.0,0.0,0.15,0.0,0.15,0.0,0.0,0.0,0.0,0.0,0.0,0.0,0.0,0.0,0.0,1998-08-26
0.0,0.15,0.07297443439710458,0.0,0.15,0.15,0.034625725130878804,0.0,0.020782560405898105,0.0,0.0,0.0,0.0,0.0,0.0,0.0,0.0,0.12161728006611851,0.0,0.15,0.0,0.0,0.0,0.0,0.0,0.0,0.0,0.0,0.0,0.15,1998-09-25
0.15,0.0,0.15,0.0,0.0,0.0,0.0,0.0,0.15,0.0,0.0,0.0,0.0,0.02209602829162108,0.0,0.0,0.0,0.0,0.15,0.15,0.0,0.0,0.0,0.0,0.0779039717083789,0.0,0.0,0.0,0.0,0.15,1998-10-26
0.15,0.0,0.15,0.0,0.0,0.0,0.0,0.0,0.15,0.0,0.0,0.08121272365805156,0.0,0.0,0.0,0.0,0.0,0.0,0.15,0.15,0.0,0.0,0.0,0.0,0.01878727634194842,0.0,0.0,0.0,0.0,0.15,1998-11-24
0.15,0.0,0.15,0.0,0.0,0.0,0.0,0.0,0.15,0.0,0.0,0.002257425742573878,0.0,0.0,0.0,0.0,0.0,0.0,0.15,0.15,0.0,0.0,0.0,0.0,0.09774257425742611,0.0,0.0,0.0,0.0,0.15,1998-12-24
0.15,0.0,0.15,0.0,0.0,0.0,0.0,0.0,0.15,0.0,0.0,0.01685842122083725,0.0,0.0,0.0,0.0,0.0,0.0,0.15,0.15,0.0,0.0,0.0,0.0,0.08314157877916273,0.0,0.0,0.0,0.0,0.15,1999-01-27
0.15,0.0,0.15,0.0,0.15,0.0,0.0,0.0,0.15,0.0,0.0,0.0,0.0,0.000859011305697226,0.0,0.0,0.0,0.0,0.15,0.15,0.0,0.0,0.0,0.0,0.0,0.0,0.0,0.0,0.0,0.09914098869430275,1999-02-26
0.15,0.0,0.15,0.0,0.014793689320388098,0.0,0.0,0.0,0.15,0.0,0.0,0.0,0.0,0.0,0.0,0.0,0.0,0.0,0.15,0.15,0.0,0.0,0.0,0.0,0.15,0.0,0.0,0.0,0.0,0.08520631067961187,1999-03-29
0.15,0.0,0.15,0.0,0.0,0.0,0.0,0.0,0.15,0.0,0.0,0.0,0.0,0.010130414531904667,0.0,0.0,0.0,0.0,0.15,0.15,0.0,0.0,0.0,0.0,0.08986958546809531,0.0,0.0,0.0,0.15,0.0,1999-04-28
0.15,0.0,0.15,0.0,0.0,0.0,0.0,0.0,0.15,0.0,0.0,0.0,0.0,0.15,0.0,0.0,0.0,0.0,0.15,0.15,0.0,0.0,0.0,0.0,0.06611974166521223,0.0,0.0,0.0,0.03388025833478775,0.0,1999-05-27
0.15,0.0,0.15,0.0,0.0,0.0,0.0,0.0,0.15,0.0,0.0,0.0,0.0,0.10447629398179616,0.0,0.0,0.0,0.0,0.15,0.15,0.0,0.0,0.0,0.0,0.14552370601820386,0.0,0.0,0.0,0.0,0.0,1999-06-28
0.15,0.0,0.15,0.0,0.08915919760990174,0.0,0.0,0.0,0.15,0.0,0.0,0.0,0.0,0.010840802390098242,0.0,0.0,0.0,0.0,0.15,0.15,0.0,0.0,0.0,0.0,0.15,0.0,0.0,0.0,0.0,0.0,1999-07-28
0.15,0.0,0.15,0.0,0.15,0.0,0.0,0.0,0.15,0.0,0.0,0.0,0.0,0.006444829292430028,0.0,0.0,0.0,0.0,0.15,0.15,0.0,0.0,0.0,0.0,0.09355517070756994,0.0,0.0,0.0,0.0,0.0,1999-08-26
0.15,0.0,0.15,0.0,0.03300615538179948,0.0,0.0,0.0,0.15,0.0,0.0,0.0,0.0,0.06699384461820049,0.0,0.0,0.0,0.0,0.15,0.15,0.0,0.0,0.0,0.0,0.15,0.0,0.0,0.0,0.0,0.0,1999-09-27
0.15,0.0,0.15,0.0,0.016585246702491303,0.0,0.0,0.0,0.15,0.0,0.0,0.0,0.0,0.08341475329750868,0.0,0.0,0.0,0.0,0.15,0.15,0.0,0.0,0.0,0.0,0.15,0.0,0.0,0.0,0.0,0.0,1999-10-26
0.15,0.0,0.15,0.0,0.0,0.0,0.0,0.0,0.15,0.0,0.0,0.0,0.0,0.12657071960297775,0.0,0.0,0.0,0.0,0.15,0.15,0.0,0.0,0.0,0.0,0.12342928039702225,0.0,0.0,0.0,0.0,0.0,1999-11-24
0.15,0.0,0.15,0.0,0.0,0.0,0.0,0.0,0.15,0.0,0.0,0.09552011720951221,0.0,0.15,0.0,0.0,0.0,0.0,0.15,0.15,0.004479882790487763,0.0,0.0,0.0,0.0,0.0,0.0,0.0,0.0,0.0,1999-12-27
0.15,0.0,0.1025867833910875,0.0,0.0,0.0,0.0,0.0,0.15,0.0,0.0,0.15,0.0,0.1474132166089125,0.0,0.0,0.0,0.0,0.15,0.15,0.0,0.0,0.0,0.0,0.0,0.0,0.0,0.0,0.0,0.0,2000-01-27
0.15,0.0,0.03703691976442277,0.0,0.15,0.0,0.0,0.0,0.15,0.0,0.0,0.15,0.0,0.0629630802355772,0.0,0.0,0.0,0.0,0.15,0.15,0.0,0.0,0.0,0.0,0.0,0.0,0.0,0.0,0.0,0.0,2000-02-28
0.15,0.0,0.030075615631691525,0.0,0.15,0.0,0.0,0.0,0.15,0.0,0.0,0.15,0.0,0.06992438436830845,0.0,0.0,0.0,0.0,0.15,0.15,0.0,0.0,0.0,0.0,0.0,0.0,0.0,0.0,0.0,0.0,2000-03-28
0.15,0.0,0.06530576485018388,0.0,0.15,0.0,0.0,0.0,0.15,0.0,0.0,0.15,0.0,0.034694235149816094,0.0,0.0,0.0,0.0,0.15,0.15,0.0,0.0,0.0,0.0,0.0,0.0,0.0,0.0,0.0,0.0,2000-04-27
0.15,0.0,0.15,0.0,0.006027119871026988,0.0,0.0,0.0,0.06690406401499302,0.0,0.0,0.15,0.0,0.15,0.0,0.0,0.027068816113979974,0.0,0.15,0.15,0.0,0.0,0.0,0.0,0.0,0.0,0.0,0.0,0.0,0.0,2000-05-26
0.15,0.0,0.15,0.0,0.0,0.0,0.0,0.0,0.15,0.0,0.0,0.15,0.0,0.09824823118233766,0.0,0.0,0.0,0.0,0.15,0.15,0.0,0.0,0.0,0.0,0.0017517688176623136,0.0,0.0,0.0,0.0,0.0,2000-06-27
0.15,0.0,0.15,0.0,0.04961290322580634,0.0,0.0,0.0,0.15,0.0,0.0,0.15,0.0,0.05038709677419364,0.0,0.0,0.0,0.0,0.15,0.15,0.0,0.0,0.0,0.0,0.0,0.0,0.0,0.0,0.0,0.0,2000-07-27
0.15,0.0,0.15,0.0,0.0,0.0,0.0,0.0,0.15,0.0,0.0,0.15,0.0,0.07449385260988009,0.0,0.0,0.0,0.0,0.15,0.15,0.0,0.0,0.0,0.0,0.025506147390119888,0.0,0.0,0.0,0.0,0.0,2000-08-25
0.15,0.0,0.15,0.0,0.0,0.0,0.0,0.0,0.15,0.0,0.0,0.15,0.0,0.09191773089677567,0.0,0.0,0.0,0.0,0.15,0.15,0.0,0.0,0.0,0.0,0.0,0.0,0.0,0.0,0.0,0.008082269103224307,2000-09-26
0.15,0.0,0.15,0.0,0.0,0.0,0.0,0.0,0.15,0.0,0.0,0.15,0.0,0.060140596059942784,0.0,0.0,0.0,0.0,0.15,0.15,0.0,0.0,0.0,0.0,0.0,0.0,0.0,0.0,0.0,0.03985940394005719,2000-10-25
0.15,0.0,0.15,0.0,0.06135353202700467,0.0,0.0,0.0,0.15,0.0,0.0,0.15,0.0,0.038646467972995306,0.0,0.0,0.0,0.0,0.15,0.15,0.0,0.0,0.0,0.0,0.0,0.0,0.0,0.0,0.0,0.0,2000-11-24
0.15,0.0,0.15,0.0,0.0,0.0,0.0,0.0,0.15,0.0,0.0,0.15,0.0,0.050901931755609586,0.0,0.0,0.0039332078359446965,0.0,0.15,0.15,0.0,0.0,0.0,0.0,0.0,0.0,0.0,0.0,0.0,0.045164860408445695,2000-12-26
0.15,0.0,0.15,0.0,0.026080831710110962,0.0,0.0,0.0,0.15,0.0,0.0,0.15,0.0,0.0,0.0,0.0,0.05305375222961821,0.0,0.15,0.15,0.0,0.0,0.0,0.0,0.0,0.0,0.0,0.0,0.0,0.0208654160602708,2001-01-26
0.15,0.0,0.15,0.0,0.12263483642793958,0.0,0.0,0.0,0.1273651635720604,0.0,0.0,0.15,0.0,0.0,0.0,0.0,0.0,0.0,0.15,0.15,0.0,0.0,0.0,0.0,0.0,0.0,0.0,0.0,0.0,0.0,2001-02-27
0.15,0.0,0.15,0.0,0.11493837304847977,0.0,0.0,0.0,0.13506162695152024,0.0,0.0,0.15,0.0,0.0,0.0,0.0,0.0,0.0,0.15,0.15,0.0,0.0,0.0,0.0,0.0,0.0,0.0,0.0,0.0,0.0,2001-03-28
0.15,0.0,0.15,0.0,0.03506958605898097,0.0,0.0,0.0,0.15,0.0,0.0,0.15,0.0,0.0,0.0,0.0,0.009479175968245863,0.0,0.15,0.15,0.0,0.0,0.0,0.0,0.05545123797277314,0.0,0.0,0.0,0.0,0.0,2001-04-27
0.15,0.0,0.15,0.0,0.0,0.0,0.0,0.0,0.15,0.0,0.0,0.15,0.0,0.0,0.0,0.0,0.006589975743549709,0.0,0.15,0.15,0.0,0.0,0.0,0.0,0.0,0.0,0.0,0.0,0.0,0.09341002425645027,2001-05-29
0.15,0.0,0.15,0.0,0.0,0.0,0.0,0.0,0.15,0.0,0.0,0.15,0.0,0.0,0.0,0.0,0.023009174551539675,0.0,0.15,0.15,0.0,0.0,0.0,0.0,0.041696780973828944,0.0,0.0,0.0,0.0,0.035294044474631366,2001-06-27
0.15,0.0,0.15,0.0,0.03128095791016086,0.0,0.0,0.0,0.15,0.0,0.0,0.15,0.0,0.0,0.0,0.0,0.01818261677514521,0.0,0.15,0.15,0.0,0.0,0.0,0.0,0.04727368152298015,0.0,0.0,0.0,0.0,0.0032627437917137608,2001-07-27
0.15,0.0,0.15,0.0,0.10690811535881935,0.0,0.0,0.0,0.0,0.0,0.0,0.15,0.0,0.0,0.0,0.0,0.0,0.0,0.15,0.15,0.0,0.0,0.0,0.0,0.14309188464118067,0.0,0.0,0.0,0.0,0.0,2001-08-27
0.15,0.0,0.15,0.0,0.022751317717073623,0.0,0.0,0.0,0.15,0.0,0.0,0.15,0.0,0.0,0.0,0.0,0.035493403795180706,0.0,0.15,0.15,0.0,0.0,0.0,0.0,0.041755278487745656,0.0,0.0,0.0,0.0,0.0,2001-10-02
0.15,0.0,0.15,0.0,0.0,0.0,0.0,0.0,0.15,0.0,0.0,0.15,0.0,0.0,0.0,0.0,0.09963172746347092,0.0,0.15,0.15,0.0,0.0,0.0,0.0,0.0,0.0,0.0,0.0,0.0,0.00036827253652903073,2001-10-31
0.15,0.0,0.15,0.0,0.0,0.0,0.0,0.0,0.15,0.0,0.0,0.15,0.0,0.0,0.0,0.0,0.06932482147206172,0.0,0.15,0.15,0.0,0.0,0.0,0.0,0.0,0.0,0.0,0.0,0.0,0.03067517852793825,2001-11-30
0.15,0.0,0.15,0.0,0.03295670152978791,0.0,0.0,0.0,0.15,0.0,0.0,0.15,0.0,0.0,0.0,0.0,0.05581851215099762,0.0,0.15,0.15,0.0,0.0,0.0,0.0,0.011224786319214438,0.0,0.0,0.0,0.0,0.0,2002-01-02
0.15,0.0,0.15,0.0,0.0677582164129568,0.0,0.0,0.0,0.15,0.0,0.0,0.15,0.0,0.0,0.0,0.0,0.02441087179387861,0.0,0.15,0.15,0.0,0.0,0.0,0.0,0.00783091179316456,0.0,0.0,0.0,0.0,0.0,2002-02-01
0.15,0.0,0.15,0.0,0.044825415287980876,0.0,0.0,0.0,0.15,0.0,0.0,0.15,0.0,0.0,0.0,0.0,0.04409834014220216,0.0,0.15,0.15,0.0,0.0,0.0,0.0,0.01107624456981695,0.0,0.0,0.0,0.0,0.0,2002-03-05
0.15,0.0,0.15,0.0,0.11330789954463336,0.0,0.0,0.0,0.15,0.0,0.0,0.11074496052622142,0.0,0.0,0.0,0.0,0.0,0.0,0.15,0.15,0.0,0.0,0.0,0.0,0.02594713992914525,0.0,0.0,0.0,0.0,0.0,2002-04-04
0.15,0.0,0.15,0.0,0.11184440983657641,0.0,0.0,0.0,0.15,0.0,0.0,0.11321484377091062,0.0,0.0,0.0,0.0,0.0,0.0,0.15,0.15,0.0,0.0,0.0,0.0,0.024940746392512928,0.0,0.0,0.0,0.0,0.0,2002-05-03
0.15,0.0,0.15,0.0,0.06675103887977336,0.0,0.0,0.0,0.15,0.0,0.0,0.15,0.0,0.0,0.0,0.0,0.025752300458651168,0.0,0.15,0.15,0.0,0.0,0.0,0.0,0.007496660661575459,0.0,0.0,0.0,0.0,0.0,2002-06-04
0.15,0.0,0.15,0.0,0.07866838025556813,0.0,0.0,0.0,0.15,0.0,0.0,0.15,0.0,0.0,0.0,0.0,0.015872725734364216,0.0,0.15,0.15,0.0,0.0,0.0,0.0,0.00545889401006763,0.0,0.0,0.0,0.0,0.0,2002-07-03
0.15,0.0,0.15,0.0,0.0876938640816687,0.0,0.0,0.0,0.15,0.0,0.0,0.15,0.0,0.0,0.0,0.0,0.008294602562907169,0.0,0.15,0.15,0.0,0.0,0.0,0.0,0.004011533355424124,0.0,0.0,0.0,0.0,0.0,2002-08-02
0.1195675756058303,0.0,0.15,0.0,0.0,0.0,0.0,0.0,0.08904197770090184,0.0,0.0,0.0,0.0,0.0,0.0,0.0,0.15,0.0,0.15,0.15,0.0,0.0,0.0,0.0,0.15,0.0,0.0,0.0,0.04139044669326783,0.0,2002-09-03
0.11244235964425645,0.0,0.15,0.0,0.0,0.0,0.0,0.0,0.09921747881968365,0.0,0.0,0.0,0.0,0.0,0.0,0.0,0.15,0.0,0.15,0.15,0.0,0.0,0.0,0.0,0.15,0.0,0.0,0.0,0.038340161536059944,0.0,2002-10-02
0.1420738680318838,0.0,0.15,0.0,0.0,0.0,0.0,0.0,0.03994974947901013,0.0,0.0,0.013637690879070678,0.0,0.0,0.0,0.0,0.15,0.0,0.15,0.15,0.0,0.0,0.0,0.0,0.15,0.0,0.0,0.0,0.05433869161003537,0.0,2002-10-31
0.10821622431598699,0.0,0.15,0.0,0.0,0.0,0.0,0.0,0.07639526916857665,0.0,0.0,0.023714586730062548,0.0,0.0,0.0,0.0,0.15,0.0,0.15,0.15,0.0,0.0,0.0,0.0,0.15,0.0,0.0,0.0,0.04167391978537368,0.0,2002-12-02
0.10013620018316716,0.0,0.15,0.0,0.030906241525554125,0.0,0.0,0.0,0.09845123106239492,0.0,0.0,0.0,0.0,0.0,0.0,0.0,0.15,0.0,0.15,0.15,0.0,0.0,0.0,0.0,0.15,0.0,0.0,0.0,0.0205063272288838,0.0,2003-01-02
0.11518047897422724,0.0,0.15,0.0,0.0,0.0,0.0,0.0,0.08135453908695078,0.0,0.0,0.009900188827719194,0.0,0.0,0.0,0.0,0.15,0.0,0.15,0.15,0.0,0.0,0.0,0.0,0.15,0.0,0.0,0.0,0.043564793111102715,0.0,2003-02-03
0.10920633660912463,0.0,0.15,0.0,0.0,0.0,0.0,0.0,0.07591346603361154,0.0,0.0,0.0226495867327391,0.0,0.0,0.0,0.0,0.15,0.0,0.15,0.15,0.0,0.0,0.0,0.0,0.15,0.0,0.0,0.0,0.04223061062452474,0.0,2003-03-05
0.10718198319412667,0.0,0.15,0.0,0.0,0.0,0.0,0.0,0.07673987437609726,0.0,0.0,0.024532695089382734,0.0,0.0,0.0,0.0,0.15,0.0,0.15,0.15,0.0,0.0,0.0,0.0,0.15,0.0,0.0,0.0,0.04154544734039332,0.0,2003-04-03
0.09309260718874501,0.0,0.15,0.0,0.0,0.0,0.0,0.0,0.08242169875510137,0.0,0.0,0.037509289438278845,0.0,0.0,0.0,0.0,0.15,0.0,0.15,0.15,0.0,0.0,0.0,0.0,0.15,0.0,0.0,0.0,0.03697640461787478,0.0,2003-05-05
0.09347346682992287,0.0,0.15,0.0,0.0,0.0,0.0,0.0,0.08229371577413987,0.0,0.0,0.037206013502927,0.0,0.0,0.0,0.0,0.15,0.0,0.15,0.15,0.0,0.0,0.0,0.0,0.15,0.0,0.0,0.0,0.037026803893010385,0.0,2003-06-04
0.09233784669738283,0.0,0.15,0.0,0.0,0.0,0.0,0.0,0.08272737222719895,0.0,0.0,0.038206852553246747,0.0,0.0,0.0,0.0,0.15,0.0,0.15,0.15,0.0,0.0,0.0,0.0,0.15,0.0,0.0,0.0,0.03672792852217146,0.0,2003-07-03
0.09067540017541044,0.0,0.15,0.0,0.0,0.0,0.0,0.0,0.08337434177962386,0.0,0.0,0.03969450411224519,0.0,0.0,0.0,0.0,0.15,0.0,0.15,0.15,0.0,0.0,0.0,0.0,0.15,0.0,0.0,0.0,0.03625575393272052,0.0,2003-08-04
0.08461752562812828,0.0,0.15,0.0,0.0,0.0,0.0,0.0,0.08574386840331155,0.0,0.0,0.04513769770034545,0.0,0.0,0.0,0.0,0.15,0.0,0.15,0.15,0.0,0.0,0.0,0.0,0.15,0.0,0.0,0.0,0.034500908268214725,0.0,2003-09-03
0.08290659509085811,0.0,0.15,0.0,0.0,0.0,0.0,0.0,0.0864587421883428,0.0,0.0,0.046759703880422145,0.0,0.0,0.0,0.0,0.15,0.0,0.15,0.15,0.0,0.0,0.0,0.0,0.15,0.0,0.0,0.0,0.03387495884037699,0.0,2003-10-02
0.0,0.08643920195562085,0.10753722428972808,0.0,0.10696955770174243,0.0,0.0,0.03966128171486352,0.0,0.04780206531257768,0.0,0.0,0.0,0.04326912086065881,0.0,0.0,0.15,0.0,0.0,0.004370457438901394,0.0,0.0,0.0,0.0,0.04052377306812359,0.15,0.0,0.07342731765778356,0.15,0.0,2003-10-31
0.0,0.07582224378101596,0.11904837119677904,0.0,0.15,0.0,0.0,0.006008178818170165,0.0,0.051522881496116585,0.0,0.0,0.0,0.059833622896146556,0.0,0.0,0.15,0.0,0.0,0.0044733213688437825,0.0,0.0,0.0,0.0,0.0,0.15,0.0,0.08329138044292794,0.15,0.0,2003-12-02
0.0,0.12090425881787581,0.10709891183812796,0.0,0.05415636482555785,0.0,0.0,0.0,0.0,0.007202157966658578,0.0,0.0,0.0,0.15,0.0,0.0,0.15,0.0,0.0,0.032165705537049706,0.0,0.0,0.0,0.0,0.005354120276152229,0.1472296929330052,0.0,0.08189067745625093,0.14399811034932164,0.0,2004-01-02
0.0,0.11067324159855985,0.11078762668875686,0.0,0.06710892508599575,0.0,0.0,0.0,0.0,0.02134649146340941,0.0,0.0,0.0,0.14313590782571753,0.0,0.0,0.15,0.0,0.0,0.030169669754098082,0.0,0.0,0.0,0.0,0.004075188441228366,0.132583248174754,0.0,0.08513571748480951,0.14498398348267083,0.0,2004-02-03
0.0,0.06766197427136199,0.10959600225657758,0.0,0.15,0.0,0.0,0.0,0.0,0.0,0.0,0.0,0.0,0.15,0.0,0.0,0.15,0.0,0.0,0.059653554441381255,0.0,0.0,0.0,0.0,0.0,0.15,0.0,0.1129652145710755,0.05012325445960373,0.0,2004-03-04
0.0,0.015253195574803192,0.10870504528332961,0.0,0.15,0.0,0.0,0.0,0.0,0.0,0.0,0.0,0.0,0.15,0.0,0.0,0.15,0.0,0.06708064404933578,0.12144219646335029,0.0,0.0,0.0,0.0,0.04056829865752362,0.06963309030062118,0.0,0.12731752967103638,0.0,0.0,2004-04-02
0.0,0.014509106025804545,0.10832433772197761,0.0,0.15,0.0,0.0,0.0,0.0,0.0,0.0,0.0,0.0,0.15,0.0,0.0,0.15,0.0,0.06751837675127591,0.12188611883238754,0.0,0.0,0.0,0.0,0.041016818912012164,0.06972056288251584,0.0,0.12702467887402613,0.0,0.0,2004-05-04
0.0,0.08855403027371896,0.13100207814997003,0.0,0.15,0.0,0.0,0.0,0.0,0.0,0.0,0.0,0.0,0.15,0.0,0.0,0.15,0.0,0.0,0.09770771683885375,0.0,0.0,0.0,0.0,0.01968127927137437,0.01958847746626358,0.0,0.146678117955896,0.046788300043923425,0.0,2004-06-03
0.0,0.08873335607489599,0.13147313488752385,0.0,0.15,0.0,0.0,0.0,0.0,0.0,0.0,0.0,0.0,0.15,0.0,0.0,0.15,0.0,0.0,0.09910767853357234,0.0,0.0,0.0,0.0,0.021983156946271083,0.01992333505093994,0.0,0.1474770363542673,0.04130230215252971,0.0,2004-07-06
0.0,0.08337108099535308,0.12840453564274715,0.0,0.15,0.0,0.0,0.0,0.0,0.0,0.0,0.0,0.0,0.15,0.0,0.0,0.15,0.0,0.0068683385642363355,0.09695343486376211,0.0,0.0,0.0,0.0,0.023029036521161388,0.020735041207103597,0.0,0.1452172204674348,0.04542131173820106,0.0,2004-08-04
0.0,0.07641369618251431,0.12528515066725765,0.0,0.15,0.0,0.0,0.0,0.0,0.0,0.0,0.0,0.0,0.15,0.0,0.0,0.15,0.0,0.01656972413807207,0.09621280853956848,0.0,0.0,0.0,0.0,0.027460980933763993,0.023238141446871512,0.0,0.1434384858519344,0.04138101224001751,0.0,2004-09-02
0.0,0.07467324474231894,0.12458972836488086,0.0,0.15,0.0,0.0,0.0,0.0,0.0,0.0,0.0,0.0,0.15,0.0,0.0,0.15,0.0,0.018590467374318968,0.09587441430030806,0.0,0.0,0.0,0.0,0.028006372682338233,0.02356234057342939,0.0,0.1430697019387184,0.04163373002368726,0.0,2004-10-04
0.0,0.046846388011438964,0.11245250239749262,0.0,0.15,0.0,0.0,0.0,0.0,0.0,0.0,0.0,0.0,0.15,0.0,0.0,0.15,0.0,0.05657455420458009,0.09049661926122686,0.0,0.0,0.0,0.0,0.03933424559293939,0.03384038916891181,0.0,0.13528801647796543,0.03516728488544494,0.0,2004-11-02
0.0,0.046262059631363296,0.11236761439448321,0.0,0.15,0.0,0.0,0.0,0.0,0.0,0.0,0.0,0.0,0.15,0.0,0.0,0.15,0.0,0.057008198567219316,0.09022651510880782,0.0,0.0,0.0,0.0,0.03843617554020192,0.034998835210271605,0.0,0.1349762561701142,0.03572434537753856,0.0,2004-12-02
0.0,0.03785743155620472,0.10842995262034646,0.0,0.15,0.0,0.0,0.0,0.0,0.0,0.0,0.0,0.0,0.15,0.0,0.0,0.15,0.0,0.0633380105241895,0.09138769332421638,0.0,0.0,0.0,0.0,0.042466903005799195,0.04720506810824199,0.0,0.13116875783093274,0.028146183030069074,0.0,2005-01-03
0.0,0.02701672685738777,0.10525781301087278,0.0,0.15,0.0,0.0,0.0,0.0,0.0,0.0,0.0,0.0,0.15,0.0,0.0,0.15,0.0,0.059995898235543174,0.09967866205116302,0.0,0.0,0.0,0.0,0.04503071611129753,0.08672183178713698,0.0,0.12457376976364364,0.0017245821829551828,0.0,2005-02-02
0.0,0.02758379409912022,0.10511763257156985,0.0,0.15,0.0,0.0,0.0,0.0,0.0,0.0,0.0,0.0,0.15,0.0,0.0,0.15,0.0,0.05836896628496805,0.09991544095295118,0.0,0.0,0.0,0.0,0.04494930237712795,0.08730142173251618,0.0,0.12425396291170741,0.0025094790700390746,0.0,2005-03-04
0.0,0.05008245083835256,0.11321161632831535,0.0,0.15,0.0,0.0,0.0,0.0,0.0,0.0,0.0,0.0,0.15,0.0,0.0,0.15,0.0,0.06725158894977654,0.07971789737717597,0.0,0.0,0.0,0.0,0.04722245432353807,0.04628738100839177,0.0,0.1090434481048827,0.03718316306956705,0.0,2005-04-05
0.0,0.04730098292382752,0.11137429173204187,0.0,0.15,0.0,0.0,0.0,0.0,0.0,0.0,0.0,0.0,0.15,0.0,0.0,0.15,0.0,0.06334454396332331,0.08248661652206127,0.0,0.0,0.0,0.0,0.04132788064214604,0.03952482949261876,0.0,0.119674156606789,0.044966698117192096,0.0,2005-05-04
0.0,0.09156275270305068,0.09983374758303812,0.0,0.15,0.0,0.0,0.05404510342685427,0.0,0.03192101851978139,0.0,0.0,0.0,0.0,0.0,0.0,0.15,0.0,0.0,0.0,0.0,0.0,0.0,0.0,0.06939188578851892,0.15,0.0,0.05324549197875672,0.15,0.0,2005-06-03
0.01835173297036437,0.08857415624788831,0.09986506639387838,0.0,0.15,0.0,0.0,0.04254988252527299,0.0,0.028591488571034062,0.0,0.0,0.0,0.0,0.0,0.0,0.15,0.0,0.0,0.0,0.0,0.0,0.0,0.0,0.07885384233825495,0.15,0.0,0.043213830953306914,0.15,0.0,2005-07-05
0.0874484415822287,0.07996885156049827,0.09938064008129377,0.0,0.15,0.0,0.0,0.0,0.0,0.01218392900546467,0.0,0.0,0.0,0.0,0.0,0.0,0.15,0.0,0.0,0.0,0.0,0.0,0.0,0.0,0.11672369071100655,0.15,0.0,0.0042944470595081006,0.15,0.0,2005-08-03
0.10142874714840147,0.0695521811809197,0.09579143283248523,0.0,0.15,0.0,0.0,0.000892904969385811,0.0,0.010890545080289084,0.0,0.0,0.0,0.0,0.0,0.0,0.15,0.0,0.0,0.0,0.0,0.0,0.0,0.0,0.12144418878851868,0.15,0.0,0.0,0.15,0.0,2005-09-01
0.09798181880454537,0.0677594142124235,0.09814862716259942,0.0,0.15,0.0,0.0,0.0,0.0,0.01652880024625,0.0,0.0,0.0,0.0,0.0,0.0,0.15,0.0,0.0,0.0,0.0,0.0,0.0,0.0,0.11822180747240325,0.15,0.0,0.0013595321017783265,0.15,0.0,2005-10-03
0.0977836512093755,0.06724529451831435,0.0980531055527752,0.0,0.15,0.0,0.0,0.0,0.0,0.016644678514280635,0.0,0.0,0.0,0.0,0.0,0.0,0.15,0.0,0.0,0.0,0.0,0.0,0.0,0.0,0.11813155727270723,0.15,0.0,0.0021417129325472903,0.15,0.0,2005-11-01
0.09955063042877442,0.06578462839223434,0.09770514436585027,0.0,0.15,0.0,0.0,0.00136856239047214,0.0,0.016605453294916216,0.0,0.0,0.0,0.0,0.0,0.0,0.15,0.0,0.0,0.0,0.0,0.0,0.0,0.0,0.11898558112775262,0.15,0.0,0.0,0.15,0.0,2005-12-01
0.1001019538658485,0.06619452934891945,0.09790834899967713,0.0,0.15,0.0,0.0,0.0,0.0,0.015956898581242166,0.0,0.0,0.0,0.0,0.0,0.0,0.15,0.0,0.0,0.0,0.0,0.0,0.0,0.0,0.11983826920431274,0.15,0.0,0.0,0.15,0.0,2006-01-03
0.10276145786102768,0.06300495428792252,0.09720835898622021,0.0,0.15,0.0,0.0,0.0,0.0,0.01668588254192594,0.0,0.0,0.0,0.0,0.0,0.0,0.15,0.0,0.0,0.0,0.0,0.0,0.0,0.0,0.12033934632290363,0.15,0.0,0.0,0.15,0.0,2006-02-02
0.09912417934246223,0.06543442186763311,0.09777184612842325,0.0,0.15,0.0,0.0,0.0,0.0,0.016641438699487306,0.0,0.0,0.0,0.0,0.0,0.0,0.15,0.0,0.0,0.0,0.0,0.0,0.0,0.0,0.11864723104724371,0.15,0.0,0.002380882914750452,0.15,0.0,2006-03-06
0.09860112681172128,0.06529969351203659,0.0977502913250168,0.0,0.15,0.0,0.0,0.0,0.0,0.01670560009641666,0.0,0.0,0.0,0.0,0.0,0.0,0.15,0.0,0.0,0.0,0.0,0.0,0.0,0.0,0.11847243099847299,0.15,0.0,0.003170857256335708,0.15,0.0,2006-04-04
0.08106717512765418,0.0829050785946209,0.10185541697600248,0.0,0.15,0.0,0.0,0.009034368805711991,0.0,0.012783245582526909,0.0,0.0,0.0,0.0,0.0,0.0,0.15,0.0,0.0,0.0,0.0,0.0,0.0,0.0,0.11235471491348364,0.15,0.0,0.0,0.15,0.0,2006-05-04
0.10255103950621501,0.08512867183077392,0.10655185374728025,0.0,0.09778271735931296,0.0,0.0,0.014323680488966541,0.0,0.017209857101802742,0.0,0.0,0.0,0.0,0.0,0.0,0.15,0.0,0.0,0.0,0.0,0.0,0.0,0.0,0.12645217996564864,0.15,0.0,0.0,0.15,0.0,2006-06-05
0.11360135958734296,0.07574371147986662,0.10998747323474617,0.0,0.08524006204163831,0.0,0.0,0.0,0.0,0.016474033021736202,0.0,0.0,0.0,0.0,0.0,0.0,0.15,0.0,0.0,0.0,0.0,0.0,0.0,0.0,0.12211951493642838,0.15,0.0,0.026833845698241543,0.15,0.0,2006-07-05
0.07443845329712642,0.09143792219107212,0.10415916572128507,0.0,0.10666825688254881,0.0,0.0,0.03509776378854968,0.0,0.022051923716832768,0.0,0.0,0.0,0.0,0.0,0.0,0.15,0.0,0.0,0.0,0.0,0.0,0.0,0.0,0.11614651440258518,0.15,0.0,0.0,0.15,0.0,2006-08-03
0.06379364413389244,0.0945647164787865,0.1034437231386026,0.0,0.10635233370807082,0.0,0.0,0.044189121856439396,0.0,0.024530096932213478,0.0,0.0,0.0,0.0,0.0,0.0,0.15,0.0,0.0,0.0,0.0,0.0,0.0,0.0,0.11312636375199481,0.15,0.0,0.0,0.15,0.0,2006-09-01
0.062412364446606666,0.09373531033531089,0.1031619745754599,0.0,0.11309468113359898,0.0,0.0,0.04357375840516586,0.0,0.02370436191807119,0.0,0.0,0.0,0.0,0.0,0.0,0.15,0.0,0.0,0.0,0.0,0.0,0.0,0.0,0.11031754918578673,0.15,0.0,0.0,0.15,0.0,2006-10-03
0.05890380693258785,0.0,0.042400892927590174,0.0,0.15,0.07702712865591271,0.06277668861777262,0.0,0.0,0.0,0.0,0.0,0.0,0.03287401705913397,0.0,0.0,0.15,0.0,0.0,0.0,0.0,0.0403943784099056,0.0,0.0,0.15,0.10394359994250434,0.0,0.04280371739323323,0.08887577006135967,0.0,2006-11-01
0.052486071103941545,0.0,0.04330589156192035,0.0,0.15,0.08036227206075154,0.04569730651083441,0.0,0.0,0.0,0.0,0.0,0.0,0.021179443427832026,0.0,0.0,0.15,0.0,0.0,0.0,0.0,0.039198493430497965,0.0,0.0,0.15,0.15,0.0,0.0399230067420453,0.07784751516217688,0.0,2006-12-01
0.06354371904031277,0.0036626530391123146,0.04609275544543972,0.0,0.15,0.09506239302019,0.023552969674769338,0.0,0.0,0.0,0.0,0.0,0.0,0.0,0.0,0.0,0.15,0.0,0.0,0.0,0.0,0.0,0.0,0.0,0.15,0.15,0.0,0.03142916094532865,0.13665634883484723,0.0,2007-01-04
0.041335373914128046,0.015605795024122812,0.04885774638982058,0.0,0.15,0.11605885105982593,0.01119613614361205,0.0,0.0,0.0,0.0,0.0,0.0,0.0,0.0,0.0,0.15,0.0,0.0,0.0,0.0,0.0,0.0,0.0,0.15,0.15,0.0,0.024822864580489958,0.14212323288800066,0.0,2007-02-05
0.035059057217060347,0.018981055136034104,0.049639162507629155,0.0,0.15,0.12199267545892827,0.007703962360567034,0.0,0.0,0.0,0.0,0.0,0.0,0.0,0.0,0.0,0.15,0.0,0.0,0.0,0.0,0.0,0.0,0.0,0.15,0.15,0.0,0.022955854321741635,0.14366823299803944,0.0,2007-03-07
0.0,0.03566563917585924,0.05331958191089368,0.0,0.15,0.15,0.0,0.0,0.0,0.0,0.0,0.0,0.0,0.0,0.0,0.0,0.15,0.0,0.004848173779788633,0.00025298787025194335,0.0,0.0,0.0,0.0,0.15,0.14281017741332902,0.0,0.013103439849877519,0.15,0.0,2007-04-05
0.0,0.03518901308473238,0.053259187964642365,0.0,0.15,0.15,0.0,0.0,0.0,0.0,0.0,0.0,0.0,0.0,0.0,0.0,0.15,0.0,0.005496173448009555,0.000496161443698951,0.0,0.0,0.0,0.0,0.15,0.14252783035315705,0.0,0.013031633705759596,0.15,0.0,2007-05-07
0.0,0.034516953844263044,0.053176946705827614,0.0,0.15,0.15,0.0,0.0,0.0,0.0,0.0,0.0,0.0,0.0,0.0,0.0,0.15,0.0,0.006407935324059568,0.0008378667944312235,0.0,0.0,0.0,0.0,0.15,0.1421331503454459,0.0,0.012927146985972617,0.15,0.0,2007-06-06
0.0,0.03396277281949942,0.053108657652366116,0.0,0.15,0.15,0.0,0.0,0.0,0.0,0.0,0.0,0.0,0.0,0.0,0.0,0.15,0.0,0.007159723723782652,0.0011197269826813132,0.0,0.0,0.0,0.0,0.15,0.14180727415241576,0.0,0.012841844669254891,0.15,0.0,2007-07-06
0.0,0.02156801000550365,0.051452912574569555,0.0,0.15,0.15,0.0070936832888019415,0.0,0.0,0.0,0.0,0.0,0.0,0.0,0.0,0.0,0.15,0.0,0.02308447611421159,0.007505190858345762,0.0,0.0,0.0,0.0,0.15,0.13064030164827994,0.0,0.00949120064997582,0.14916422486031172,0.0,2007-08-06
0.15,0.10554369451046676,0.04710312519352823,0.0,0.0,0.15,0.06967700685019008,0.0,0.0,0.0,0.0,0.0,0.0,0.0,0.0,0.0,0.15,0.03939588390880027,0.11651114730045153,0.07725577579628937,0.0,0.0,0.0,0.0,0.09451336644027371,0.0,0.0,0.0,0.0,0.0,2007-09-05
0.15,0.1170762716471821,0.0,0.002056029542966296,0.08491589141540952,0.15,0.0,0.15,0.0,0.0,0.0,0.0,0.0,0.0,0.0,0.0,0.10928873789293783,0.08666306950150429,0.15,0.0,0.0,0.0,0.0,0.0,0.0,0.0,0.0,0.0,0.0,0.0,2007-10-04
0.15,0.15,0.0,0.0,0.0,0.15,0.0,0.15,0.0,0.0,0.0,0.0,0.0,0.0,0.0,0.0,0.15,0.0644638670226083,0.15,0.003303398949222668,0.0,0.0,0.0,0.032232734028169,0.0,0.0,0.0,0.0,0.0,0.0,2007-11-02
0.15,0.15,0.019464015773025832,0.0,0.0,0.15,0.0,0.15,0.0,0.0,0.0,0.0,0.0,0.0,0.0,0.0,0.15,0.05982535350194176,0.15,0.020710630725032406,0.0,0.0,0.0,0.0,0.0,0.0,0.0,0.0,0.0,0.0,2007-12-04
0.15,0.15,0.0,0.0,0.0,0.15,0.0,0.14731839346215062,0.0,0.0,0.0,0.0,0.0,0.0,0.0,0.0,0.07451545644288571,0.06961293662608754,0.15,0.10855321346887613,0.0,0.0,0.0,0.0,0.0,0.0,0.0,0.0,0.0,0.0,2008-01-04
0.15,0.15,0.0,0.0,0.0,0.15,0.0,0.12877966757418585,0.0,0.0,0.0,0.0,0.0,0.0,0.0,0.0,0.07798398537377335,0.05883901580100025,0.15,0.13439733125104045,0.0,0.0,0.0,0.0,0.0,0.0,0.0,0.0,0.0,0.0,2008-02-05
0.0,0.15,0.0,0.0,0.012535339193459264,0.15,0.0,0.15,0.0,0.0,0.0,0.0,0.0,0.0,0.0,0.0,0.06664817249508163,0.0,0.15,0.15,0.0,0.0,0.0,0.0,0.0,0.05811679355644104,0.11269969475501808,0.0,0.0,0.0,2008-03-06
0.0,0.15,0.0,0.0,0.06779921611780503,0.15,0.0,0.15,0.0,0.0,0.0,0.0,0.0,0.0,0.0,0.0,0.0676336436978329,0.0,0.15,0.15,0.0,0.0,0.0,0.0,0.0,0.0,0.11456714018436207,0.0,0.0,0.0,2008-04-07
0.0,0.09894227456823042,0.15,0.04027648762139998,0.0,0.15,0.0,0.15,0.0,0.0,0.0,0.0,0.0,0.0,0.0,0.0,0.0,0.0205242780963605,0.0,0.0,0.0,0.15,0.0,0.0,0.0,0.0,0.0,0.10247042675429609,0.0,0.13778653295971247,2008-05-06
0.0,0.08432550051214628,0.15,0.07717204214602412,0.0,0.15,0.0,0.15,0.0,0.0,0.0,0.0,0.0,0.0,0.0,0.0,0.0,0.02350770368265589,0.0,0.008601025643356897,0.0,0.15,0.0,0.0,0.0,0.0,0.06924563603814478,0.09255061969895848,0.0,0.044597472278713655,2008-06-05
0.0,0.05663513313747158,0.15,0.07522167295516702,0.0,0.15,0.0,0.15,0.0,0.0,0.0,0.0,0.0,0.0,0.0,0.0,0.0,0.03335808752623485,0.0,0.01378693922912986,0.0,0.10703683338028668,0.0,0.0,0.0,0.0,0.09411066633808189,0.10435352865132153,0.0,0.06549713878230665,2008-07-07
0.0,0.15,0.15,0.007274311922592056,0.02227090159497086,0.15,0.0,0.15,0.0,0.0,0.0,0.0,0.0,0.0,0.0,0.0,0.0,0.0,0.12833923665037625,0.0,0.0,0.0,0.0,0.0,0.0,0.09211554983206083,0.0,0.15,0.0,0.0,2008-08-05
0.0,0.15,0.15,0.0,0.07735970657041265,0.15,0.0,0.15,0.0,0.0,0.0,0.0,0.0,0.0,0.0,0.0,0.0,0.0,0.1313884262480414,0.0,0.0,0.011401023654349822,0.0,0.0,0.02985084352719615,0.0,0.0,0.15,0.0,0.0,2008-09-04
0.0,0.15,0.15,0.0,0.03405064380916385,0.15,0.0,0.15,0.0,0.0,0.0,0.0,0.0,0.0,0.0,0.0,0.0,0.0,0.12877332326853863,0.0,0.0,0.02913365490001285,0.0,0.0,0.05804237802228468,0.0,0.0,0.15,0.0,0.0,2008-10-03
0.15,0.15,0.0,0.0,0.0,0.15,0.04671990872789486,0.0,0.0,0.05328009127210512,0.0,0.0,0.0,0.0,0.0,0.0,0.0,0.0,0.0,0.0,0.0,0.0,0.0,0.0,0.15,0.0,0.0,0.15,0.0,0.15,2008-11-03
0.15,0.15,0.07861958226057247,0.0,0.0,0.0,0.0,0.15,0.0,0.1377170186854633,0.0,0.0,0.0,0.0,0.0,0.0,0.0,0.0,0.0,0.0,0.0,0.15,0.0,0.0,0.0,0.0,0.0,0.03366339905396424,0.0,0.15,2008-12-03
0.15,0.15,0.15,0.0,0.0,0.10113525337222017,0.0,0.15,0.0,0.0,0.0,0.0,0.0,0.0,0.0,0.0,0.0,0.0,0.0,0.0,0.0,0.009099526066350448,0.0,0.0,0.0,0.0,0.0,0.15,0.0,0.13976522056142937,2009-01-05
0.15,0.15,0.15,0.0,0.0,0.10113525337221987,0.0,0.15,0.0,0.0,0.0,0.0,0.0,0.0,0.0,0.0,0.0,0.0,0.0,0.0,0.0,0.009099526066350321,0.0,0.0,0.0,0.0,0.0,0.15,0.0,0.13976522056142981,2009-02-04
0.15,0.15,0.15,0.0,0.0,0.1011352533722202,0.0,0.15,0.0,0.0,0.0,0.0,0.0,0.0,0.0,0.0,0.0,0.0,0.0,0.0,0.0,0.00909952606635049,0.0,0.0,0.0,0.0,0.0,0.15,0.0,0.13976522056142934,2009-03-06
0.15,0.15,0.15,0.0,0.0,0.1011352533722202,0.0,0.15,0.0,0.0,0.0,0.0,0.0,0.0,0.0,0.0,0.0,0.0,0.0,0.0,0.0,0.00909952606635049,0.0,0.0,0.0,0.0,0.0,0.15,0.0,0.13976522056142934,2009-04-06
0.15,0.15,0.15,0.0,0.0,0.1011352533722202,0.0,0.15,0.0,0.0,0.0,0.0,0.0,0.0,0.0,0.0,0.0,0.0,0.0,0.0,0.0,0.00909952606635049,0.0,0.0,0.0,0.0,0.0,0.15,0.0,0.13976522056142934,2009-05-06
0.15,0.15,0.15,0.0,0.0,0.1011352533722202,0.0,0.15,0.0,0.0,0.0,0.0,0.0,0.0,0.0,0.0,0.0,0.0,0.0,0.0,0.0,0.009099526066350488,0.0,0.0,0.0,0.0,0.0,0.15,0.0,0.13976522056142932,2009-06-05
0.15,0.15,0.15,0.0,0.0,0.1011352533722202,0.0,0.15,0.0,0.0,0.0,0.0,0.0,0.0,0.0,0.0,0.0,0.0,0.0,0.0,0.0,0.00909952606635049,0.0,0.0,0.0,0.0,0.0,0.15,0.0,0.13976522056142934,2009-07-07
0.15,0.15,0.15,0.0,0.0,0.10113525337222018,0.0,0.15,0.0,0.0,0.0,0.0,0.0,0.0,0.0,0.0,0.0,0.0,0.0,0.0,0.0,0.009099526066350486,0.0,0.0,0.0,0.0,0.0,0.15,0.0,0.13976522056142932,2009-08-05
0.15,0.15,0.15,0.0,0.0,0.10113525337222029,0.0,0.15,0.0,0.0,0.0,0.0,0.0,0.0,0.0,0.0,0.0,0.0,0.0,0.0,0.0,0.009099526066350542,0.0,0.0,0.0,0.0,0.0,0.15,0.0,0.13976522056142918,2009-09-03
0.15,0.15,0.15,0.0,0.0,0.10536547973704334,0.0,0.15,0.0,0.006610783094454368,0.0,0.0,0.0,0.0,0.0,0.0,0.0,0.0,0.0,0.0,0.0,0.015340606599124422,0.0,0.0,0.0,0.0,0.0,0.15,0.0,0.1226831305693779,2009-10-05
0.15,0.15,0.15,0.0,0.0,0.10113525337222022,0.0,0.15,0.0,0.0,0.0,0.0,0.0,0.0,0.0,0.0,0.0,0.0,0.0,0.0,0.0,0.009099526066350503,0.0,0.0,0.0,0.0,0.0,0.15,0.0,0.13976522056142926,2009-11-03
0.15,0.15,0.15,0.0,0.0,0.10113525337222024,0.0,0.15,0.0,0.0,0.0,0.0,0.0,0.0,0.0,0.0,0.0,0.0,0.0,0.0,0.0,0.009099526066350512,0.0,0.0,0.0,0.0,0.0,0.15,0.0,0.13976522056142926,2009-12-03
0.15,0.15,0.15,0.0,0.0,0.10113525337222036,0.0,0.15,0.0,0.0,0.0,0.0,0.0,0.0,0.0,0.0,0.0,0.0,0.0,0.0,0.0,0.009099526066350578,0.0,0.0,0.0,0.0,0.0,0.15,0.0,0.13976522056142907,2010-01-05
0.15,0.15,0.15,0.0,0.0,0.11118629042198942,0.0,0.15,0.0,0.0,0.0,0.0,0.0,0.0,0.0,0.0,0.0,0.0,0.0,0.0,0.0,0.03784606445509264,0.0,0.0,0.0,0.0,0.0,0.13112781705032808,0.0,0.11983982807258989,2010-02-04
0.15,0.15,0.15,0.0,0.0,0.10113525337222015,0.0,0.15,0.0,0.0,0.0,0.0,0.0,0.0,0.0,0.0,0.0,0.0,0.0,0.0,0.0,0.009099526066350467,0.0,0.0,0.0,0.0,0.0,0.15,0.0,0.13976522056142937,2010-03-08
0.15,0.15,0.15,0.0,0.0,0.11117789148930614,0.0,0.15,0.0,0.0,0.0,0.0,0.0,0.0,0.0,0.0,0.0,0.0,0.0,0.0,0.0,0.037822043029282805,0.0,0.0,0.0,0.0,0.0,0.1311435871836382,0.0,0.11985647829777288,2010-04-07
0.15,0.15,0.15,0.0,0.0,0.1011352533722202,0.0,0.15,0.0,0.0,0.0,0.0,0.0,0.0,0.0,0.0,0.0,0.0,0.0,0.0,0.0,0.00909952606635049,0.0,0.0,0.0,0.0,0.0,0.15,0.0,0.13976522056142934,2010-05-06
0.15,0.15,0.15,0.0,0.0,0.11470585842414052,0.0,0.15,0.0,0.021207452916648117,0.0,0.0,0.0,0.0,0.0,0.0,0.0,0.0,0.0,0.0,0.0,0.029120969767754783,0.0,0.0,0.0,0.0,0.0,0.15,0.0,0.08496571889145656,2010-06-07
0.15,0.15,0.15,0.0,0.0,0.10571357586173916,0.0,0.15,0.0,0.007154770053525851,0.0,0.0,0.0,0.0,0.0,0.0,0.0,0.0,0.0,0.0,0.0,0.01585417153868386,0.0,0.0,0.0,0.0,0.0,0.15,0.0,0.12127748254605113,2010-07-07
0.15,0.15,0.15,0.0,0.0,0.1011352533722202,0.0,0.15,0.0,0.0,0.0,0.0,0.0,0.0,0.0,0.0,0.0,0.0,0.0,0.0,0.0,0.00909952606635049,0.0,0.0,0.0,0.0,0.0,0.15,0.0,0.13976522056142934,2010-08-05
0.15,0.15,0.15,0.0,0.0,0.1011352533722202,0.0,0.15,0.0,0.0,0.0,0.0,0.0,0.0,0.0,0.0,0.0,0.0,0.0,0.0,0.0,0.00909952606635049,0.0,0.0,0.0,0.0,0.0,0.15,0.0,0.13976522056142934,2010-09-03
0.15,0.15,0.15,0.0,0.0,0.1011352533722202,0.0,0.15,0.0,0.0,0.0,0.0,0.0,0.0,0.0,0.0,0.0,0.0,0.0,0.0,0.0,0.00909952606635049,0.0,0.0,0.0,0.0,0.0,0.15,0.0,0.13976522056142934,2010-10-05
0.15,0.15,0.15,0.0,0.0,0.1011352533722202,0.0,0.15,0.0,0.0,0.0,0.0,0.0,0.0,0.0,0.0,0.0,0.0,0.0,0.0,0.0,0.009099526066350488,0.0,0.0,0.0,0.0,0.0,0.15,0.0,0.13976522056142932,2010-11-03
0.15,0.15,0.15,0.0,0.0,0.10941122642825676,0.0,0.15,0.0,0.01293327071665885,0.0,0.0,0.0,0.0,0.0,0.0,0.0,0.0,0.0,0.0,0.0,0.02130951434482653,0.0,0.0,0.0,0.0,0.0,0.15,0.0,0.10634598851025787,2010-12-03
0.15,0.15,0.15,0.0,0.0,0.1280108754521652,0.0,0.15,0.0,0.04199985834717092,0.0,0.0,0.0,0.0,0.0,0.0,0.0,0.0,0.0,0.0,0.0,0.04875057716946178,0.0,0.0,0.0,0.0,0.0,0.15,0.0,0.03123868903120211,2011-01-04
0.15,0.15,0.15,0.0,0.0,0.07369050038357111,0.0,0.15,0.0,0.06584241278585284,0.0,0.0,0.0,0.0,0.0,0.07969890842302199,0.0,0.0,0.0,0.0,0.0,0.030768178407554053,0.0,0.0,0.0,0.0,0.0,0.15,0.0,0.0,2011-02-03
0.15,0.15,0.15,0.0,0.0,0.10608304758224799,0.0,0.15,0.0,0.05970743042833838,0.0,0.0,0.0,0.0,0.0,0.038097196516775435,0.0,0.0,0.0,0.0,0.0,0.04611232547263821,0.0,0.0,0.0,0.0,0.0,0.15,0.0,0.0,2011-03-07
0.15,0.15,0.15,0.0,0.0,0.1011352533722202,0.0,0.15,0.0,0.0,0.0,0.0,0.0,0.0,0.0,0.0,0.0,0.0,0.0,0.0,0.0,0.00909952606635049,0.0,0.0,0.0,0.0,0.0,0.15,0.0,0.13976522056142934,2011-04-05
0.15,0.15,0.15,0.0,0.0,0.1011352533722202,0.0,0.15,0.0,0.0,0.0,0.0,0.0,0.0,0.0,0.0,0.0,0.0,0.0,0.0,0.0,0.00909952606635049,0.0,0.0,0.0,0.0,0.0,0.15,0.0,0.13976522056142934,2011-05-05
0.15,0.15,0.15,0.0,0.0,0.10113525337222021,0.0,0.15,0.0,0.0,0.0,0.0,0.0,0.0,0.0,0.0,0.0,0.0,0.0,0.0,0.0,0.009099526066350496,0.0,0.0,0.0,0.0,0.0,0.15,0.0,0.1397652205614293,2011-06-06
0.15,0.15,0.15,0.0,0.0,0.10113525337222025,0.0,0.15,0.0,0.0,0.0,0.0,0.0,0.0,0.0,0.0,0.0,0.0,0.0,0.0,0.0,0.009099526066350519,0.0,0.0,0.0,0.0,0.0,0.15,0.0,0.13976522056142926,2011-07-06
0.15,0.15,0.15,0.0,0.0,0.10113525337222036,0.0,0.15,0.0,0.0,0.0,0.0,0.0,0.0,0.0,0.0,0.0,0.0,0.0,0.0,0.0,0.009099526066350578,0.0,0.0,0.0,0.0,0.0,0.15,0.0,0.13976522056142907,2011-08-04
0.15,0.15,0.15,0.0,0.0,0.1011352533722202,0.0,0.15,0.0,0.0,0.0,0.0,0.0,0.0,0.0,0.0,0.0,0.0,0.0,0.0,0.0,0.00909952606635049,0.0,0.0,0.0,0.0,0.0,0.15,0.0,0.13976522056142934,2011-09-02
0.15,0.15,0.15,0.0,0.0,0.10113525337222047,0.0,0.15,0.0,0.0,0.0,0.0,0.0,0.0,0.0,0.0,0.0,0.0,0.0,0.0,0.0,0.009099526066350642,0.0,0.0,0.0,0.0,0.0,0.15,0.0,0.13976522056142887,2011-10-04
0.15,0.15,0.15,0.0,0.0,0.10113525337222035,0.0,0.15,0.0,0.0,0.0,0.0,0.0,0.0,0.0,0.0,0.0,0.0,0.0,0.0,0.0,0.00909952606635057,0.0,0.0,0.0,0.0,0.0,0.15,0.0,0.1397652205614291,2011-11-02
0.15,0.15,0.15,0.0,0.0,0.1011352533722202,0.0,0.15,0.0,0.0,0.0,0.0,0.0,0.0,0.0,0.0,0.0,0.0,0.0,0.0,0.0,0.009099526066350488,0.0,0.0,0.0,0.0,0.0,0.15,0.0,0.13976522056142932,2011-12-02
0.15,0.15,0.15,0.0,0.0,0.1011352533722203,0.0,0.15,0.0,0.0,0.0,0.0,0.0,0.0,0.0,0.0,0.0,0.0,0.0,0.0,0.0,0.009099526066350548,0.0,0.0,0.0,0.0,0.0,0.15,0.0,0.13976522056142915,2012-01-04
0.15,0.15,0.15,0.0,0.0,0.10113525337222042,0.0,0.15,0.0,0.0,0.0,0.0,0.0,0.0,0.0,0.0,0.0,0.0,0.0,0.0,0.0,0.009099526066350606,0.0,0.0,0.0,0.0,0.0,0.15,0.0,0.13976522056142898,2012-02-03
0.15,0.15,0.15,0.0,0.0,0.1011352533722202,0.0,0.15,0.0,0.0,0.0,0.0,0.0,0.0,0.0,0.0,0.0,0.0,0.0,0.0,0.0,0.00909952606635049,0.0,0.0,0.0,0.0,0.0,0.15,0.0,0.13976522056142934,2012-03-06
0.15,0.15,0.15,0.0,0.0,0.1011352533722202,0.0,0.15,0.0,0.0,0.0,0.0,0.0,0.0,0.0,0.0,0.0,0.0,0.0,0.0,0.0,0.00909952606635049,0.0,0.0,0.0,0.0,0.0,0.15,0.0,0.13976522056142934,2012-04-04
0.15,0.15,0.15,0.0,0.0,0.1011352533722202,0.0,0.15,0.0,0.0,0.0,0.0,0.0,0.0,0.0,0.0,0.0,0.0,0.0,0.0,0.0,0.00909952606635049,0.0,0.0,0.0,0.0,0.0,0.15,0.0,0.13976522056142934,2012-05-04
0.15,0.15,0.15,0.0,0.0,0.1011352533722202,0.0,0.15,0.0,0.0,0.0,0.0,0.0,0.0,0.0,0.0,0.0,0.0,0.0,0.0,0.0,0.00909952606635049,0.0,0.0,0.0,0.0,0.0,0.15,0.0,0.13976522056142934,2012-06-05
0.15,0.15,0.15,0.0,0.0,0.1011352533722202,0.0,0.15,0.0,0.0,0.0,0.0,0.0,0.0,0.0,0.0,0.0,0.0,0.0,0.0,0.0,0.009099526066350488,0.0,0.0,0.0,0.0,0.0,0.15,0.0,0.13976522056142932,2012-07-05
0.15,0.15,0.15,0.0,0.0,0.10113525337221994,0.0,0.15,0.0,0.0,0.0,0.0,0.0,0.0,0.0,0.0,0.0,0.0,0.0,0.0,0.0,0.009099526066350358,0.0,0.0,0.0,0.0,0.0,0.15,0.0,0.13976522056142968,2012-08-03
0.15,0.15,0.15,0.0,0.0,0.1011352533722202,0.0,0.15,0.0,0.0,0.0,0.0,0.0,0.0,0.0,0.0,0.0,0.0,0.0,0.0,0.0,0.00909952606635049,0.0,0.0,0.0,0.0,0.0,0.15,0.0,0.13976522056142934,2012-09-04
0.15,0.15,0.15,0.0,0.0,0.1011352533722202,0.0,0.15,0.0,0.0,0.0,0.0,0.0,0.0,0.0,0.0,0.0,0.0,0.0,0.0,0.0,0.00909952606635049,0.0,0.0,0.0,0.0,0.0,0.15,0.0,0.13976522056142934,2012-10-03
0.15,0.15,0.15,0.0,0.0,0.1011352533722202,0.0,0.15,0.0,0.0,0.0,0.0,0.0,0.0,0.0,0.0,0.0,0.0,0.0,0.0,0.0,0.00909952606635049,0.0,0.0,0.0,0.0,0.0,0.15,0.0,0.13976522056142934,2012-11-05
0.15,0.15,0.15,0.0,0.0,0.10113525337222039,0.0,0.15,0.0,0.0,0.0,0.0,0.0,0.0,0.0,0.0,0.0,0.0,0.0,0.0,0.0,0.009099526066350592,0.0,0.0,0.0,0.0,0.0,0.15,0.0,0.139765220561429,2012-12-05
0.15,0.15,0.15,0.0,0.0,0.1011352533722202,0.0,0.15,0.0,0.0,0.0,0.0,0.0,0.0,0.0,0.0,0.0,0.0,0.0,0.0,0.0,0.00909952606635049,0.0,0.0,0.0,0.0,0.0,0.15,0.0,0.13976522056142934,2013-01-07
0.15,0.15,0.15,0.0,0.0,0.1011352533722204,0.0,0.15,0.0,0.0,0.0,0.0,0.0,0.0,0.0,0.0,0.0,0.0,0.0,0.0,0.0,0.009099526066350599,0.0,0.0,0.0,0.0,0.0,0.15,0.0,0.139765220561429,2013-02-06
0.15,0.15,0.15,0.0,0.0,0.1011352533722202,0.0,0.15,0.0,0.0,0.0,0.0,0.0,0.0,0.0,0.0,0.0,0.0,0.0,0.0,0.0,0.00909952606635049,0.0,0.0,0.0,0.0,0.0,0.15,0.0,0.13976522056142934,2013-03-08
0.15,0.15,0.15,0.0,0.0,0.10113525337222011,0.0,0.15,0.0,0.0,0.0,0.0,0.0,0.0,0.0,0.0,0.0,0.0,0.0,0.0,0.0,0.009099526066350446,0.0,0.0,0.0,0.0,0.0,0.15,0.0,0.13976522056142943,2013-04-09
0.15,0.15,0.15,0.0,0.0,0.10113525337222012,0.0,0.15,0.0,0.0,0.0,0.0,0.0,0.0,0.0,0.0,0.0,0.0,0.0,0.0,0.0,0.009099526066350453,0.0,0.0,0.0,0.0,0.0,0.15,0.0,0.13976522056142943,2013-05-08
0.15,0.15,0.15,0.0,0.0,0.1011352533722202,0.0,0.15,0.0,0.0,0.0,0.0,0.0,0.0,0.0,0.0,0.0,0.0,0.0,0.0,0.0,0.00909952606635049,0.0,0.0,0.0,0.0,0.0,0.15,0.0,0.13976522056142934,2013-06-07
0.15,0.15,0.15,0.0,0.0,0.10113525337222042,0.0,0.15,0.0,0.0,0.0,0.0,0.0,0.0,0.0,0.0,0.0,0.0,0.0,0.0,0.0,0.009099526066350606,0.0,0.0,0.0,0.0,0.0,0.15,0.0,0.13976522056142898,2013-07-09
0.15,0.15,0.15,0.0,0.0,0.10113525337222011,0.0,0.15,0.0,0.0,0.0,0.0,0.0,0.0,0.0,0.0,0.0,0.0,0.0,0.0,0.0,0.009099526066350444,0.0,0.0,0.0,0.0,0.0,0.15,0.0,0.13976522056142945,2013-08-07
0.15,0.15,0.15,0.0,0.0,0.1011352533722202,0.0,0.15,0.0,0.0,0.0,0.0,0.0,0.0,0.0,0.0,0.0,0.0,0.0,0.0,0.0,0.00909952606635049,0.0,0.0,0.0,0.0,0.0,0.15,0.0,0.13976522056142934,2013-09-06
0.15,0.15,0.15,0.0,0.0,0.11923422969061047,0.0,0.15,0.0,0.028284161733634423,0.0,0.0,0.0,0.0,0.0,0.0,0.0,0.0,0.0,0.0,0.0,0.035801919513459395,0.0,0.0,0.0,0.0,0.0,0.15,0.0,0.06667968906229571,2013-10-07
0.15,0.15,0.15,0.0,0.0,0.05203162617819957,0.0,0.15,0.0,0.06994449251174152,0.0,0.0,0.0,0.0,0.0,0.10751537618577633,0.0,0.0,0.0,0.0,0.0,0.020508505124282577,0.0,0.0,0.0,0.0,0.0,0.15,0.0,0.0,2013-11-05
0.0,0.15,0.15,0.0,0.0,0.023683074265976035,0.0,0.15,0.0,0.0,0.0,0.0,0.0,0.0,0.0,0.15,0.0,0.0,0.0,0.0,0.07631692573402395,0.0,0.0,0.0,0.0,0.0,0.15,0.15,0.0,0.0,2013-12-05
0.15,0.15,0.15,0.09178620251114447,0.0,0.15,0.0,0.0616850207674423,0.0,0.09652877672141323,0.0,0.0,0.0,0.0,0.0,0.0,0.0,0.0,0.0,0.0,0.0,0.0,0.0,0.0,0.0,0.0,0.0,0.15,0.0,0.0,2014-01-07
0.05813031161473084,0.15,0.15,0.04186968838526914,0.0,0.15,0.0,0.0,0.0,0.15,0.0,0.0,0.0,0.0,0.0,0.0,0.0,0.0,0.0,0.0,0.0,0.0,0.0,0.0,0.0,0.0,0.15,0.15,0.0,0.0,2014-02-06
0.15,0.15,0.15,0.05333101709302135,0.0,0.15,0.0,0.0,0.0,0.15,0.0,0.0,0.0,0.0,0.0,0.0,0.0,0.0,0.0,0.0,0.0,0.0,0.0,0.0,0.009510454981719513,0.0,0.03715852792525912,0.15,0.0,0.0,2014-03-10
0.14605410126560978,0.15,0.15,0.0,0.0,0.15,0.0,0.026744518068747985,0.0,0.15,0.0,0.0,0.0,0.0,0.0,0.0,0.0,0.0,0.0,0.0,0.0,0.0,0.0,0.0,0.07720138066564224,0.0,0.0,0.15,0.0,0.0,2014-04-08
0.0,0.15,0.15,0.0,0.0,0.15,0.0,0.1429913566328447,0.0,0.10700864336715529,0.0,0.0,0.0,0.0,0.0,0.0,0.0,0.0,0.0,0.0,0.0,0.0,0.0,0.0,0.15,0.0,0.0,0.15,0.0,0.0,2014-05-08
0.06794251134644497,0.15,0.15,0.0,0.0,0.15,0.0,0.15,0.0,0.03205748865355501,0.0,0.0,0.0,0.0,0.0,0.0,0.0,0.0,0.0,0.0,0.0,0.0,0.0,0.0,0.15,0.0,0.0,0.15,0.0,0.0,2014-06-09
0.02495912806539498,0.15,0.15,0.0,0.0,0.15,0.0,0.15,0.0,0.075040871934605,0.0,0.0,0.0,0.0,0.0,0.0,0.0,0.0,0.0,0.0,0.0,0.0,0.0,0.0,0.15,0.0,0.0,0.15,0.0,0.0,2014-07-09
0.0,0.15,0.15,0.0,0.0,0.15,0.0,0.13873996373996358,0.0,0.11126003626003642,0.0,0.0,0.0,0.0,0.0,0.0,0.0,0.0,0.0,0.0,0.0,0.0,0.0,0.0,0.15,0.0,0.0,0.15,0.0,0.0,2014-08-07
0.08092159559834951,0.15,0.15,0.0,0.0,0.15,0.0,0.15,0.0,0.0,0.0,0.0,0.0,0.0,0.0,0.0,0.0,0.0,0.0,0.0,0.01907840440165047,0.0,0.0,0.0,0.15,0.0,0.0,0.15,0.0,0.0,2014-09-08
0.09557814320859774,0.15,0.15,0.0,0.0,0.15,0.0,0.15,0.0,0.004421856791402237,0.0,0.0,0.0,0.0,0.0,0.0,0.0,0.0,0.0,0.0,0.0,0.0,0.0,0.0,0.15,0.0,0.0,0.15,0.0,0.0,2014-10-07
0.15,0.15,0.15,0.0,0.0,0.15,0.0,0.15,0.0,0.0,0.0,0.0,0.0,0.0,0.0,0.0,0.0,0.0,0.0,0.09420131291028445,0.0,0.0,0.0,0.0,0.0,0.0,0.0057986870897155235,0.15,0.0,0.0,2014-11-05
0.15,0.15,0.15,0.0,0.0,0.15,0.0,0.15,0.0,0.0,0.0,0.0,0.0,0.0,0.0,0.0,0.0,0.0,0.0,0.09999999999999998,0.0,0.0,0.0,0.0,0.0,0.0,0.0,0.15,0.0,0.0,2014-12-05
0.15,0.15,0.15,0.0,0.0,0.15,0.0,0.15,0.0,0.0,0.0,0.0,0.0,0.0,0.0,0.0,0.0,0.0,0.0,0.0,0.0,0.0,0.0,0.0,0.04873684210526281,0.0,0.05126315789473717,0.15,0.0,0.0,2015-01-07
0.15,0.15,0.15,0.0,0.0,0.15,0.0,0.15,0.0,0.0,0.0,0.0,0.0,0.0,0.0,0.0,0.0,0.0,0.0,0.09999999999999998,0.0,0.0,0.0,0.0,0.0,0.0,0.0,0.15,0.0,0.0,2015-02-06
0.15,0.15,0.15,0.0,0.0,0.15,0.0,0.15,0.0,0.0,0.0,0.0,0.0,0.0,0.0,0.0,0.0,0.0,0.0,0.0,0.0,0.0,0.0,0.0,0.0,0.0,0.09999999999999998,0.15,0.0,0.0,2015-03-10
0.15,0.15,0.15,0.0,0.0,0.15,0.0,0.15,0.0,0.0,0.0,0.0,0.0,0.0,0.0,0.0,0.0,0.0,0.0,0.0,0.0,0.0,0.0,0.0,0.0,0.0,0.09999999999999998,0.15,0.0,0.0,2015-04-09
0.15,0.15,0.15,0.0,0.0,0.15,0.0,0.15,0.0,0.0,0.0,0.0,0.0,0.0,0.0,0.0,0.0,0.0,0.0,0.0,0.0,0.0,0.0,0.0,0.0,0.0,0.09999999999999998,0.15,0.0,0.0,2015-05-08
0.15,0.15,0.15,0.0,0.0,0.15,0.0,0.15,0.0,0.0,0.0,0.0,0.0,0.0,0.0,0.0,0.0,0.0,0.0,0.0,0.0,0.0,0.0,0.0,0.0,0.0,0.09999999999999998,0.15,0.0,0.0,2015-06-09
0.15,0.15,0.15,0.0,0.0,0.15,0.0,0.15,0.0,0.0,0.0,0.0,0.0,0.0,0.0,0.0,0.0,0.0,0.0,0.0,0.0,0.0,0.0,0.0,0.0,0.0,0.09999999999999998,0.15,0.0,0.0,2015-07-09
0.15,0.15,0.15,0.0,0.0,0.15,0.0,0.15,0.0,0.0,0.0,0.0,0.0,0.0,0.0,0.0,0.0,0.0,0.0,0.0,0.0,0.0,0.0,0.0,0.0,0.0,0.09999999999999998,0.15,0.0,0.0,2015-08-07
0.15,0.15,0.15,0.0,0.0,0.15,0.0,0.15,0.0,0.0,0.0,0.0,0.0,0.0,0.0,0.0,0.0,0.0,0.0,0.0,0.0,0.0,0.0,0.0,0.0,0.0,0.09999999999999998,0.15,0.0,0.0,2015-09-08
0.15,0.15,0.15,0.0,0.0,0.15,0.0,0.15,0.0,0.0,0.0,0.0,0.0,0.0,0.0,0.0,0.0,0.0,0.0,0.0,0.0,0.0,0.0,0.0,0.0,0.0,0.09999999999999998,0.15,0.0,0.0,2015-10-07
0.15,0.15,0.15,0.0,0.0,0.15,0.0,0.15,0.0,0.0,0.0,0.0,0.0,0.0,0.0,0.0,0.0,0.0,0.0,0.0,0.0,0.0,0.0,0.0,0.0,0.0,0.09999999999999998,0.15,0.0,0.0,2015-11-05
0.15,0.15,0.15,0.0,0.0,0.15,0.0,0.15,0.0,0.0,0.0,0.0,0.0,0.0,0.0,0.0,0.0,0.0,0.0,0.0,0.0,0.0,0.0,0.0,0.0,0.0,0.09999999999999998,0.15,0.0,0.0,2015-12-07
0.15,0.15,0.15,0.0,0.0,0.15,0.0,0.15,0.0,0.0,0.0,0.0,0.0,0.0,0.0,0.0,0.0,0.0,0.0,0.0,0.0,0.0,0.0,0.0,0.0,0.0,0.09999999999999998,0.15,0.0,0.0,2016-01-07
0.15,0.15,0.15,0.0,0.0,0.15,0.0,0.15,0.0,0.0,0.0,0.0,0.0,0.0,0.0,0.0,0.0,0.0,0.0,0.0,0.0,0.0,0.0,0.0,0.0,0.0,0.09999999999999998,0.15,0.0,0.0,2016-02-08
0.15,0.15,0.15,0.0,0.0,0.15,0.0,0.15,0.0,0.0,0.0,0.0,0.0,0.0,0.0,0.0,0.0,0.0,0.0,0.0,0.0,0.0,0.0,0.0,0.0,0.0,0.09999999999999998,0.15,0.0,0.0,2016-03-09
0.15,0.15,0.15,0.0,0.0,0.15,0.0,0.15,0.0,0.0,0.0,0.0,0.0,0.0,0.0,0.0,0.0,0.0,0.0,0.0,0.0,0.0,0.0,0.0,0.0,0.0,0.09999999999999998,0.15,0.0,0.0,2016-04-08
0.15,0.15,0.15,0.0,0.0,0.15,0.0,0.15,0.0,0.0,0.0,0.0,0.0,0.0,0.0,0.0,0.0,0.0,0.0,0.0,0.0,0.0,0.0,0.0,0.0,0.0,0.09999999999999998,0.15,0.0,0.0,2016-05-09
0.15,0.15,0.15,0.0,0.0,0.15,0.0,0.15,0.0,0.0,0.0,0.0,0.0,0.0,0.0,0.0,0.0,0.0,0.0,0.0,0.0,0.0,0.0,0.0,0.0,0.0,0.09999999999999998,0.15,0.0,0.0,2016-06-08
0.15,0.15,0.15,0.0,0.0,0.15,0.0,0.15,0.0,0.0,0.0,0.0,0.0,0.0,0.0,0.0,0.0,0.0,0.0,0.0,0.0,0.0,0.0,0.0,0.0,0.0,0.09999999999999998,0.15,0.0,0.0,2016-07-08
0.15,0.15,0.15,0.0,0.0,0.15,0.0,0.15,0.0,0.0,0.0,0.0,0.0,0.0,0.0,0.0,0.0,0.0,0.0,0.0,0.0,0.0,0.0,0.0,0.0,0.0,0.09999999999999998,0.15,0.0,0.0,2016-08-08
0.15,0.15,0.15,0.0,0.0,0.15,0.0,0.15,0.0,0.0,0.0,0.0,0.0,0.0,0.0,0.0,0.0,0.0,0.0,0.0,0.0,0.0,0.0,0.0,0.0,0.0,0.09999999999999998,0.15,0.0,0.0,2016-09-07
0.15,0.0,0.15,0.0,0.0,0.0,0.0,0.0,0.0,0.0,0.0,0.0,0.0,0.15,0.0,0.15,0.0,0.0,0.0,0.055761593883158045,0.0,0.0,0.016564300598736897,0.0,0.0,0.15,0.15,0.027674105518105035,0.0,0.0,2016-10-06
0.15,0.0,0.15,0.0,0.0,0.0,0.0,0.0,0.0,0.0,0.0,0.0,0.0,0.07482501463513894,0.0,0.15,0.0,0.0,0.0,0.0,0.0,0.0,0.10895288757667633,0.0,0.0,0.15,0.15,0.06622209778818473,0.0,0.0,2016-11-04
0.15,0.0,0.15,0.0,0.0,0.0,0.0,0.0,0.0,0.0,0.0,0.0,0.0,0.15,0.0,0.15,0.0,0.0,0.0,0.08024691358024685,0.0,0.0,0.019753086419753124,0.0,0.0,0.15,0.15,0.0,0.0,0.0,2016-12-06
0.15,0.0,0.021881912540411507,0.0,0.0,0.0,0.0,0.0,0.0,0.07811808745958847,0.0,0.0,0.15,0.15,0.0,0.15,0.0,0.0,0.0,0.0,0.0,0.0,0.15,0.0,0.0,0.15,0.0,0.0,0.0,0.0,2017-01-06
0.14424715909090927,0.0,0.0,0.0,0.0,0.0,0.0,0.0,0.0,0.10575284090909073,0.0,0.0,0.15,0.15,0.0,0.15,0.0,0.0,0.0,0.0,0.0,0.0,0.15,0.0,0.0,0.15,0.0,0.0,0.0,0.0,2017-02-07
0.15,0.0,0.1357243650047031,0.0,0.0,0.0,0.0,0.0,0.0,0.0,0.0,0.0,0.11427563499529689,0.15,0.0,0.15,0.0,0.0,0.0,0.0,0.0,0.0,0.15,0.0,0.0,0.15,0.0,0.0,0.0,0.0,2017-03-09
0.15,0.0,0.15,0.0,0.0,0.0,0.0,0.0,0.0,0.0,0.0,0.0,0.03353572463099473,0.15,0.0,0.15,0.0,0.0,0.0,0.0,0.06646427536900526,0.0,0.15,0.0,0.0,0.15,0.0,0.0,0.0,0.0,2017-04-07
0.15,0.0,0.15,0.0,0.0,0.0,0.0,0.0,0.0,0.0,0.0,0.0,0.01535300311836772,0.15,0.0,0.15,0.0,0.0,0.0,0.0,0.08464699688163226,0.0,0.15,0.0,0.0,0.15,0.0,0.0,0.0,0.0,2017-05-09
0.15,0.0,0.15,0.0,0.0,0.0,0.0,0.0,0.0,0.006208183811753702,0.0,0.0,0.0,0.10135025934588204,0.0,0.15,0.0,0.0,0.0,0.0,0.14244155684236423,0.0,0.15,0.0,0.0,0.15,0.0,0.0,0.0,0.0,2017-06-08
0.15,0.0,0.15,0.0,0.0,0.0,0.0,0.0,0.0,0.0,0.0,0.0,0.0,0.14657142126536626,0.0,0.15,0.0,0.0,0.0,0.04463159153174175,0.0,0.0,0.15,0.0,0.0,0.15,0.05879698720289191,0.0,0.0,0.0,2017-07-10
0.15,0.0,0.15,0.0,0.0,0.0,0.0,0.0,0.0,0.006525978919898238,0.0,0.0,0.0,0.10906260211094128,0.0,0.15,0.0,0.0,0.0,0.0,0.0,0.0,0.15,0.0,0.0,0.15,0.13441141896916045,0.0,0.0,0.0,2017-08-08
0.15,0.0,0.15,0.0,0.0,0.0,0.0,0.0,0.0,0.0,0.0,0.0,0.0,0.12865882732329342,0.0,0.15,0.0,0.0,0.0,0.010488832301090559,0.0,0.0,0.15,0.0,0.0,0.15,0.11085234037561605,0.0,0.0,0.0,2017-09-07
0.15,0.0,0.15,0.0,0.0,0.0,0.0,0.0,0.0,0.0,0.0,0.0,0.0,0.1277752955405523,0.0,0.15,0.0,0.0,0.0,0.06338408422970994,0.0,0.0,0.15,0.0,0.0,0.15,0.05884062022973775,0.0,0.0,0.0,2017-10-06
0.15,0.0,0.15,0.0,0.0,0.0,0.0,0.0,0.0,0.0,0.0,0.0,0.0,0.1372712715250129,0.0,0.15,0.0,0.0,0.0,0.08418992252449922,0.0,0.0,0.15,0.0,0.0,0.15,0.02853880595048788,0.0,0.0,0.0,2017-11-06
0.15,0.0,0.15,0.0,0.0,0.0,0.0,0.0,0.0,0.0,0.0,0.0,0.0,0.1331179710669838,0.0,0.15,0.0,0.0,0.0,0.07509003948045463,0.0,0.0,0.15,0.0,0.0,0.15,0.04179198945256153,0.0,0.0,0.0,2017-12-06
0.15,0.0,0.15,0.0,0.0,0.0,0.0,0.0,0.0,0.0,0.0,0.0,0.0628382699794862,0.02740838518188996,0.0,0.15,0.0,0.0,0.0,0.00975334483862381,0.0,0.0,0.15,0.0,0.0,0.15,0.15,0.0,0.0,0.0,2018-01-08
0.15,0.0,0.15,0.0,0.0,0.0,0.0,0.0,0.0,0.0,0.0,0.0,0.0,0.12234049239528182,0.0,0.15,0.0,0.0,0.0,0.051476553869463426,0.0,0.0,0.15,0.0,0.0,0.15,0.07618295373525476,0.0,0.0,0.0,2018-02-07
0.15,0.0,0.15,0.0,0.0,0.0,0.0,0.0,0.0,0.0,0.0,0.0,0.0,0.13025389069666987,0.0,0.15,0.0,0.0,0.0,0.06881547873341856,0.0,0.0,0.15,0.0,0.0,0.15,0.05093063056991157,0.0,0.0,0.0,2018-03-09
0.15,0.0,0.15,0.0,0.0,0.0,0.0,0.0,0.0,0.0,0.0,0.0,0.0,0.14815352230717949,0.0,0.15,0.0,0.0,0.0,0.1042776351810673,0.0,0.0,0.14756884251175323,0.0,0.0,0.15,0.0,0.0,0.0,0.0,2018-04-10
0.15,0.0,0.15,0.0,0.0,0.0,0.0,0.0,0.0,0.0,0.0,0.0,0.0,0.12700912819798812,0.0,0.15,0.0,0.0,0.0,0.061706702515506015,0.0,0.0,0.15,0.0,0.0,0.15,0.06128416928650585,0.0,0.0,0.0,2018-05-09
0.15,0.0,0.15,0.0,0.0,0.0,0.0,0.0,0.0,0.0,0.0,0.0,0.0,0.15,0.0,0.15,0.0,0.0,0.0,0.10474688214346398,0.0,0.0,0.14525311785653602,0.0,0.0,0.15,0.0,0.0,0.0,0.0,2018-06-08
0.15,0.0,0.15,0.0,0.0,0.0,0.0,0.0,0.0,0.0,0.0,0.0,0.0,0.15,0.0,0.15,0.0,0.0,0.0,0.10474684543941377,0.0,0.0,0.14525315456058624,0.0,0.0,0.15,0.0,0.0,0.0,0.0,2018-07-10
0.15,0.0,0.15,0.0,0.0,0.0,0.0,0.0,0.0,0.0,0.0,0.0,0.0,0.15,0.0,0.15,0.0,0.0,0.0,0.10474682291802055,0.0,0.0,0.14525317708197943,0.0,0.0,0.15,0.0,0.0,0.0,0.0,2018-08-08
0.15,0.0,0.15,0.0,0.0,0.0,0.0,0.0,0.0,0.0,0.0,0.0,0.0,0.15,0.0,0.15,0.0,0.0,0.0,0.10474681317251022,0.0,0.0,0.14525318682748978,0.0,0.0,0.15,0.0,0.0,0.0,0.0,2018-09-07
0.15,0.0,0.15,0.0,0.0,0.0,0.0,0.0,0.0,0.0,0.0,0.0,0.0,0.15,0.0,0.15,0.0,0.0,0.0,0.10474683629874557,0.0,0.0,0.14525316370125443,0.0,0.0,0.15,0.0,0.0,0.0,0.0,2018-10-08
0.15,0.0,0.15,0.0,0.0,0.0,0.0,0.0,0.0,0.0,0.0,0.0,0.0,0.15,0.0,0.15,0.0,0.0,0.0,0.10474684830642855,0.0,0.0,0.14525315169357145,0.0,0.0,0.15,0.0,0.0,0.0,0.0,2018-11-06
0.15,0.0,0.15,0.0,0.0,0.0,0.0,0.0,0.0,0.0,0.0,0.0,0.0,0.15,0.0,0.15,0.0,0.0,0.0,0.10474780507895037,0.0,0.0,0.14525219492104963,0.0,0.0,0.15,0.0,0.0,0.0,0.0,2018-12-07
0.15,0.0,0.15,0.0,0.0,0.0,0.0,0.0,0.0,0.0,0.0,0.0,0.0,0.15,0.0,0.15,0.0,0.0,0.0,0.10474939653226727,0.0,0.0,0.14525060346773272,0.0,0.0,0.15,0.0,0.0,0.0,0.0,2019-01-09
0.15,0.0,0.15,0.0,0.0,0.0,0.0,0.0,0.0,0.0,0.0,0.0,0.0,0.15,0.0,0.15,0.0,0.0,0.0,0.1047767236765123,0.0,0.0,0.1452232763234877,0.0,0.0,0.15,0.0,0.0,0.0,0.0,2019-02-08
0.15,0.0,0.15,0.0,0.0,0.0,0.0,0.0,0.0,0.0,0.0,0.0,0.0,0.15,0.0,0.15,0.0,0.0,0.0,0.10477925239740041,0.0,0.0,0.1452207476025996,0.0,0.0,0.15,0.0,0.0,0.0,0.0,2019-03-12
0.15,0.0,0.15,0.0,0.0,0.0,0.0,0.0,0.0,0.0,0.0,0.0,0.0,0.15,0.0,0.15,0.0,0.0,0.0,0.10477889244741678,0.0,0.0,0.14522110755258322,0.0,0.0,0.15,0.0,0.0,0.0,0.0,2019-04-10
0.15,0.0,0.15,0.0,0.0,0.0,0.0,0.0,0.0,0.0,0.0,0.0,0.0,0.15,0.0,0.15,0.0,0.0,0.0,0.1047798834749429,0.0,0.0,0.14522011652505712,0.0,0.0,0.15,0.0,0.0,0.0,0.0,2019-05-10
0.15,0.0,0.15,0.0,0.0,0.0,0.0,0.0,0.0,0.0,0.0,0.0,0.0,0.15,0.0,0.15,0.0,0.0,0.0,0.10477980386602473,0.0,0.0,0.14522019613397527,0.0,0.0,0.15,0.0,0.0,0.0,0.0,2019-06-11
0.15,0.0,0.15,0.0,0.0,0.0,0.0,0.0,0.0,0.0,0.0,0.0,0.0,0.15,0.0,0.15,0.0,0.0,0.0,0.10478009297968646,0.0,0.0,0.14521990702031354,0.0,0.0,0.15,0.0,0.0,0.0,0.0,2019-07-11
0.15,0.0,0.15,0.0,0.0,0.0,0.0,0.0,0.0,0.0,0.0,0.0,0.0,0.15,0.0,0.15,0.0,0.0,0.0,0.10477844480610624,0.0,0.0,0.14522155519389376,0.0,0.0,0.15,0.0,0.0,0.0,0.0,2019-08-09
0.15,0.0,0.15,0.0,0.0,0.0,0.0,0.0,0.0,0.0,0.0,0.0,0.0,0.15,0.0,0.15,0.0,0.0,0.0,0.1047799122344575,0.0,0.0,0.14522008776554252,0.0,0.0,0.15,0.0,0.0,0.0,0.0,2019-09-10
0.15,0.0,0.15,0.0,0.0,0.0,0.0,0.0,0.0,0.0,0.0,0.0,0.0,0.15,0.0,0.15,0.0,0.0,0.0,0.10478273128775632,0.0,0.0,0.14521726871224366,0.0,0.0,0.15,0.0,0.0,0.0,0.0,2019-10-09
0.15,0.0,0.15,0.0,0.0,0.0,0.0,0.0,0.0,0.0,0.0,0.0,0.0,0.15,0.0,0.15,0.0,0.0,0.0,0.10478258995049605,0.0,0.0,0.14521741004950395,0.0,0.0,0.15,0.0,0.0,0.0,0.0,2019-11-07
0.15,0.0,0.15,0.0,0.0,0.0,0.0,0.0,0.0,0.0,0.0,0.0,0.0,0.15,0.0,0.15,0.0,0.0,0.0,0.10477994832394144,0.0,0.0,0.14522005167605856,0.0,0.0,0.15,0.0,0.0,0.0,0.0,2019-12-09
0.15,0.0,0.15,0.0,0.0,0.0,0.0,0.0,0.0,0.0,0.0,0.0,0.0,0.15,0.0,0.15,0.0,0.0,0.0,0.10477974894645697,0.0,0.0,0.14522025105354303,0.0,0.0,0.15,0.0,0.0,0.0,0.0,2020-01-09
0.15,0.0,0.15,0.0,0.0,0.0,0.0,0.0,0.0,0.0,0.0,0.0,0.0,0.15,0.0,0.15,0.0,0.0,0.0,0.10478277070243458,0.0,0.0,0.14521722929756542,0.0,0.0,0.15,0.0,0.0,0.0,0.0,2020-02-10
0.15,0.0,0.15,0.0,0.0,0.0,0.0,0.0,0.0,0.0,0.0,0.0,0.0,0.15,0.0,0.15,0.0,0.0,0.0,0.10478514648602193,0.0,0.0,0.14521485351397806,0.0,0.0,0.15,0.0,0.0,0.0,0.0,2020-03-11
0.15,0.15,0.15,0.0,0.0,0.15,0.0,0.15,0.0,0.09872935196950464,0.0,0.0,0.0,0.0,0.0,0.0,0.0,0.0,0.0,0.0,0.0,0.0,0.0,0.0,0.0,0.0,0.15,0.0012706480304953416,0.0,0.0,2020-04-09
0.15,0.0,0.0,0.0,0.14944890308825545,0.15,0.0,0.15,0.0,0.0,0.0,0.0,0.0,0.0,0.0,0.0,0.15,0.0,0.0,0.0,0.0,0.01514520115117325,0.0,0.0,0.0,0.0,0.15,0.08540589576057128,0.0,0.0,2020-05-11
0.15,0.0,0.0,0.0,0.15,0.15,0.0,0.15,0.0,0.0,0.0,0.0,0.0,0.0,0.0,0.0,0.15,0.0,0.0,0.0,0.0847510684343228,0.0,0.0,0.0,0.0,0.0,0.06027289495405679,0.10497603661162044,0.0,0.0,2020-06-10
0.1325981068724877,0.0,0.0,0.0,0.15,0.15,0.0,0.15,0.0,0.0,0.0,0.0,0.0,0.0,0.0,0.0,0.15,0.0,0.0,0.0,0.0,0.06699386623438468,0.0,0.0,0.0,0.0,0.15,0.050408026893127636,0.0,0.0,2020-07-10
0.15,0.0,0.0,0.0,0.15,0.15,0.0,0.15,0.0,0.0,0.0,0.0,0.0,0.0,0.0,0.0,0.15,0.0,0.0,0.0,0.03947395506855994,0.0,0.0,0.0,0.0,0.0,0.11139460301899493,0.09913144191244512,0.0,0.0,2020-08-10
0.15,0.0,0.0,0.0,0.15,0.15,0.0,0.15,0.0,0.0,0.0,0.0,0.0,0.0,0.0,0.0,0.15,0.0,0.0,0.0,0.03318061945072362,0.0,0.0,0.0,0.0,0.0,0.11850031365939506,0.09831906688988133,0.0,0.0,2020-09-09
0.15,0.0,0.0,0.0,0.15,0.15,0.0,0.15,0.0,0.0,0.0,0.0,0.0,0.0,0.0,0.0,0.15,0.0,0.0,0.0,0.002438499733134579,0.007332077180610775,0.0,0.0,0.0,0.0,0.15,0.09022942308625463,0.0,0.0,2020-10-08
0.1386996259664523,0.0,0.0,0.0,0.15,0.15,0.0,0.15,0.0,0.0,0.0,0.0,0.0,0.0,0.0,0.0,0.15,0.0,0.0,0.0,0.0,0.048279505431254345,0.0,0.0,0.0,0.0,0.15,0.06302086860229333,0.0,0.0,2020-11-06
0.15,0.0,0.0,0.0,0.15,0.15,0.0,0.15,0.0,0.0,0.0,0.0,0.0,0.0,0.0,0.0,0.15,0.0,0.0,0.0,0.007712447296013342,0.0,0.0,0.0,0.0,0.0,0.14725604398440292,0.09503150871958373,0.0,0.0,2020-12-08
0.02030863732703486,0.0,0.0,0.0,0.15,0.15,0.0,0.15,0.0,0.0,0.0,0.0,0.0,0.0,0.0,0.0,0.15,0.0,0.0,0.0,0.15,0.024650373571556927,0.0,0.0,0.0,0.0,0.15,0.05504098910140819,0.0,0.0,2021-01-08
0.014250061391733704,0.0,0.0,0.0,0.15,0.15,0.0,0.15,0.0,0.0,0.0,0.0,0.0,0.0,0.0,0.0,0.15,0.0,0.0,0.0,0.15,0.04323302065669703,0.0,0.0,0.0,0.0,0.15,0.04251691795156924,0.0,0.0,2021-02-09
0.017892141229042036,0.0,0.0,0.0,0.15,0.15,0.0,0.15,0.0,0.0,0.0,0.0,0.0,0.0,0.0,0.0,0.15,0.0,0.0,0.0,0.15,0.03206216384226625,0.0,0.0,0.0,0.0,0.15,0.050045694928691695,0.0,0.0,2021-03-11
0.0,0.0,0.0,0.0,0.15,0.15,0.0,0.15,0.0,0.0,0.0,0.0,0.0,0.0,0.0,0.0,0.15,0.0,0.0,0.0,0.1490945287882334,0.08927492763929362,0.0,0.0,0.0,0.0,0.15,0.01163054357247299,0.0,0.0,2021-04-12
0.10742805026347838,0.0,0.0,0.0,0.15,0.15,0.0,0.15,0.0,0.0,0.0,0.0,0.0,0.0,0.0,0.0,0.15,0.0,0.0,0.0,0.0,0.14186139392927827,0.0,0.000710555807243308,0.0,0.0,0.15,0.0,0.0,0.0,2021-05-11
0.0,0.0,0.0,0.0,0.15,0.15,0.0,0.15,0.0,0.0,0.0,0.0,0.0,0.0,0.0,0.0,0.15,0.0,0.0,0.0,0.03418352886145831,0.14148580562938629,0.0,0.0743306655091554,0.0,0.0,0.15,0.0,0.0,0.0,2021-06-10
0.0,0.0,0.0,0.0,0.15,0.15,0.0,0.15,0.0,0.0,0.0,0.0,0.0,0.0,0.0,0.0,0.15,0.0,0.0,0.0,0.006073836121618573,0.15,0.00019511467115509507,0.0937310492072263,0.0,0.0,0.15,0.0,0.0,0.0,2021-07-12
0.0,0.0,0.0,0.0,0.15,0.15,0.0,0.15,0.0,0.0,0.0,0.0,0.0,0.0,0.0,0.0,0.15,0.0,0.0,0.0,0.0,0.10851504058086286,0.05093459878491762,0.09055036063421949,0.0,0.0,0.15,0.0,0.0,0.0,2021-08-10
0.04644589219916353,0.0,0.0,0.0,0.15,0.15,0.0,0.15,0.0,0.0,0.0,0.0,0.0,0.0,0.0,0.0,0.15,0.0,0.0,0.0,0.0,0.1476407487785107,0.0,0.055913359022325776,0.0,0.0,0.15,0.0,0.0,0.0,2021-09-09
0.11715287753176076,0.0,0.0,0.0,0.15,0.15,0.0,0.15,0.0,0.0,0.0,0.0,0.0,0.0,0.0,0.0,0.15,0.0,0.0,0.0,0.0,0.11436692040631577,0.0,0.0,0.0,0.0,0.15,0.018480202061923464,0.0,0.0,2021-10-08
0.12330814906186319,0.0,0.0,0.0,0.15,0.15,0.0,0.15,0.0,0.0,0.0,0.0,0.0,0.0,0.0,0.0,0.15,0.0,0.0,0.0,0.0,0.095487692056524,0.0,0.0,0.0,0.0,0.15,0.0312041588816128,0.0,0.0,2021-11-08
0.12037936957965352,0.0,0.0,0.0,0.15,0.15,0.0,0.15,0.0,0.0,0.0,0.0,0.0,0.0,0.0,0.0,0.15,0.0,0.0,0.0,0.0,0.10447073957285366,0.0,0.0,0.0,0.0,0.15,0.02514989084749281,0.0,0.0,2021-12-08
0.14608180036393825,0.0,0.0,0.0,0.15,0.15,0.0,0.15,0.0,0.0,0.0,0.0,0.0,0.0,0.0,0.0,0.15,0.0,0.0,0.0,0.0,0.02563716455538332,0.0,0.0,0.0,0.0,0.15,0.07828103508067843,0.0,0.0,2022-01-07
0.14095955994703072,0.0,0.0,0.0,0.15,0.15,0.0,0.15,0.0,0.0,0.0,0.0,0.0,0.0,0.0,0.0,0.15,0.0,0.0,0.0,0.0,0.041347916878883305,0.0,0.0,0.0,0.0,0.15,0.06769252317408599,0.0,0.0,2022-02-08
0.14943206880177287,0.0,0.0,0.0,0.15,0.15,0.0,0.15,0.0,0.0,0.0,0.0,0.0,0.0,0.0,0.0,0.15,0.0,0.0,0.0,0.0,0.015361341212472658,0.0,0.0,0.0,0.0,0.15,0.08520658998575446,0.0,0.0,2022-03-10
0.14434388202661164,0.0,0.0,0.0,0.15,0.15,0.0,0.15,0.0,0.0,0.0,0.0,0.0,0.0,0.0,0.0,0.15,0.0,0.0,0.0,0.0,0.03096764542584029,0.0,0.0,0.0,0.0,0.15,0.07468847254754808,0.0,0.0,2022-04-08
0.15,0.0,0.0,0.0,0.15,0.15,0.0,0.15,0.0,0.0,0.0,0.0,0.0,0.0,0.0,0.0,0.15,0.0,0.0,0.0,0.013757578283824446,0.0,0.0,0.0,0.0,0.0,0.14043057746058354,0.09581184425559201,0.0,0.0,2022-05-10
0.15,0.0,0.0,0.0,0.15,0.15,0.0,0.15,0.0,0.0,0.0,0.0,0.0,0.0,0.014255974588567283,0.0,0.15,0.0,0.0,0.0,0.0,0.001491185797784869,0.0,0.0,0.0,0.0,0.15,0.08425283961364782,0.0,0.0,2022-06-09
0.14363883333510638,0.0,0.0,0.0,0.15,0.15,0.0,0.15,0.0,0.0,0.0,0.0,0.0,0.0,0.038942451747993566,0.0,0.15,0.0,0.0,0.0,0.0,0.0,0.0,0.0,0.0,0.0,0.15,0.06741871491690003,0.0,0.0,2022-07-12
0.14777362009251854,0.0,0.0,0.0,0.15,0.15,0.0,0.15,0.0,0.0,0.0,0.0,0.0,0.0,0.024035457385744453,0.0,0.15,0.0,0.0,0.0,0.0,0.0,0.0,0.0,0.0,0.0,0.15,0.078190922521737,0.0,0.0,2022-08-10
0.14756985998331798,0.0,0.0,0.0,0.15,0.15,0.0,0.15,0.0,0.0,0.0,0.0,0.0,0.0,0.02477006620049387,0.0,0.15,0.0,0.0,0.0,0.0,0.0,0.0,0.0,0.0,0.0,0.15,0.07766007381618815,0.0,0.0,2022-09-09
0.15,0.0,0.0,0.0,0.15,0.15,0.0,0.15,0.0,0.0,0.0,0.0,0.0,0.0,0.01575282419154972,0.0,0.15,0.0,0.0,0.0,8.44516415721385e-5,0.0,0.0,0.0,0.0,0.0,0.15,0.08416272416687812,0.0,0.0,2022-10-10
0.1378691291255221,0.0,0.0,0.0,0.15,0.15,0.0,0.15,0.0,0.0,0.0,0.0,0.0,0.0,0.05974375376675797,0.0,0.15,0.0,0.0,0.0,0.0,0.0,0.0,0.0,0.0,0.0,0.15,0.052387117107719934,0.0,0.0,2022-11-08
0.14478892647965735,0.0,0.0,0.0,0.15,0.15,0.0,0.15,0.0,0.0,0.0,0.0,0.0,0.0,0.034796063305796605,0.0,0.15,0.0,0.0,0.0,0.0,0.0,0.0,0.0,0.0,0.0,0.15,0.07041501021454603,0.0,0.0,2022-12-08
0.1478101906406145,0.0,0.0,0.0,0.15,0.15,0.0,0.15,0.0,0.0,0.0,0.0,0.0,0.0,0.023903610936030106,0.0,0.15,0.0,0.0,0.0,0.0,0.0,0.0,0.0,0.0,0.0,0.15,0.07828619842335541,0.0,0.0,2023-01-10
0.1292213022978937,0.0,0.0,0.0,0.15,0.15,0.0,0.15,0.0,0.0,0.0,0.0,0.0,0.0,0.0,0.0,0.15,0.0,0.0,0.0,0.0,0.0,0.05806747762221671,0.0,0.0,0.0,0.15,0.0627112200798896,0.0,0.0,2023-02-09
0.15,0.0,0.0,0.0,0.15,0.15,0.0,0.15,0.0,0.0,0.0,0.0,0.0,0.0,0.02210240442169064,0.0,0.15,0.0,0.0,0.0,0.0,0.0,0.0,0.0,0.0,0.0,0.14772982318930453,0.08016777238900484,0.0,0.0,2023-03-13
0.15,0.0,0.0,0.0,0.15,0.15,0.0,0.15,0.0,0.0,0.0,0.0,0.0,0.0,0.07121761133205119,0.0,0.15,0.0,0.0,0.0,0.0,0.0,0.0,0.0,0.0,0.0,0.12943200100701333,0.04935038766093547,0.0,0.0,2023-04-12
0.15,0.0,0.0,0.0,0.15,0.15,0.0,0.15,0.0,0.0,0.0,0.0,0.0,0.0,0.05692461239881078,0.0,0.15,0.0,0.0,0.0,0.0,0.0,0.0,0.0,0.0,0.0,0.13475684374684802,0.0583185438543412,0.0,0.0,2023-05-11
0.15,0.0,0.0,0.0,0.14057692865087212,0.15,0.0,0.15,0.0,0.0,0.0,0.0,0.0,0.0,0.046675083074793296,0.0,0.15,0.0,0.0,0.0,0.0,0.0,0.0,0.0,0.0,0.0,0.15,0.06274798827433457,0.0,0.0,2023-06-12
0.15,0.0,0.0,0.0,0.15,0.15,0.0,0.15,0.0,0.0,0.0,0.0,0.0,0.0,0.06576231994708497,0.0,0.15,0.0,0.0,0.0,0.0,0.0,0.0,0.0,0.0,0.0,0.13146436446415766,0.05277331558875738,0.0,0.0,2023-07-13
0.15,0.0,0.0,0.0,0.15,0.15,0.0,0.15,0.0,0.0,0.0,0.0,0.0,0.0,0.04328917601371934,0.0,0.15,0.0,0.0,0.0,0.0,0.0,0.0,0.0,0.0,0.0,0.1398367122040388,0.06687411178224188,0.0,0.0,2023-08-11
0.15,0.0,0.0,0.0,0.15,0.15,0.0,0.15,0.0,0.0,0.0,0.0,0.0,0.0,0.017034801205405042,0.0,0.15,0.0,0.0,0.0,0.0,0.0,0.0,0.0,0.0,0.0,0.14961775379929326,0.0833474449953017,0.0,0.0,2023-09-12
0.15,0.0,0.0,0.0,0.15,0.15,0.0,0.15,0.0,0.0,0.0,0.0,0.0,0.0,0.0,0.0,0.15,0.0,0.0,0.0,0.008836186802630494,0.0,0.0,0.0,0.0,0.0,0.14598724660029763,0.09517656659707187,0.0,0.0,2023-10-11
0.15,0.0,0.0,0.0,0.15,0.15,0.0,0.15,0.0,0.0,0.0,0.0,0.0,0.0,0.0,0.0,0.15,0.0,0.0,0.0,0.039451482585234204,0.0,0.0,0.0,0.0,0.0,0.11141997636209638,0.09912854105266942,0.0,0.0,2023-11-09
0.15,0.0,0.0,0.0,0.15,0.15,0.0,0.15,0.0,0.0,0.0,0.0,0.0,0.0,0.0,0.0,0.15,0.0,0.0,0.0,0.0355040855362592,0.0,0.0,0.0,0.0,0.0,0.1158769230301384,0.09861899143360238,0.0,0.0,2023-12-11
0.1436857358309208,0.0,0.0,0.0,0.15,0.15,0.0,0.15,0.0,0.0,0.0,0.0,0.0,0.0,0.038773355907820495,0.0,0.15,0.0,0.0,0.0,0.0,0.0,0.0,0.0,0.0,0.0,0.15,0.06754090826125869,0.0,0.0,2024-01-11
0.15,0.0,0.0,0.0,0.15,0.15,0.0,0.15,0.0,0.0,0.0,0.0,0.0,0.0,0.0,0.0,0.15,0.0,0.0,0.0,0.007571401353485325,0.0,0.0,0.0,0.0,0.0,0.14741529683781282,0.09501330180870184,0.0,0.0,2024-02-12
0.15,0.0,0.0,0.0,0.15,0.15,0.0,0.15,0.0,0.0,0.0,0.0,0.0,0.0,0.0,0.0,0.15,0.0,0.0,0.0,0.03224764289439185,0.0,0.0,0.0,0.0,0.0,0.11955372346401151,0.09819863364159662,0.0,0.0,2024-03-13
0.15,0.0,0.0,0.0,0.15,0.15,0.0,0.15,0.0,0.0,0.0,0.0,0.0,0.0,0.0,0.0,0.15,0.0,0.0,0.0,0.02946795577960054,0.0,0.0,0.0,0.0,0.0,0.12269222639917621,0.09783981782122324,0.0,0.0,2024-04-12
0.15,0.0,0.0,0.0,0.15,0.15,0.0,0.15,0.0,0.0,0.0,0.0,0.0,0.0,0.0,0.0,0.15,0.0,0.0,0.0,0.051146340892445546,0.0,0.0,0.0,0.0,0.0,0.09821548765248356,0.1006381714550709,0.0,0.0,2024-05-13
0.15,0.0,0.0,0.0,0.15,0.15,0.0,0.15,0.0,0.0,0.0,0.0,0.0,0.0,0.0,0.0,0.15,0.0,0.0,0.0,0.105538549016689,0.0,0.0,0.0,0.0,0.0,0.03680206312004528,0.10765938786326572,0.0,0.0,2024-06-12
0.15,0.0,0.0,0.0,0.15,0.15,0.0,0.15,0.0,0.0,0.0,0.0,0.0,0.0,0.0,0.0,0.15,0.0,0.0,0.0,0.05543760974243231,0.0,0.0,0.0,0.0,0.0,0.0933702805032338,0.10119210975433388,0.0,0.0,2024-07-15
0.15,0.0,0.0,0.0,0.15,0.15,0.0,0.15,0.0,0.0,0.0,0.0,0.0,0.0,0.0,0.0,0.15,0.0,0.0,0.0,0.01863644684881241,0.0,0.0,0.0,0.0,0.0,0.13492192030632424,0.09644163284486333,0.0,0.0,2024-08-13
0.13391546287117032,0.0,0.0,0.0,0.15,0.15,0.0,0.15,0.0,0.0,0.0,0.0,0.0,0.0,0.0,0.0,0.15,0.0,0.0,0.0,0.0,0.0,0.04725907428542851,0.0,0.0,0.0,0.15,0.06882546284340117,0.0,0.0,2024-09-12
0.15,0.0,0.0,0.0,0.15,0.15,0.0,0.15,0.0,0.0,0.0,0.0,0.0,0.0,0.0,0.0,0.15,0.0,0.0,0.0,0.024383786240298567,0.0,0.0,0.0,0.0,0.0,0.12843268579730965,0.09718352796239176,0.0,0.0,2024-10-11
0.14060768832939655,0.0,0.0,0.0,0.15,0.15,0.0,0.15,0.0,0.0,0.0,0.0,0.0,0.0,0.0,0.0,0.15,0.0,0.0,0.0,0.0,0.0,0.031850084574890795,0.0,0.0,0.0,0.15,0.07754222709571267,0.0,0.0,2024-11-11
0.14489885463732205,0.0,0.0,0.0,0.15,0.15,0.0,0.15,0.0,0.0,0.0,0.0,0.0,0.0,0.03439974336895288,0.0,0.15,0.0,0.0,0.0,0.0,0.0,0.0,0.0,0.0,0.0,0.15,0.07070140199372507,0.0,0.0,2024-12-11
0.14495567466139253,0.0,0.0,0.0,0.15,0.15,0.0,0.15,0.0,0.0,0.0,0.0,0.0,0.0,0.03419489222954088,0.0,0.15,0.0,0.0,0.0,0.0,0.0,0.0,0.0,0.0,0.0,0.15,0.07084943310906659,0.0,0.0,2025-01-14
0.14865815740153457,0.0,0.0,0.0,0.15,0.15,0.0,0.15,0.0,0.0,0.0,0.0,0.0,0.0,0.020846467613765622,0.0,0.15,0.0,0.0,0.0,0.0,0.0,0.0,0.0,0.0,0.0,0.15,0.08049537498469982,0.0,0.0,2025-02-13
0.13910418342492756,0.0,0.0,0.0,0.15,0.15,0.0,0.15,0.0,0.0,0.0,0.0,0.0,0.0,0.055291058003111994,0.0,0.15,0.0,0.0,0.0,0.0,0.0,0.0,0.0,0.0,0.0,0.15,0.055604758571960455,0.0,0.0,2025-03-17
0.021159299238362364,0.0,0.0,0.0,0.15,0.15,0.0,0.15,0.0,0.0,0.0,0.0,0.0,0.0,0.0,0.0,0.15,0.04602087385763788,0.0,0.0,0.0,0.0,0.03281982690399973,0.0,0.0,0.0,0.15,0.15,0.0,0.0,2025-04-15
0.15,0.0,0.15,0.0,0.0,0.0,0.08489133996189045,0.0,0.0,0.0,0.15,0.0,0.0,0.0,0.0,0.0,0.0,0.002568950497677483,0.0,0.12611447228934403,0.0,0.0,0.0,0.0,0.0,0.15,0.08660710384661478,0.0,0.0,0.09981813340447321,2025-05-15
0.15,0.0,0.15,0.0,0.0,0.07933343074511241,0.0529161175033052,0.0,0.0,0.0,0.15,0.0,0.0,0.0,0.0,0.0,0.0,0.0,0.0,0.15,0.0,0.0,0.0,0.0,0.0,0.15,0.034253934712754765,0.0,0.0,0.08349651703882761,2025-06-16
0.15,0.0,0.15,0.0005381694413401811,0.0,0.08547247379827672,0.013989356760383083,0.0,0.0,0.0,0.15,0.0,0.0,0.0,0.0,0.0,0.0,0.0,0.0,0.15,0.0,0.0,0.0,0.0,0.0,0.15,0.15,0.0,0.0,0.0,2025-07-17
0.07825022004092907,0.0,0.15,0.0,0.0,0.0,0.14868603635623306,0.04972974078820052,0.0,0.0,0.15,0.0,0.0,0.0,0.0,0.0,0.0,0.0,0.0,0.0,0.0,0.0,0.0,0.0939219621687014,0.0,0.15,0.0,0.0,0.029412040645935954,0.15,2025-08-15
0.10882890007442551,0.0,0.15,0.0,0.0,0.0,0.15,0.0,0.0,0.011002432194958157,0.15,0.0,0.0,0.0,0.0,0.0,0.0,0.008957043739130777,0.0,0.0,0.0,0.0,0.0,0.038717120700601015,0.0,0.15,0.0,0.0,0.08249450329088452,0.15,2025-09-16
0.08743765590816882,0.0,0.15,0.0,0.0,0.0,0.15,0.0,0.0,0.0008932683797420459,0.15,0.0,0.0,0.0,0.0,0.0,0.0,0.005875932115828742,0.0,0.0,0.0,0.0,0.0,0.08336712245003411,0.0,0.15,0.0,0.0,0.08069383327489384,0.1417321878713325,2025-10-15
0.11338004915549214,0.0,0.15,0.0,0.0,0.0,0.15,0.0,0.0,0.011618932709818596,0.15,0.0,0.0,0.0,0.0,0.0,0.0,0.010864558746323718,0.0,0.0,0.0,0.0,0.0,0.024970917644242207,0.0,0.15,0.0,0.0,0.08916554174412335,0.15,2025-11-13
0.1182293141291099,0.0,0.15,0.0,0.0,0.0,0.15,0.103663621515861,0.0,0.0,0.15,0.0,0.0,0.0,0.0,0.0,0.0,0.01593961869470044,0.0,0.0,0.0,0.0,0.0,0.012167445660328641,0.0,0.15,0.0,0.0,0.0,0.15,2025-12-15
0.09962525948643289,0.0,0.15,0.0,0.0,0.0,0.15,0.15,0.0,0.0,0.15,0.0,0.0,0.0,0.0,0.0,0.0,0.003770756715056644,0.0,0.0,0.0,0.0,0.0,0.024152068766012245,0.0,0.15,0.0,0.0,0.0,0.12245191503249823,2026-01-15
0.10436529970278265,0.0,0.15,0.0,0.0,0.0,0.15,0.10153999635224717,0.0,0.0,0.15,0.0,0.0,0.0,0.0,0.0,0.0,0.009690497416087266,0.0,0.0,0.0,0.0,0.0,0.03440420652888293,0.0,0.15,0.0,0.0,0.0,0.15,2026-02-17
0.07448978769779357,0.0,0.15,0.0,0.0,0.0,0.12327338954192517,0.15,0.0,0.0,0.1492688800636398,0.0,0.0,0.0,0.0,0.0,0.0,0.0,0.0,0.0,0.0,0.0,0.0,0.15,0.0,0.15,0.0,0.0,0.0,0.052967942696641485,2026-03-18
0.09046944871478746,0.0,0.15,0.0,0.0,0.0,0.14865601643438237,0.15,0.0,0.0,0.15,0.0,0.0,0.0,0.0,0.0,0.0,0.0,0.0,0.0,0.0,0.0,0.0,0.04445261322653171,0.0,0.15,0.0,0.0,0.0,0.11642192162429862,2026-04-17
0.15,0.0,0.15,0.0,0.0,0.0,0.1433123150869001,0.07500644663711484,0.0,0.0,0.15,0.0,0.0,0.0,0.0,0.0,0.0,0.030924160336241097,0.0,0.0,0.0,0.0,0.0007570779397440169,0.0,0.0,0.15,0.0,0.0,0.0,0.15,2026-05-18
0.10884326442193887,0.0,0.15,0.0,0.0,0.0,0.13396887127869894,0.15,0.0,0.0,0.15,0.0,0.0,0.0,0.0,0.0,0.0,0.0,0.0,0.0400176635361102,0.0,0.0,0.11717020076325205,0.0,0.0,0.15,0.0,0.0,0.0,0.0,2026-06-17
