Window,Train_Start_Date,Train_End_Date,Hold_Start_Date,Hold_End_Date,T_train,T_hold
1,1990-01-03,1994-12-27,1994-12-28,1995-01-26,1260,21
2,1990-02-01,1995-01-26,1995-01-27,1995-02-27,1260,21
3,1990-03-05,1995-02-27,1995-02-28,1995-03-28,1260,21
4,1990-04-03,1995-03-28,1995-03-29,1995-04-27,1260,21
5,1990-05-03,1995-04-27,1995-04-28,1995-05-26,1260,21
6,1990-06-04,1995-05-26,1995-05-30,1995-06-27,1260,21
7,1990-07-03,1995-06-27,1995-06-28,1995-07-27,1260,21
8,1990-08-02,1995-07-27,1995-07-28,1995-08-25,1260,21
9,1990-08-31,1995-08-25,1995-08-28,1995-09-26,1260,21
10,1990-10-02,1995-09-26,1995-09-27,1995-10-25,1260,21
11,1990-10-31,1995-10-25,1995-10-26,1995-11-24,1260,21
12,1990-11-30,1995-11-24,1995-11-27,1995-12-26,1260,21
13,1991-01-02,1995-12-26,1995-12-27,1996-01-25,1260,21
14,1991-01-31,1996-01-25,1996-01-26,1996-02-26,1260,21
15,1991-03-05,1996-02-26,1996-02-27,1996-03-26,1260,21
16,1991-04-04,1996-03-26,1996-03-27,1996-04-25,1260,21
17,1991-05-03,1996-04-25,1996-04-26,1996-05-24,1260,21
18,1991-06-04,1996-05-24,1996-05-28,1996-06-25,1260,21
19,1991-07-03,1996-06-25,1996-06-26,1996-07-25,1260,21
20,1991-08-02,1996-07-25,1996-07-26,1996-08-23,1260,21
21,1991-09-03,1996-08-23,1996-08-26,1996-09-24,1260,21
22,1991-10-02,1996-09-24,1996-09-25,1996-10-23,1260,21
23,1991-10-31,1996-10-23,1996-10-24,1996-11-21,1260,21
24,1991-12-02,1996-11-21,1996-11-22,1996-12-23,1260,21
25,1992-01-02,1996-12-23,1996-12-24,1997-01-23,1260,21
26,1992-01-31,1997-01-23,1997-01-24,1997-02-25,1260,21
27,1992-03-03,1997-02-25,1997-02-26,1997-03-26,1260,21
28,1992-04-01,1997-03-26,1997-03-27,1997-04-25,1260,21
29,1992-05-01,1997-04-25,1997-04-28,1997-05-27,1260,21
30,1992-06-02,1997-05-27,1997-05-28,1997-06-25,1260,21
31,1992-07-01,1997-06-25,1997-06-26,1997-07-25,1260,21
32,1992-07-31,1997-07-25,1997-07-28,1997-08-25,1260,21
33,1992-08-31,1997-08-25,1997-08-26,1997-09-24,1260,21
34,1992-09-30,1997-09-24,1997-09-25,1997-10-23,1260,21
35,1992-10-29,1997-10-23,1997-10-24,1997-11-21,1260,21
36,1992-11-30,1997-11-21,1997-11-24,1997-12-24,1260,21
37,1992-12-30,1997-12-24,1997-12-26,1998-01-27,1260,21
38,1993-01-29,1998-01-27,1998-01-28,1998-02-26,1260,21
39,1993-03-02,1998-02-26,1998-02-27,1998-03-27,1260,21
40,1993-03-31,1998-03-27,1998-03-30,1998-04-28,1260,21
41,1993-04-30,1998-04-28,1998-04-29,1998-05-28,1260,21
42,1993-06-01,1998-05-28,1998-05-29,1998-06-26,1260,21
43,1993-06-30,1998-06-26,1998-06-29,1998-07-28,1260,21
44,1993-07-30,1998-07-28,1998-07-29,1998-08-26,1260,21
45,1993-08-30,1998-08-26,1998-08-27,1998-09-25,1260,21
46,1993-09-29,1998-09-25,1998-09-28,1998-10-26,1260,21
47,1993-10-28,1998-10-26,1998-10-27,1998-11-24,1260,21
48,1993-11-29,1998-11-24,1998-11-25,1998-12-24,1260,21
49,1993-12-29,1998-12-24,1998-12-28,1999-01-27,1260,21
50,1994-01-27,1999-01-27,1999-01-28,1999-02-26,1260,21
51,1994-02-28,1999-02-26,1999-03-01,1999-03-29,1260,21
52,1994-03-29,1999-03-29,1999-03-30,1999-04-28,1260,21
53,1994-04-29,1999-04-28,1999-04-29,1999-05-27,1260,21
54,1994-05-31,1999-05-27,1999-05-28,1999-06-28,1260,21
55,1994-06-29,1999-06-28,1999-06-29,1999-07-28,1260,21
56,1994-07-29,1999-07-28,1999-07-29,1999-08-26,1260,21
57,1994-08-29,1999-08-26,1999-08-27,1999-09-27,1260,21
58,1994-09-28,1999-09-27,1999-09-28,1999-10-26,1260,21
59,1994-10-27,1999-10-26,1999-10-27,1999-11-24,1260,21
60,1994-11-28,1999-11-24,1999-11-26,1999-12-27,1260,21
61,1994-12-28,1999-12-27,1999-12-28,2000-01-27,1260,21
62,1995-01-27,2000-01-27,2000-01-28,2000-02-28,1260,21
63,1995-02-28,2000-02-28,2000-02-29,2000-03-28,1260,21
64,1995-03-29,2000-03-28,2000-03-29,2000-04-27,1260,21
65,1995-04-28,2000-04-27,2000-04-28,2000-05-26,1260,21
66,1995-05-30,2000-05-26,2000-05-30,2000-06-27,1260,21
67,1995-06-28,2000-06-27,2000-06-28,2000-07-27,1260,21
68,1995-07-28,2000-07-27,2000-07-28,2000-08-25,1260,21
69,1995-08-28,2000-08-25,2000-08-28,2000-09-26,1260,21
70,1995-09-27,2000-09-26,2000-09-27,2000-10-25,1260,21
71,1995-10-26,2000-10-25,2000-10-26,2000-11-24,1260,21
72,1995-11-27,2000-11-24,2000-11-27,2000-12-26,1260,21
73,1995-12-27,2000-12-26,2000-12-27,2001-01-26,1260,21
74,1996-01-26,2001-01-26,2001-01-29,2001-02-27,1260,21
75,1996-02-27,2001-02-27,2001-02-28,2001-03-28,1260,21
76,1996-03-27,2001-03-28,2001-03-29,2001-04-27,1260,21
77,1996-04-26,2001-04-27,2001-04-30,2001-05-29,1260,21
78,1996-05-28,2001-05-29,2001-05-30,2001-06-27,1260,21
79,1996-06-26,2001-06-27,2001-06-28,2001-07-27,1260,21
80,1996-07-26,2001-07-27,2001-07-30,2001-08-27,1260,21
81,1996-08-26,2001-08-27,2001-08-28,2001-10-02,1260,21
82,1996-09-25,2001-10-02,2001-10-03,2001-10-31,1260,21
83,1996-10-24,2001-10-31,2001-11-01,2001-11-30,1260,21
84,1996-11-22,2001-11-30,2001-12-03,2002-01-02,1260,21
85,1996-12-24,2002-01-02,2002-01-03,2002-02-01,1260,21
86,1997-01-24,2002-02-01,2002-02-04,2002-03-05,1260,21
87,1997-02-26,2002-03-05,2002-03-06,2002-04-04,1260,21
88,1997-03-27,2002-04-04,2002-04-05,2002-05-03,1260,21
89,1997-04-28,2002-05-03,2002-05-06,2002-06-04,1260,21
90,1997-05-28,2002-06-04,2002-06-05,2002-07-03,1260,21
91,1997-06-26,2002-07-03,2002-07-05,2002-08-02,1260,21
92,1997-07-28,2002-08-02,2002-08-05,2002-09-03,1260,21
93,1997-08-26,2002-09-03,2002-09-04,2002-10-02,1260,21
94,1997-09-25,2002-10-02,2002-10-03,2002-10-31,1260,21
95,1997-10-24,2002-10-31,2002-11-01,2002-12-02,1260,21
96,1997-11-24,2002-12-02,2002-12-03,2003-01-02,1260,21
97,1997-12-26,2003-01-02,2003-01-03,2003-02-03,1260,21
98,1998-01-28,2003-02-03,2003-02-04,2003-03-05,1260,21
99,1998-02-27,2003-03-05,2003-03-06,2003-04-03,1260,21
100,1998-03-30,2003-04-03,2003-04-04,2003-05-05,1260,21
101,1998-04-29,2003-05-05,2003-05-06,2003-06-04,1260,21
102,1998-05-29,2003-06-04,2003-06-05,2003-07-03,1260,21
103,1998-06-29,2003-07-03,2003-07-07,2003-08-04,1260,21
104,1998-07-29,2003-08-04,2003-08-05,2003-09-03,1260,21
105,1998-08-27,2003-09-03,2003-09-04,2003-10-02,1260,21
106,1998-09-28,2003-10-02,2003-10-03,2003-10-31,1260,21
107,1998-10-27,2003-10-31,2003-11-03,2003-12-02,1260,21
108,1998-11-25,2003-12-02,2003-12-03,2004-01-02,1260,21
109,1998-12-28,2004-01-02,2004-01-05,2004-02-03,1260,21
110,1999-01-28,2004-02-03,2004-02-04,2004-03-04,1260,21
111,1999-03-01,2004-03-04,2004-03-05,2004-04-02,1260,21
112,1999-03-30,2004-04-02,2004-04-05,2004-05-04,1260,21
113,1999-04-29,2004-05-04,2004-05-05,2004-06-03,1260,21
114,1999-05-28,2004-06-03,2004-06-04,2004-07-06,1260,21
115,1999-06-29,2004-07-06,2004-07-07,2004-08-04,1260,21
116,1999-07-29,2004-08-04,2004-08-05,2004-09-02,1260,21
117,1999-08-27,2004-09-02,2004-09-03,2004-10-04,1260,21
118,1999-09-28,2004-10-04,2004-10-05,2004-11-02,1260,21
119,1999-10-27,2004-11-02,2004-11-03,2004-12-02,1260,21
120,1999-11-26,2004-12-02,2004-12-03,2005-01-03,1260,21
121,1999-12-28,2005-01-03,2005-01-04,2005-02-02,1260,21
122,2000-01-28,2005-02-02,2005-02-03,2005-03-04,1260,21
123,2000-02-29,2005-03-04,2005-03-07,2005-04-05,1260,21
124,2000-03-29,2005-04-05,2005-04-06,2005-05-04,1260,21
125,2000-04-28,2005-05-04,2005-05-05,2005-06-03,1260,21
126,2000-05-30,2005-06-03,2005-06-06,2005-07-05,1260,21
127,2000-06-28,2005-07-05,2005-07-06,2005-08-03,1260,21
128,2000-07-28,2005-08-03,2005-08-04,2005-09-01,1260,21
129,2000-08-28,2005-09-01,2005-09-02,2005-10-03,1260,21
130,2000-09-27,2005-10-03,2005-10-04,2005-11-01,1260,21
131,2000-10-26,2005-11-01,2005-11-02,2005-12-01,1260,21
132,2000-11-27,2005-12-01,2005-12-02,2006-01-03,1260,21
133,2000-12-27,2006-01-03,2006-01-04,2006-02-02,1260,21
134,2001-01-29,2006-02-02,2006-02-03,2006-03-06,1260,21
135,2001-02-28,2006-03-06,2006-03-07,2006-04-04,1260,21
136,2001-03-29,2006-04-04,2006-04-05,2006-05-04,1260,21
137,2001-04-30,2006-05-04,2006-05-05,2006-06-05,1260,21
138,2001-05-30,2006-06-05,2006-06-06,2006-07-05,1260,21
139,2001-06-28,2006-07-05,2006-07-06,2006-08-03,1260,21
140,2001-07-30,2006-08-03,2006-08-04,2006-09-01,1260,21
141,2001-08-28,2006-09-01,2006-09-05,2006-10-03,1260,21
142,2001-10-03,2006-10-03,2006-10-04,2006-11-01,1260,21
143,2001-11-01,2006-11-01,2006-11-02,2006-12-01,1260,21
144,2001-12-03,2006-12-01,2006-12-04,2007-01-04,1260,21
145,2002-01-03,2007-01-04,2007-01-05,2007-02-05,1260,21
146,2002-02-04,2007-02-05,2007-02-06,2007-03-07,1260,21
147,2002-03-06,2007-03-07,2007-03-08,2007-04-05,1260,21
148,2002-04-05,2007-04-05,2007-04-09,2007-05-07,1260,21
149,2002-05-06,2007-05-07,2007-05-08,2007-06-06,1260,21
150,2002-06-05,2007-06-06,2007-06-07,2007-07-06,1260,21
151,2002-07-05,2007-07-06,2007-07-09,2007-08-06,1260,21
152,2002-08-05,2007-08-06,2007-08-07,2007-09-05,1260,21
153,2002-09-04,2007-09-05,2007-09-06,2007-10-04,1260,21
154,2002-10-03,2007-10-04,2007-10-05,2007-11-02,1260,21
155,2002-11-01,2007-11-02,2007-11-05,2007-12-04,1260,21
156,2002-12-03,2007-12-04,2007-12-05,2008-01-04,1260,21
157,2003-01-03,2008-01-04,2008-01-07,2008-02-05,1260,21
158,2003-02-04,2008-02-05,2008-02-06,2008-03-06,1260,21
159,2003-03-06,2008-03-06,2008-03-07,2008-04-07,1260,21
160,2003-04-04,2008-04-07,2008-04-08,2008-05-06,1260,21
161,2003-05-06,2008-05-06,2008-05-07,2008-06-05,1260,21
162,2003-06-05,2008-06-05,2008-06-06,2008-07-07,1260,21
163,2003-07-07,2008-07-07,2008-07-08,2008-08-05,1260,21
164,2003-08-05,2008-08-05,2008-08-06,2008-09-04,1260,21
165,2003-09-04,2008-09-04,2008-09-05,2008-10-03,1260,21
166,2003-10-03,2008-10-03,2008-10-06,2008-11-03,1260,21
167,2003-11-03,2008-11-03,2008-11-04,2008-12-03,1260,21
168,2003-12-03,2008-12-03,2008-12-04,2009-01-05,1260,21
169,2004-01-05,2009-01-05,2009-01-06,2009-02-04,1260,21
170,2004-02-04,2009-02-04,2009-02-05,2009-03-06,1260,21
171,2004-03-05,2009-03-06,2009-03-09,2009-04-06,1260,21
172,2004-04-05,2009-04-06,2009-04-07,2009-05-06,1260,21
173,2004-05-05,2009-05-06,2009-05-07,2009-06-05,1260,21
174,2004-06-04,2009-06-05,2009-06-08,2009-07-07,1260,21
175,2004-07-07,2009-07-07,2009-07-08,2009-08-05,1260,21
176,2004-08-05,2009-08-05,2009-08-06,2009-09-03,1260,21
177,2004-09-03,2009-09-03,2009-09-04,2009-10-05,1260,21
178,2004-10-05,2009-10-05,2009-10-06,2009-11-03,1260,21
179,2004-11-03,2009-11-03,2009-11-04,2009-12-03,1260,21
180,2004-12-03,2009-12-03,2009-12-04,2010-01-05,1260,21
181,2005-01-04,2010-01-05,2010-01-06,2010-02-04,1260,21
182,2005-02-03,2010-02-04,2010-02-05,2010-03-08,1260,21
183,2005-03-07,2010-03-08,2010-03-09,2010-04-07,1260,21
184,2005-04-06,2010-04-07,2010-04-08,2010-05-06,1260,21
185,2005-05-05,2010-05-06,2010-05-07,2010-06-07,1260,21
186,2005-06-06,2010-06-07,2010-06-08,2010-07-07,1260,21
187,2005-07-06,2010-07-07,2010-07-08,2010-08-05,1260,21
188,2005-08-04,2010-08-05,2010-08-06,2010-09-03,1260,21
189,2005-09-02,2010-09-03,2010-09-07,2010-10-05,1260,21
190,2005-10-04,2010-10-05,2010-10-06,2010-11-03,1260,21
191,2005-11-02,2010-11-03,2010-11-04,2010-12-03,1260,21
192,2005-12-02,2010-12-03,2010-12-06,2011-01-04,1260,21
193,2006-01-04,2011-01-04,2011-01-05,2011-02-03,1260,21
194,2006-02-03,2011-02-03,2011-02-04,2011-03-07,1260,21
195,2006-03-07,2011-03-07,2011-03-08,2011-04-05,1260,21
196,2006-04-05,2011-04-05,2011-04-06,2011-05-05,1260,21
197,2006-05-05,2011-05-05,2011-05-06,2011-06-06,1260,21
198,2006-06-06,2011-06-06,2011-06-07,2011-07-06,1260,21
199,2006-07-06,2011-07-06,2011-07-07,2011-08-04,1260,21
200,2006-08-04,2011-08-04,2011-08-05,2011-09-02,1260,21
201,2006-09-05,2011-09-02,2011-09-06,2011-10-04,1260,21
202,2006-10-04,2011-10-04,2011-10-05,2011-11-02,1260,21
203,2006-11-02,2011-11-02,2011-11-03,2011-12-02,1260,21
204,2006-12-04,2011-12-02,2011-12-05,2012-01-04,1260,21
205,2007-01-05,2012-01-04,2012-01-05,2012-02-03,1260,21
206,2007-02-06,2012-02-03,2012-02-06,2012-03-06,1260,21
207,2007-03-08,2012-03-06,2012-03-07,2012-04-04,1260,21
208,2007-04-09,2012-04-04,2012-04-05,2012-05-04,1260,21
209,2007-05-08,2012-05-04,2012-05-07,2012-06-05,1260,21
210,2007-06-07,2012-06-05,2012-06-06,2012-07-05,1260,21
211,2007-07-09,2012-07-05,2012-07-06,2012-08-03,1260,21
212,2007-08-07,2012-08-03,2012-08-06,2012-09-04,1260,21
213,2007-09-06,2012-09-04,2012-09-05,2012-10-03,1260,21
214,2007-10-05,2012-10-03,2012-10-04,2012-11-05,1260,21
215,2007-11-05,2012-11-05,2012-11-06,2012-12-05,1260,21
216,2007-12-05,2012-12-05,2012-12-06,2013-01-07,1260,21
217,2008-01-07,2013-01-07,2013-01-08,2013-02-06,1260,21
218,2008-02-06,2013-02-06,2013-02-07,2013-03-08,1260,21
219,2008-03-07,2013-03-08,2013-03-11,2013-04-09,1260,21
220,2008-04-08,2013-04-09,2013-04-10,2013-05-08,1260,21
221,2008-05-07,2013-05-08,2013-05-09,2013-06-07,1260,21
222,2008-06-06,2013-06-07,2013-06-10,2013-07-09,1260,21
223,2008-07-08,2013-07-09,2013-07-10,2013-08-07,1260,21
224,2008-08-06,2013-08-07,2013-08-08,2013-09-06,1260,21
225,2008-09-05,2013-09-06,2013-09-09,2013-10-07,1260,21
226,2008-10-06,2013-10-07,2013-10-08,2013-11-05,1260,21
227,2008-11-04,2013-11-05,2013-11-06,2013-12-05,1260,21
228,2008-12-04,2013-12-05,2013-12-06,2014-01-07,1260,21
229,2009-01-06,2014-01-07,2014-01-08,2014-02-06,1260,21
230,2009-02-05,2014-02-06,2014-02-07,2014-03-10,1260,21
231,2009-03-09,2014-03-10,2014-03-11,2014-04-08,1260,21
232,2009-04-07,2014-04-08,2014-04-09,2014-05-08,1260,21
233,2009-05-07,2014-05-08,2014-05-09,2014-06-09,1260,21
234,2009-06-08,2014-06-09,2014-06-10,2014-07-09,1260,21
235,2009-07-08,2014-07-09,2014-07-10,2014-08-07,1260,21
236,2009-08-06,2014-08-07,2014-08-08,2014-09-08,1260,21
237,2009-09-04,2014-09-08,2014-09-09,2014-10-07,1260,21
238,2009-10-06,2014-10-07,2014-10-08,2014-11-05,1260,21
239,2009-11-04,2014-11-05,2014-11-06,2014-12-05,1260,21
240,2009-12-04,2014-12-05,2014-12-08,2015-01-07,1260,21
241,2010-01-06,2015-01-07,2015-01-08,2015-02-06,1260,21
242,2010-02-05,2015-02-06,2015-02-09,2015-03-10,1260,21
243,2010-03-09,2015-03-10,2015-03-11,2015-04-09,1260,21
244,2010-04-08,2015-04-09,2015-04-10,2015-05-08,1260,21
245,2010-05-07,2015-05-08,2015-05-11,2015-06-09,1260,21
246,2010-06-08,2015-06-09,2015-06-10,2015-07-09,1260,21
247,2010-07-08,2015-07-09,2015-07-10,2015-08-07,1260,21
248,2010-08-06,2015-08-07,2015-08-10,2015-09-08,1260,21
249,2010-09-07,2015-09-08,2015-09-09,2015-10-07,1260,21
250,2010-10-06,2015-10-07,2015-10-08,2015-11-05,1260,21
251,2010-11-04,2015-11-05,2015-11-06,2015-12-07,1260,21
252,2010-12-06,2015-12-07,2015-12-08,2016-01-07,1260,21
253,2011-01-05,2016-01-07,2016-01-08,2016-02-08,1260,21
254,2011-02-04,2016-02-08,2016-02-09,2016-03-09,1260,21
255,2011-03-08,2016-03-09,2016-03-10,2016-04-08,1260,21
256,2011-04-06,2016-04-08,2016-04-11,2016-05-09,1260,21
257,2011-05-06,2016-05-09,2016-05-10,2016-06-08,1260,21
258,2011-06-07,2016-06-08,2016-06-09,2016-07-08,1260,21
259,2011-07-07,2016-07-08,2016-07-11,2016-08-08,1260,21
260,2011-08-05,2016-08-08,2016-08-09,2016-09-07,1260,21
261,2011-09-06,2016-09-07,2016-09-08,2016-10-06,1260,21
262,2011-10-05,2016-10-06,2016-10-07,2016-11-04,1260,21
263,2011-11-03,2016-11-04,2016-11-07,2016-12-06,1260,21
264,2011-12-05,2016-12-06,2016-12-07,2017-01-06,1260,21
265,2012-01-05,2017-01-06,2017-01-09,2017-02-07,1260,21
266,2012-02-06,2017-02-07,2017-02-08,2017-03-09,1260,21
267,2012-03-07,2017-03-09,2017-03-10,2017-04-07,1260,21
268,2012-04-05,2017-04-07,2017-04-10,2017-05-09,1260,21
269,2012-05-07,2017-05-09,2017-05-10,2017-06-08,1260,21
270,2012-06-06,2017-06-08,2017-06-09,2017-07-10,1260,21
271,2012-07-06,2017-07-10,2017-07-11,2017-08-08,1260,21
272,2012-08-06,2017-08-08,2017-08-09,2017-09-07,1260,21
273,2012-09-05,2017-09-07,2017-09-08,2017-10-06,1260,21
274,2012-10-04,2017-10-06,2017-10-09,2017-11-06,1260,21
275,2012-11-06,2017-11-06,2017-11-07,2017-12-06,1260,21
276,2012-12-06,2017-12-06,2017-12-07,2018-01-08,1260,21
277,2013-01-08,2018-01-08,2018-01-09,2018-02-07,1260,21
278,2013-02-07,2018-02-07,2018-02-08,2018-03-09,1260,21
279,2013-03-11,2018-03-09,2018-03-12,2018-04-10,1260,21
280,2013-04-10,2018-04-10,2018-04-11,2018-05-09,1260,21
281,2013-05-09,2018-05-09,2018-05-10,2018-06-08,1260,21
282,2013-06-10,2018-06-08,2018-06-11,2018-07-10,1260,21
283,2013-07-10,2018-07-10,2018-07-11,2018-08-08,1260,21
284,2013-08-08,2018-08-08,2018-08-09,2018-09-07,1260,21
285,2013-09-09,2018-09-07,2018-09-10,2018-10-08,1260,21
286,2013-10-08,2018-10-08,2018-10-09,2018-11-06,1260,21
287,2013-11-06,2018-11-06,2018-11-07,2018-12-07,1260,21
288,2013-12-06,2018-12-07,2018-12-10,2019-01-09,1260,21
289,2014-01-08,2019-01-09,2019-01-10,2019-02-08,1260,21
290,2014-02-07,2019-02-08,2019-02-11,2019-03-12,1260,21
291,2014-03-11,2019-03-12,2019-03-13,2019-04-10,1260,21
292,2014-04-09,2019-04-10,2019-04-11,2019-05-10,1260,21
293,2014-05-09,2019-05-10,2019-05-13,2019-06-11,1260,21
294,2014-06-10,2019-06-11,2019-06-12,2019-07-11,1260,21
295,2014-07-10,2019-07-11,2019-07-12,2019-08-09,1260,21
296,2014-08-08,2019-08-09,2019-08-12,2019-09-10,1260,21
297,2014-09-09,2019-09-10,2019-09-11,2019-10-09,1260,21
298,2014-10-08,2019-10-09,2019-10-10,2019-11-07,1260,21
299,2014-11-06,2019-11-07,2019-11-08,2019-12-09,1260,21
300,2014-12-08,2019-12-09,2019-12-10,2020-01-09,1260,21
301,2015-01-08,2020-01-09,2020-01-10,2020-02-10,1260,21
302,2015-02-09,2020-02-10,2020-02-11,2020-03-11,1260,21
303,2015-03-11,2020-03-11,2020-03-12,2020-04-09,1260,21
304,2015-04-10,2020-04-09,2020-04-13,2020-05-11,1260,21
305,2015-05-11,2020-05-11,2020-05-12,2020-06-10,1260,21
306,2015-06-10,2020-06-10,2020-06-11,2020-07-10,1260,21
307,2015-07-10,2020-07-10,2020-07-13,2020-08-10,1260,21
308,2015-08-10,2020-08-10,2020-08-11,2020-09-09,1260,21
309,2015-09-09,2020-09-09,2020-09-10,2020-10-08,1260,21
310,2015-10-08,2020-10-08,2020-10-09,2020-11-06,1260,21
311,2015-11-06,2020-11-06,2020-11-09,2020-12-08,1260,21
312,2015-12-08,2020-12-08,2020-12-09,2021-01-08,1260,21
313,2016-01-08,2021-01-08,2021-01-11,2021-02-09,1260,21
314,2016-02-09,2021-02-09,2021-02-10,2021-03-11,1260,21
315,2016-03-10,2021-03-11,2021-03-12,2021-04-12,1260,21
316,2016-04-11,2021-04-12,2021-04-13,2021-05-11,1260,21
317,2016-05-10,2021-05-11,2021-05-12,2021-06-10,1260,21
318,2016-06-09,2021-06-10,2021-06-11,2021-07-12,1260,21
319,2016-07-11,2021-07-12,2021-07-13,2021-08-10,1260,21
320,2016-08-09,2021-08-10,2021-08-11,2021-09-09,1260,21
321,2016-09-08,2021-09-09,2021-09-10,2021-10-08,1260,21
322,2016-10-07,2021-10-08,2021-10-11,2021-11-08,1260,21
323,2016-11-07,2021-11-08,2021-11-09,2021-12-08,1260,21
324,2016-12-07,2021-12-08,2021-12-09,2022-01-07,1260,21
325,2017-01-09,2022-01-07,2022-01-10,2022-02-08,1260,21
326,2017-02-08,2022-02-08,2022-02-09,2022-03-10,1260,21
327,2017-03-10,2022-03-10,2022-03-11,2022-04-08,1260,21
328,2017-04-10,2022-04-08,2022-04-11,2022-05-10,1260,21
329,2017-05-10,2022-05-10,2022-05-11,2022-06-09,1260,21
330,2017-06-09,2022-06-09,2022-06-10,2022-07-12,1260,21
331,2017-07-11,2022-07-12,2022-07-13,2022-08-10,1260,21
332,2017-08-09,2022-08-10,2022-08-11,2022-09-09,1260,21
333,2017-09-08,2022-09-09,2022-09-12,2022-10-10,1260,21
334,2017-10-09,2022-10-10,2022-10-11,2022-11-08,1260,21
335,2017-11-07,2022-11-08,2022-11-09,2022-12-08,1260,21
336,2017-12-07,2022-12-08,2022-12-09,2023-01-10,1260,21
337,2018-01-09,2023-01-10,2023-01-11,2023-02-09,1260,21
338,2018-02-08,2023-02-09,2023-02-10,2023-03-13,1260,21
339,2018-03-12,2023-03-13,2023-03-14,2023-04-12,1260,21
340,2018-04-11,2023-04-12,2023-04-13,2023-05-11,1260,21
341,2018-05-10,2023-05-11,2023-05-12,2023-06-12,1260,21
342,2018-06-11,2023-06-12,2023-06-13,2023-07-13,1260,21
343,2018-07-11,2023-07-13,2023-07-14,2023-08-11,1260,21
344,2018-08-09,2023-08-11,2023-08-14,2023-09-12,1260,21
345,2018-09-10,2023-09-12,2023-09-13,2023-10-11,1260,21
346,2018-10-09,2023-10-11,2023-10-12,2023-11-09,1260,21
347,2018-11-07,2023-11-09,2023-11-10,2023-12-11,1260,21
348,2018-12-10,2023-12-11,2023-12-12,2024-01-11,1260,21
349,2019-01-10,2024-01-11,2024-01-12,2024-02-12,1260,21
350,2019-02-11,2024-02-12,2024-02-13,2024-03-13,1260,21
351,2019-03-13,2024-03-13,2024-03-14,2024-04-12,1260,21
352,2019-04-11,2024-04-12,2024-04-15,2024-05-13,1260,21
353,2019-05-13,2024-05-13,2024-05-14,2024-06-12,1260,21
354,2019-06-12,2024-06-12,2024-06-13,2024-07-15,1260,21
355,2019-07-12,2024-07-15,2024-07-16,2024-08-13,1260,21
356,2019-08-12,2024-08-13,2024-08-14,2024-09-12,1260,21
357,2019-09-11,2024-09-12,2024-09-13,2024-10-11,1260,21
358,2019-10-10,2024-10-11,2024-10-14,2024-11-11,1260,21
359,2019-11-08,2024-11-11,2024-11-12,2024-12-11,1260,21
360,2019-12-10,2024-12-11,2024-12-12,2025-01-14,1260,21
361,2020-01-10,2025-01-14,2025-01-15,2025-02-13,1260,21
362,2020-02-11,2025-02-13,2025-02-14,2025-03-17,1260,21
363,2020-03-12,2025-03-17,2025-03-18,2025-04-15,1260,21
364,2020-04-13,2025-04-15,2025-04-16,2025-05-15,1260,21
365,2020-05-12,2025-05-15,2025-05-16,2025-06-16,1260,21
366,2020-06-11,2025-06-16,2025-06-17,2025-07-17,1260,21
367,2020-07-13,2025-07-17,2025-07-18,2025-08-15,1260,21
368,2020-08-11,2025-08-15,2025-08-18,2025-09-16,1260,21
369,2020-09-10,2025-09-16,2025-09-17,2025-10-15,1260,21
370,2020-10-09,2025-10-15,2025-10-16,2025-11-13,1260,21
371,2020-11-09,2025-11-13,2025-11-14,2025-12-15,1260,21
372,2020-12-09,2025-12-15,2025-12-16,2026-01-15,1260,21
373,2021-01-11,2026-01-15,2026-01-16,2026-02-17,1260,21
374,2021-02-10,2026-02-17,2026-02-18,2026-03-18,1260,21
375,2021-03-12,2026-03-18,2026-03-19,2026-04-17,1260,21
376,2021-04-13,2026-04-17,2026-04-20,2026-05-18,1260,21
377,2021-05-12,2026-05-18,2026-05-19,2026-06-17,1260,21
