Window,GridDim,Dense_Obj,Adaptive_Obj,Weights_L1_Diff,Dense_Time,Adaptive_Time,Dense_Vars,Dense_Constrs,Adaptive_Master_Blocks
1,11,0.024555990722451265,0.024555990722451265,5.204170427930421e-16,4.773923625,0.31901225,152612,152583,4
1,21,0.02455599072245127,0.024555990722451265,4.579669976578771e-16,40.5302105,1.42523925,556132,556103,4
1,31,0.024555990722451265,0.02455599072245127,4.0245584642661925e-16,162.200246042,6.009585709,1211852,1211823,4
421,11,0.01993267989332904,0.01993268069456972,8.007046627817038e-8,6.087093,0.153628125,152612,152583,3
421,21,0.01993268046625347,0.019932680000476065,1.5674828047346212e-7,34.809649916,0.211057917,556132,556103,3
421,31,0.019932680466253468,0.019932679942453634,1.591443658868763e-7,159.327262917,0.669324,1211852,1211823,3
841,11,0.043477387618296524,0.043477387618296524,0.0,6.580651959,0.076522333,152612,152583,2
841,21,0.043477387618296524,0.043477387618296524,0.0,34.491867417,0.138632666,556132,556103,2
841,31,0.043477387618296524,0.043477387618296524,0.0,148.648233292,0.464295417,1211852,1211823,2
946,11,0.046153163334776946,0.04615316333477695,2.42861286636753e-17,9.753298,0.130797209,152612,152583,3
946,21,0.046153163334776946,0.04615316333477695,5.585809592645319e-16,29.351438083,0.41596425,556132,556103,3
946,31,0.046153163334776946,0.04615316333477695,5.585809592645319e-16,119.643348167,1.46255675,1211852,1211823,3
1261,11,0.04678486148658347,0.04678486148658347,0.0,12.326934083,0.7352795,152612,152583,3
1261,21,0.04678486148658347,0.04678486148658347,0.0,36.06813675,0.292487209,556132,556103,3
1261,31,0.04678486148658347,0.04678486148658347,0.0,135.010903208,0.95743825,1211852,1211823,3
1660,11,0.04210452550331492,0.04210452550331491,2.914335439641036e-16,6.631611083,0.385556833,152612,152583,3
1660,21,0.04420418657565414,0.04420418657565415,1.9949319973733282e-17,35.894588875,0.266435708,556132,556103,3
1660,31,0.04420418657565415,0.04420418657565415,0.0,152.914331333,1.039549125,1211852,1211823,3
1702,11,0.04179930796621491,0.04179930796621491,4.163336342344337e-17,6.876609875,0.254122958,152612,152583,4
1702,21,0.04388535810793284,0.04388535810793284,1.734723475976807e-16,28.022638709,0.227855666,556132,556103,3
1702,31,0.043823709924572934,0.04382370992457293,1.214306433183765e-17,122.129156417,0.293876667,1211852,1211823,3
1912,11,0.03583816154642715,0.035838161546427154,6.418476861114186e-17,6.447938459,0.251929375,152612,152583,4
1912,21,0.040263034428056045,0.04026303442805604,3.9596079778707327e-16,36.656064084,0.42297175,556132,556103,5
1912,31,0.04093586900339099,0.04093586900339099,1.2620113287731272e-16,125.938953167,0.560942167,1211852,1211823,5
1954,11,0.035336243132845536,0.035336243132845536,4.163336342344337e-17,6.772962625,0.49347,152612,152583,6
1954,21,0.03957410312316377,0.039573697520515705,0.0010770831620299662,41.794945792,0.568255917,556132,556103,5
1954,31,0.04022143884995552,0.04022143884995552,2.38524477946811e-16,171.557820958,0.707968875,1211852,1211823,6
2080,11,0.033560669035487115,0.03355992126514355,0.0005052447643638693,9.980403042,0.402421584,152612,152583,5
2080,21,0.033680888586937116,0.03368073859748549,0.0002576514859903411,42.593911958,0.948549083,556132,556103,6
2080,31,0.03367192494207036,0.03367038790343751,0.00042090906395891685,200.172813875,0.790878083,1211852,1211823,6
2500,11,0.030352145575670866,0.03035214557567085,9.853229343548264e-16,11.115798292,0.7397025,152612,152583,6
2500,21,0.030356581229453256,0.030344770729374602,0.005953906889226007,49.599700834,0.65124825,556132,556103,6
2500,31,0.030355385873311696,0.030335084560272126,0.006041832544808362,211.583065042,2.765530167,1211852,1211823,6
2920,11,0.028542129424339816,0.028542129357309622,1.2544208775021326e-8,8.387083875,0.742074125,152612,152583,6
2920,21,0.028619011302468376,0.028618876211218457,8.317225497540826e-5,40.636749042,0.459742083,556132,556103,5
2920,31,0.028619543028831712,0.028618970926992483,0.00011472729454673272,167.447475166,0.542795292,1211852,1211823,5
3340,11,0.023175822414450906,0.023175822414450906,6.242836109171535e-16,9.045709333,0.487490125,152612,152583,4
3340,21,0.02584533496104521,0.025845334961045217,0.0,41.7616405,0.188459416,556132,556103,2
3340,31,0.025861088994835853,0.025861088994835857,0.0,250.6317665,0.232280875,1211852,1211823,2
3487,11,0.061197966772787445,0.061197966772787445,1.734723475976807e-18,6.595004583,0.088465833,152612,152583,2
3487,21,0.061197966772787445,0.061197966772787445,1.734723475976807e-18,20.508841875,0.137309333,556132,556103,2
3487,31,0.061197966772787445,0.061197966772787445,1.734723475976807e-18,59.17825275,0.211671084,1211852,1211823,2
3508,11,0.06144166251958491,0.06144166251958491,4.163336342344337e-17,4.785977042,0.061263333,152612,152583,2
3508,21,0.06144166251958491,0.06144166251958491,9.020562075079397e-17,18.532613584,0.145425583,556132,556103,2
3508,31,0.06144166251958491,0.06144166251958492,2.2898349882893854e-16,66.749845542,0.225758541,1211852,1211823,3
3529,11,0.06265782887349616,0.06265782887349616,0.0,4.562039542,0.309628416,152612,152583,3
3529,21,0.06265782887349616,0.06265782887349616,2.7755575615628914e-17,21.018495333,0.193893459,556132,556103,3
3529,31,0.06265782887349616,0.06265782887349618,2.7755575615628914e-17,77.708541833,0.337087959,1211852,1211823,4
3550,11,0.06265782887349618,0.06265782887349618,4.683753385137379e-17,4.702758083,0.115343458,152612,152583,3
3550,21,0.06265782887349616,0.06265782887349616,0.0,20.771079458,0.198335625,556132,556103,3
3550,31,0.06265782887349618,0.06265782887349618,5.672545766444159e-16,70.447179375,0.384271583,1211852,1211823,4
3571,11,0.06265782887349616,0.06265782887349616,0.0,5.278532958,0.146906125,152612,152583,3
3571,21,0.06265782887349616,0.06265782887349616,4.163336342344337e-17,20.50286025,0.171934167,556132,556103,3
3571,31,0.06265782887349616,0.06265782887349616,1.3704315460216776e-16,64.390679292,1.272398833,1211852,1211823,4
3592,11,0.06265782887349616,0.06265782887349616,2.949029909160572e-17,3.739549125,0.123811667,152612,152583,3
3592,21,0.06265782887349616,0.06265782887349616,1.5612511283791264e-17,20.420821,0.366133208,556132,556103,3
3592,31,0.06265782887349616,0.06265782887349616,8.326672684688674e-17,71.12782075,0.331846875,1211852,1211823,4
3760,11,0.06265782887349616,0.06265782887349616,0.0,5.667035083,0.151474459,152612,152583,3
3760,21,0.06265782887349616,0.06265782887349618,8.031769693772617e-16,29.200362584,0.279619,556132,556103,4
3760,31,0.06265782887349616,0.06265782887349616,3.382710778154774e-16,107.329004208,0.206834042,1211852,1211823,3
3907,11,0.06265782887349616,0.06265782887349616,2.896988204881268e-16,5.092385167,0.135550291,152612,152583,3
3907,21,0.06265782887349616,0.06265782887349616,3.2959746043559335e-17,28.783189708,0.176149708,556132,556103,3
3907,31,0.06265782887349616,0.06265782887349616,9.419548474554063e-16,109.012643125,0.305178625,1211852,1211823,3
4159,11,0.06265782887349616,0.06265782887349616,1.474514954580286e-16,4.674449125,0.154011416,152612,152583,3
4159,21,0.06265782887349616,0.06265782887349616,7.060324547225605e-16,23.391791667,0.266888666,556132,556103,4
4159,31,0.06265782887349616,0.06265782887349616,1.474514954580286e-16,94.074969125,0.473307125,1211852,1211823,4
4201,11,0.06265782887349616,0.06265782887349616,4.85722573273506e-17,8.404997459,0.264796125,152612,152583,3
4201,21,0.06265782887349616,0.06265782887349616,6.29704621779581e-16,27.146263958,0.214672917,556132,556103,3
4201,31,0.06265782887349616,0.06265782887349616,3.469446951953614e-18,93.972001041,0.737590959,1211852,1211823,3
4222,11,0.06265782887349616,0.06265782887349616,1.0755285551056204e-16,4.990841334,0.149591375,152612,152583,3
4222,21,0.06265782887349616,0.06265782887349618,1.682681771697503e-16,25.498677083,0.300337334,556132,556103,3
4222,31,0.06265782887349616,0.06265782887349618,7.927686285214008e-16,97.020399875,0.275734875,1211852,1211823,3
4579,11,0.06265782887349616,0.06265782887349616,0.0,5.31867825,0.15645075,152612,152583,3
4579,21,0.06265782887349616,0.06265782887349616,6.47051856539349e-16,20.518149,0.266763833,556132,556103,3
4579,31,0.06265782887349616,0.06265782887349618,1.64625257870199e-15,78.009997,0.253830583,1211852,1211823,3
4999,11,0.047154999999999996,0.047154999999999996,0.0,4.865844167,0.077281625,152612,152583,2
4999,21,0.047154999999999996,0.047154999999999996,0.0,19.388271,0.109703334,556132,556103,2
4999,31,0.047154999999999996,0.047154999999999996,0.0,65.616188084,0.164883,1211852,1211823,2
5419,11,0.047154999999999996,0.047154999999999996,0.0,4.444335166,0.073330084,152612,152583,2
5419,21,0.047154999999999996,0.047154999999999996,0.0,19.506608625,0.130408417,556132,556103,2
5419,31,0.047154999999999996,0.047154999999999996,0.0,66.684477625,0.166725042,1211852,1211823,2
5839,11,0.03289760267826295,0.03289760267826295,1.3010426069826053e-16,4.862693416,0.149250084,152612,152583,3
5839,21,0.03289760267826295,0.03289760267826295,0.0,19.755110583,0.172790458,556132,556103,3
5839,31,0.03289760267826295,0.03289760267826295,1.3010426069826053e-16,86.205363625,0.282796791,1211852,1211823,3
6049,11,0.032856289773568144,0.03285628977356815,2.42861286636753e-17,4.597667042,0.125934583,152612,152583,3
6049,21,0.03285628977356815,0.03285628977356815,1.1102230246251565e-16,18.080607375,0.265633459,556132,556103,3
6049,31,0.032856289773568144,0.03285628977356815,2.949029909160572e-16,63.281283167,1.170378208,1211852,1211823,3
6259,11,0.03285628977356815,0.03285628977356815,1.700029006457271e-16,3.314924958,0.150204042,152612,152583,3
6259,21,0.03285628977356815,0.03285628977356815,1.700029006457271e-16,17.139114375,0.172636625,556132,556103,3
6259,31,0.032856289773568144,0.03285628977356815,1.7694179454963432e-16,59.770273792,0.531370333,1211852,1211823,3
6364,11,0.08616066570188134,0.08616066570188134,1.3877787807814457e-17,4.573156292,0.166864709,152612,152583,3
6364,21,0.08616066570188134,0.08616066570188134,1.3877787807814457e-17,14.046383417,0.180674458,556132,556103,3
6364,31,0.08616066570188134,0.08616066570188134,1.3877787807814457e-17,43.455889125,0.591721709,1211852,1211823,3
6385,11,0.08616066570188131,0.08616066570188133,0.0,4.450326833,0.126883167,152612,152583,3
6385,21,0.08616066570188134,0.08616066570188134,0.0,16.231586792,0.09453475,556132,556103,2
6385,31,0.08616066570188134,0.08616066570188134,0.0,43.303182,0.258112083,1211852,1211823,3
6511,11,0.0862303630923156,0.0862303630923156,7.28583859910259e-17,4.267385292,0.149106416,152612,152583,3
6511,21,0.0862303630923156,0.0862303630923156,5.551115123125783e-17,18.590024667,0.172323417,556132,556103,3
6511,31,0.0862303630923156,0.0862303630923156,7.28583859910259e-17,57.299418875,0.219895375,1211852,1211823,3
6658,11,0.08703680900581384,0.08703680900581384,2.5587171270657905e-16,4.452468167,0.135679167,152612,152583,3
6658,21,0.08703680900581386,0.08703680900581384,2.5587171270657905e-16,22.072969,0.179517042,556132,556103,3
6658,31,0.08703680900581386,0.08703680900581384,0.0,79.895423333,0.263861625,1211852,1211823,3
6931,11,0.0868393757373106,0.0868393757373106,9.71445146547012e-17,4.870055958,0.11996725,152612,152583,3
6931,21,0.0868393757373106,0.0868393757373106,9.71445146547012e-17,25.388922167,0.242925,556132,556103,3
6931,31,0.0868393757373106,0.0868393757373106,9.71445146547012e-17,82.884262375,0.44756825,1211852,1211823,3
6994,11,0.08691705476680583,0.08691705476680583,0.0,5.931625459,0.131537667,152612,152583,3
6994,21,0.08691705476680585,0.08691705476680583,0.0,21.178342833,0.140658333,556132,556103,3
6994,31,0.08691705476680585,0.08691705476680583,0.0,69.270073084,0.232896041,1211852,1211823,3
7078,11,0.08725357151048443,0.08725357151048443,0.0,5.058020042,0.136131083,152612,152583,3
7078,21,0.08725357151048443,0.08725357151048445,1.734723475976807e-16,22.505515083,0.294782792,556132,556103,3
7078,31,0.08725357151048443,0.08725357151048445,2.42861286636753e-16,80.657074584,1.011227125,1211852,1211823,3
7498,11,0.0877706115664279,0.0877706115664279,0.0,6.356147333,0.133825833,152612,152583,3
7498,21,0.0877706115664279,0.0877706115664279,2.411265631607762e-16,23.655554625,0.524546792,556132,556103,3
7498,31,0.0877706115664279,0.0877706115664279,2.3245294578089215e-16,93.708482667,0.982529125,1211852,1211823,3
7624,11,0.04971076031754898,0.049710245438229286,6.929066080167343e-5,8.355974125,0.141155125,152612,152583,3
7624,21,0.04971248744594872,0.04971248744594873,1.3183898417423734e-16,28.288223459,0.240907167,556132,556103,3
7624,31,0.049712487445948715,0.04971248744594872,1.8735013540549517e-16,99.947961583,0.389233542,1211852,1211823,3
7918,11,0.03686115168721301,0.036861151687213004,7.91033905045424e-16,7.595272291,0.539124917,152612,152583,6
7918,21,0.03722632328788089,0.0372263232878809,3.469446951953614e-16,28.067269959,0.7986065,556132,556103,6
7918,31,0.03714696308179992,0.037146875736486784,2.7354696195053263e-5,105.992900125,4.303245167,1211852,1211823,6
