Return,Return_Gross,Turnover
0.013719746948162359,0.014477914303339778,0.7581673551774192
0.02373078475940424,0.023842184682241196,0.11139992283695671
0.03061908410068787,0.03083460439292396,0.2155202922360885
0.031493770094618984,0.03171129456373678,0.21752446911779813
0.02595699978113411,0.02609044673644778,0.13344695531366904
0.025871169768658036,0.025879186070195237,0.008016301537199573
0.054843160229448025,0.0549612006672997,0.11804043785167517
0.008203220826180286,0.00829796909371483,0.09474826753454287
0.02622857937066191,0.026798976242469186,0.5703968718072754
0.000985856434953524,0.0012541294317487406,0.26827299679521666
0.03780081352119536,0.038506768378438805,0.7059548572434455
0.020545306403790452,0.020792639436871818,0.2473330330813674
0.0091038399925358,0.009130526299647723,0.02668630711192166
0.03542278830299184,0.03557744905489035,0.1546607518985162
0.013739740621861979,0.013836601671969762,0.09686105010778272
-0.0006001325668484848,-0.0002287094049038263,0.3714231619446584
0.045338556975178704,0.0456294739657932,0.2909169906144924
-0.01485928133045419,-0.014589664954267945,0.26961637618624534
-0.06653420538583345,-0.0664983956917986,0.035809694034836026
0.05678021565831588,0.057333741935127636,0.5535262768117503
0.016902820773857317,0.017063652104636784,0.1608313307794672
0.025732881170957966,0.025805477826250867,0.07259665529289927
0.046796705458168476,0.04686484379682199,0.0681383386535115
0.003156196047286061,0.0032108676632713884,0.05467161598532764
0.029371414055696238,0.029418701344142484,0.04728728844624701
0.047123686379422436,0.04723424188636627,0.11055550694383079
-0.0289681973684675,-0.028899007455673642,0.06918991279385883
-0.0384997301766771,-0.03836362624956735,0.1361039271097504
0.07426776334717772,0.07450230709104377,0.23454374386605167
0.03462104484559704,0.03464998942905795,0.028944583460904384
0.04354245423051081,0.043724193110919796,0.18173888040898323
0.003179365472210196,0.0032556374901493434,0.07627201793914769
0.02386229601758134,0.024145407372628824,0.28311135504748264
-0.0014629190237167567,-0.0013156294766176746,0.14728954709908199
-0.02395194533560749,-0.02389634419714326,0.05560113846423005
0.003374145640835652,0.004077064394769625,0.702918753933973
0.00811210271128219,0.00812752693182861,0.01542422054641921
0.0495495420034252,0.049711032543650946,0.16149054022574716
0.06331880844209699,0.06347805829662678,0.1592498545297955
-0.01724837748276941,-0.0171965105260119,0.051866956757512794
0.016813338191989297,0.016918320574527357,0.10498238253805968
0.028867934588206426,0.029015478106987125,0.14754351878069996
-0.012094163584610533,-0.012023641289098719,0.07052229551181416
-0.05587237286648881,-0.05584721928314307,0.025153583345742563
-0.07262769723886386,-0.07223233186305456,0.3953653758093109
0.02686097076288794,0.027456599776247037,0.595629013359095
0.05628524962917057,0.05638098023401672,0.0957306048461484
-0.027348185056774485,-0.0272531807836639,0.09500427311058413
-0.054441796029891756,-0.05441491094474149,0.026885085150267427
-0.04189531192279013,-0.041728778747979645,0.16653317481048466
0.0479163854778536,0.04808526872810326,0.16888325024965795
0.04848336504473291,0.04865727645622919,0.17391141149628286
-0.0012208691264846642,-0.0010431360298411851,0.17773309664347903
0.015950870633513782,0.016046344151074532,0.09547351756074896
-0.0038174430326003736,-0.0037114207465087645,0.10602228609160912
-0.013653016284685357,-0.013581025797316237,0.07199048736912053
-0.07301267286943496,-0.07289028188842117,0.12239098101378906
-0.02979269358330374,-0.029765614843065835,0.027078740237904464
0.028484048844397036,0.028556969127080833,0.07292028268379816
-0.004367052418560844,-0.004236593685576384,0.13045873298445998
-0.02585942505277608,-0.025803508609125725,0.055916443650355356
-0.05602001502150267,-0.05585727917160466,0.16273584989800766
0.07768871479226734,0.07770978272390527,0.021067931637936667
0.025543147316157894,0.0255994917030542,0.05634438689630804
0.04081708684416378,0.04104930127751838,0.23221443335460001
0.029886713647103852,0.02999656806097528,0.10985441387142929
-0.0130431317975048,-0.012969605815369212,0.07352598213558842
0.09448276707029175,0.09454343315861125,0.06066608831949062
-0.0328911528493401,-0.03283863445663404,0.052518392706056294
0.0035189850934168603,0.0035712634027142975,0.05227830929743724
0.024347958349151953,0.024446323539066173,0.09836518991422052
0.06622762651049433,0.0663064734643124,0.07884695381807971
-0.04125059348517535,-0.04115121218555717,0.09938129961818218
0.009075579690143316,0.009180840294648718,0.10526060450540145
-0.04814304685355758,-0.04810588503079816,0.037161822759422744
0.08140553714361544,0.08149299418595524,0.08745704233979755
0.008911910183436681,0.009019514781879234,0.10760459844255327
-0.0588693882303761,-0.05880620555144389,0.06318267893221366
-0.020053760534397246,-0.020001103175005364,0.05265735939188331
0.012775965200690345,0.012954777759593306,0.17881255890296122
-0.08304899541308482,-0.08285688309717931,0.19211231590550792
0.0022249833548264246,0.0023222450415771867,0.09726168675076201
0.037759955200966845,0.037798961535050024,0.03900633408317786
0.01884229023365353,0.01891361644319378,0.07132620954025086
-0.009962175555105514,-0.00991383827688408,0.04833727822143409
0.056324463325186994,0.056358261637724505,0.033798312537511935
0.012687576598602956,0.012777823663716603,0.0902470651136468
0.0041151466457399885,0.004125711591613124,0.010564945873134963
-0.02846919769873761,-0.028399940834674342,0.06925686406326925
-0.06719404564886233,-0.06716828075134373,0.025764897518593077
-0.10847549238152926,-0.10844185578108445,0.03363660044480289
0.04100680094493389,0.041344424928432266,0.33762398349837686
-0.07544629638430517,-0.0754310009580762,0.015295426228968331
0.019160617923339035,0.0192340533155122,0.07343539217316422
0.018716156982268466,0.018778186071674252,0.062029089405787774
0.05458800930092389,0.05464998557629297,0.06197627536907941
-0.05123951315892118,-0.0511767311572795,0.06278200164168429
-0.033272330962393445,-0.03325557637010479,0.016754592288658658
-0.006986855757760432,-0.006971134203279439,0.015721554480993327
0.06751522868942675,0.06756116087832953,0.04593218890277499
0.13008711109288093,0.13010082843572612,0.01371734284518044
0.005178436026289741,0.0052113343499908815,0.03289832370114031
-0.007193701999406006,-0.007175461268037364,0.01824073136864195
0.05009632442103086,0.05012633189608007,0.030007475049210152
0.018791540807177445,0.01879985635103032,0.00831554385287486
0.047051392377479205,0.04771524998578247,0.6638576083032653
0.06496035986061506,0.06504881321652456,0.08845335590949875
0.022196412374063206,0.022366045540701984,0.16963316663877648
-0.0033547041004807683,-0.0033156957895323913,0.03900831094837688
0.03392794889781287,0.03410016698211571,0.1722180843028347
0.010900364926665549,0.011087000246409406,0.1866353197438574
-0.03297935400060914,-0.03297220836650794,0.007145634101200153
-0.022390902560851474,-0.022216468978706105,0.17443358214536683
0.009808907871480078,0.009828724013645651,0.01981614216557417
-0.020253396290450688,-0.020231683271783707,0.021713018666979285
0.03615537029476404,0.03617813266285341,0.022762368089376084
0.015607538002953879,0.015618712234203525,0.011174231249645502
0.0063412025204226796,0.0063999475455949195,0.05874502517224031
0.06746039127702107,0.06746982950110447,0.009438224083401413
0.009865294015191439,0.009901718728296816,0.036424713105376205
0.021394088073450696,0.02145032808436076,0.056240010910063434
0.047836528112549945,0.047850579498775136,0.014051386225189998
-0.03473146212365145,-0.034650304165267154,0.08115795838429415
-0.018859205432433718,-0.018834188358730963,0.025017073702755965
0.01101832937007337,0.011394901096429377,0.3765717263560079
0.006735789609146845,0.0067680425841065706,0.03225297495972616
0.0425182109383103,0.0426304799998678,0.11226906155749944
-0.007863333929888083,-0.007838989074461677,0.024344855426405475
0.026150714443745254,0.026162570028732457,0.01185558498720373
-0.01691234266257626,-0.016892492653396318,0.019850009179944117
0.05030447632125267,0.05032283518998093,0.018358868728262052
0.018169959122982336,0.01818588362468665,0.015924501704314697
0.022990229070000853,0.023005287373322414,0.015058303321560232
0.0005521043200234336,0.0005755116645063119,0.023407344482878217
0.03598934051056003,0.03600467155384646,0.015331043286426413
0.01040036325695413,0.010443290568478591,0.042927311524461165
-0.03954442651676611,-0.03949122190730958,0.0532046094565254
0.018525299152854106,0.018573092914896616,0.047793762042510415
0.0008289081014999118,0.0009161864837308187,0.08727838223090684
0.01976186916825109,0.019786472157891977,0.024602989640886315
-0.014506610690269464,-0.01449765993861818,0.008950751651284452
0.05185785579866369,0.05219643621204684,0.3385804133831486
0.03180224192336308,0.031856971292369085,0.054729369006004044
0.004170777136995319,0.004267040238937536,0.0962631019422165
0.03975874403036872,0.039802225248812384,0.043481218443665544
-0.02181913299370926,-0.02179576731240218,0.02336568130707853
0.03866600554299485,0.038734464138874714,0.06845859587986859
0.0367593915517606,0.03677350264375545,0.014111091994851777
0.011581731002487973,0.011592414947060092,0.01068394457212016
0.008069856133508708,0.00807600273789344,0.006146604384732043
-0.054617830045997455,-0.05457832261997464,0.03950742602281352
0.01113686315830861,0.011635455784656967,0.498592626348357
0.06895169604659918,0.06927889559080258,0.3271995442034033
0.01620013683035756,0.016309109199918126,0.10897236956056372
0.0005284190226883152,0.0005791498190543809,0.0507307963660657
0.0021229699232933595,0.002221955367150308,0.09898544385694828
-0.06731570903726532,-0.06727782504087687,0.037883996388450296
0.012406470998956044,0.01263107173094613,0.22460073199008718
0.03870456179995498,0.03878184035150478,0.0772785515497959
-0.011763427748164452,-0.011161067927043522,0.60235982112093
0.015075139268067384,0.015201845377295298,0.1267061092279132
-0.08082279016832294,-0.08074505304742718,0.07773712089575889
0.04590603409980306,0.046287123261754104,0.38108916195104375
-0.01635043458792175,-0.01622734440878848,0.12309017913326883
-0.06369681372163395,-0.0636445315985733,0.05228212306064139
-0.10622167828582887,-0.10572148756401112,0.500190721817758
-0.1012919415102838,-0.10081251739956965,0.4794241107141559
0.05605328848219351,0.056340726209489045,0.2874377272955386
-0.08641831204210484,-0.08639951780833299,0.018794233771857044
-0.13624889647582536,-0.13622375466023717,0.02514181558818112
0.15836867630211357,0.15839310231359693,0.024426011483364714
0.049212657345311724,0.04923980796902083,0.027150623709112018
0.0580268778758337,0.05804300121146255,0.016123335628853225
-0.028490946754586095,-0.0284771962919802,0.013750462605894513
0.08378493339194515,0.08380240030086195,0.01746690891679013
-0.006058284731496908,-0.006043365508355603,0.014919223141305428
0.04782083018996136,0.0478387698465379,0.017939656576540973
-0.00633100944691417,-0.006307052315631334,0.023957131282835952
0.0594811571874895,0.05948824050224899,0.007083314759484263
0.015523656666749023,0.015530602389571602,0.006945722822579604
-0.023149420778257126,-0.023103563410399097,0.045857367858028436
0.060844322510228706,0.06088327757918521,0.03895506895650705
0.02786507793895845,0.027909784582605734,0.04470664364728465
-0.03655861996224493,-0.03652106475193828,0.0375552103066505
-0.05044788307959844,-0.05038604498285082,0.06183809674761553
0.025223191452109994,0.025267194838205054,0.04400338609505808
0.05374164992805412,0.05376706501551731,0.0254150874631925
0.011083545354282843,0.011092753650029374,0.009208295746531474
0.03782221294276005,0.03783232485964905,0.01011191688899319
0.029881293576406585,0.029887273369942458,0.005979793535870782
0.007219732808142488,0.007257659769116964,0.03792696097447597
0.015972287013174814,0.016058987603974284,0.08670059079947179
0.0009549329635268097,0.0010698202801442402,0.11488731661743058
0.023251360869035675,0.023305631991372477,0.05427112233680147
0.02774862421327175,0.027890282110901277,0.14165789762952702
0.022710197649538074,0.02271711007694588,0.006912427407804241
-0.00929173488695485,-0.009282669209371708,0.009065677583141984
0.039626412247364275,0.0396333300975622,0.00691785019792616
-0.08290095360810722,-0.08289355444488089,0.00739916322632889
0.01806618283830802,0.018078763931452357,0.012581093144336114
-0.028778717682826967,-0.028771085745455616,0.007631937371351351
0.061644625525210585,0.06164992282789661,0.005297302686023537
0.023006200481624512,0.023014635704440067,0.008435222815556961
0.0367687766147761,0.03677733768823632,0.008561073460218959
0.026005246722024557,0.026011199486349446,0.005952764324889398
0.007588144303101186,0.00760152890780752,0.013384604706333993
0.046599350622863446,0.04661414250195417,0.014791879090727045
-0.005018292958104141,-0.005012583571630036,0.005709386474104968
-0.042245489896552725,-0.0422395149278465,0.005974968706223819
0.06305564954677229,0.0630651253965353,0.009475849763022449
0.012059248600954633,0.0120715986727713,0.012350071816666301
-0.00011074734229673166,-0.00010230544384048912,0.008441898456242547
0.031117598495327557,0.031124664798849233,0.0070663035216766605
-0.027165176672664573,-0.027155460512844898,0.009716159819675886
0.013061736075811492,0.01306857779911108,0.0068417232995897385
0.02094337784671458,0.020949656976155806,0.006279129441226506
0.04280309260036017,0.042812973740374405,0.009881140014234678
0.043450187600961254,0.04345609708684428,0.005909485883025023
0.026960056556542468,0.02696608016879032,0.006023612247848974
0.032878532860802244,0.03288609684297916,0.007563982176921421
0.0044607356468150386,0.004464939216236141,0.0042035694211027454
0.00549795639867379,0.005505929479396876,0.007973080723086275
0.02102018702513813,0.02102295637928986,0.002769354151729635
-0.032423961115711435,-0.03241599805268269,0.007963063028741314
0.014913879913999457,0.014991114711338627,0.0772347973391693
0.06235668750454381,0.06251007206649284,0.15338456194902655
-0.0010512142700521549,-0.0007809095690368695,0.2703047010152853
0.01447493658715336,0.014947209052013966,0.47227246486060614
-0.03876728127866938,-0.03855936322597742,0.20791805269196445
0.051284493470887316,0.05140336443267279,0.1188709617854782
-0.0022906623940165266,-0.0021911076159021325,0.09955477811439398
0.024079614942182716,0.02427281488279487,0.19319994061215284
0.03747010801664384,0.037552524649361096,0.08241663271725391
0.018606356436051772,0.018657164691236572,0.05080825518480146
-0.03350970796695627,-0.03347029756666997,0.03941040028629928
0.046716357735501035,0.046831957407980074,0.1155996724790415
-0.00920859002762864,-0.009181923358209887,0.026666669418752495
0.05681958436517645,0.056978239534940966,0.15865516976451788
0.02402562066785047,0.02403609147909913,0.010470811248659175
-0.012691888304144633,-0.012586319628780207,0.1055686753644262
0.008924642827966303,0.009028014280343832,0.10337145237752875
-2.7581886888232876e-5,7.837718840142394e-5,0.10595907528965681
0.027628561597167662,0.027638553881574435,0.009992284406772863
0.005736856178733338,0.005742427881987977,0.005571703254638773
-0.01730621387786989,-0.017297377267005642,0.00883661086424465
0.014320857239614867,0.014327925481125714,0.007068241510845917
0.032722200373402024,0.032726237516086165,0.0040371426841414315
-0.048149954112879575,-0.048139666583322915,0.010287529556663552
0.019320621393867473,0.019326418661835598,0.005797267968126914
0.03774986048721187,0.037765248079022484,0.015387591810613568
0.005213790967668531,0.005219171640808984,0.0053806731404530544
-0.036419761745865024,-0.03641503161224402,0.004730133621007319
-0.02057146305688255,-0.020563431029820056,0.008032027062491828
0.06287242464190264,0.0628908705421265,0.01844590022385415
0.038613579898343846,0.03862263431857538,0.009054420231533841
0.005161571936268951,0.005167956977819799,0.006385041550848403
0.010259619863750902,0.01026376518084593,0.004145317095027072
0.030776167355892194,0.030783625867415676,0.007458511523480607
-0.003881609698674389,-0.003875558457567152,0.0060512411072368155
0.0025378223112264417,0.002547987123578954,0.010164812352512466
-0.02513373577583814,-0.024558181652744926,0.5755541230932164
-0.028828150200689615,-0.02868946560865626,0.13868459203335215
0.06025136349217285,0.060422335141369965,0.17097164919711072
0.0236026777130103,0.023971723087104158,0.369045374093857
0.029023597090280826,0.0290581668791412,0.03456978886037503
0.020229189098538353,0.02037891717269069,0.14972807415234007
0.002673757997386526,0.002758116450136905,0.08435845275037887
0.008250741402305107,0.008272458309465769,0.02171690716066299
0.026151852933956797,0.026225713774225667,0.0738608402688714
-0.01547293507405909,-0.015319719313013569,0.1532157610455223
0.011825924536888145,0.011918983439558772,0.09305890267062797
-0.00474572998008814,-0.004697549388418154,0.04818059166998549
0.028603877791990535,0.028660440994448644,0.0565632024581094
0.004809315083249302,0.004850927190605647,0.04161210735634496
0.03626242331952028,0.03628974661979334,0.027323300273058973
0.045134689090507996,0.04531448492014456,0.17979582963656313
-0.024731564673784383,-0.024579285705507714,0.15227896827666898
0.03825262224570348,0.03829345851493082,0.04083626922734087
-0.03730431576604434,-0.03724115043738152,0.06316532866281625
-0.018634574209561022,-0.018565665949349053,0.06890826021196826
0.028457790445668173,0.02854396869027065,0.08617824460247787
0.015573892972616065,0.015582549144725455,0.008656172109390244
0.01690455896502912,0.016920202574741472,0.01564360971235281
0.009461639575213808,0.00946770821480758,0.006068639593771498
0.01202982295968356,0.012034541779749386,0.004718820065824955
-0.027147077267507258,-0.027129810681874367,0.017266585632892545
-0.05932467091171441,-0.059306669901043274,0.01800101067113276
-0.04200307845942476,-0.04198196069745985,0.021117761964908735
0.0794378874132045,0.07945333518905828,0.015447775853789827
0.02724810465951636,0.027259334216018116,0.011229556501755056
0.025159122042367598,0.025181255374829847,0.022133332462247933
-0.0014263383567604813,-0.001415151504735257,0.011186852025224327
-0.011844560451764054,-0.011834075403603705,0.01048504816034905
0.021877078632392463,0.02188679393234616,0.00971529995369913
-0.01888178346845164,-0.01887397650756939,0.007806960882252523
0.0242037526286792,0.024208781851563055,0.005029222883855496
-0.009291412027980972,-0.009273990976110036,0.01742105187093697
0.05770608288485415,0.057715167226391584,0.009084341537437923
0.02822026330648085,0.028240793249997953,0.02052994351710289
0.03133221818479194,0.031343021757737954,0.010803572946016554
0.014878496116608282,0.014890799295018464,0.012303178410182025
-0.1899286192080999,-0.1899169678167899,0.01165139130999003
0.004212689257454028,0.004912689257454028,0.7
0.05551970992260562,0.05591846650923893,0.3987565866333131
0.07669080049837437,0.07681314305694231,0.12234255856794343
0.015421795180168679,0.015590261291670515,0.16846611150183652
0.0766369663680941,0.07676352740670866,0.1265610386145657
0.011023212579945013,0.011043694728245512,0.020482148300499593
0.02031103304519587,0.020357128899672894,0.04609585447702419
0.012692113751834459,0.012737671250444116,0.045557498609656695
0.07130207881111772,0.07136690459110251,0.06482577998478964
0.04377267930441356,0.04396401245260728,0.19133314819372377
0.03307564230348709,0.033107763092852016,0.03212078936492482
0.026331260435810855,0.026361981780649524,0.03072134483866749
0.016568192258142232,0.01665143238084421,0.08324012270197746
0.02945769049828626,0.02962837701108123,0.17068651279496883
0.003739342765078571,0.0038676465357017076,0.12830377062313686
0.009239346336224651,0.009274432629213125,0.035086292988473544
0.00719988012669783,0.007266039903610855,0.06615977691302523
-0.004694359643307649,-0.004604191679752567,0.09016796355508157
-0.02167645468115033,-0.021574047712059174,0.10240696909115474
0.0606129082584349,0.06064256067193963,0.0296524135047288
-0.012708445434075734,-0.012691589899493039,0.01685553458269619
0.013831983685403212,0.013917526309130235,0.08554262372702251
-0.02901511883424944,-0.02898220225728576,0.03291657696367925
-0.021393205443824673,-0.021363785666093427,0.029419777731247362
0.052465453093681905,0.052499488831559304,0.03403573787740296
-0.11738663440685379,-0.11733791771224356,0.048716694610240606
-0.005749174293349426,-0.005688994390037783,0.06017990331164338
-0.04679576790368487,-0.04676210726889973,0.03366063478513865
0.08813819199886733,0.08817996266361328,0.04177066474594454
-0.02487886416162757,-0.024852943757522117,0.025920404105453466
-0.09706833952452615,-0.09705567936129378,0.01266016323237559
0.06799622974628873,0.06805543670817316,0.059206961884424134
0.05342327129112341,0.05346040037651245,0.037129085389043144
0.009943684711797844,0.00996264976965322,0.01896505785537627
0.008048965480670363,0.008113901062752005,0.06493558208164266
-0.06126170791920397,-0.061180158721016675,0.08154919818729246
0.06102593822276634,0.06109655573643957,0.07061751367322947
0.0015438281588348705,0.0015603310768610434,0.016502918026173017
0.02419720925667225,0.024215662714208053,0.018453457535801902
0.046250397404385614,0.04628168799855148,0.031290594165863286
0.011709989874434792,0.011747943076337641,0.03795320190284902
-0.02500672270671845,-0.02497750280365929,0.029219903059158413
-0.051552314344379756,-0.051523670609818106,0.02864373456164906
-4.7800941377116826e-5,-4.736237970703883e-6,0.04306470340641294
0.059730861554624044,0.059749075194641676,0.01821364001762919
0.045648697537808064,0.04572809329504346,0.0793957572353933
0.025045656775234414,0.025095333393517327,0.04967661828291246
0.04054534412082972,0.040583529008927366,0.038184888097646315
-0.014032304600693126,-0.014016746212990872,0.01555838770225414
0.04121565423292563,0.04126038429911971,0.04473006619408176
-0.009861190533055808,-0.00978994386777321,0.07124666528259868
0.021880755740999996,0.021953266456080645,0.0725107150806478
-0.011193880731975765,-0.011146633176044696,0.04724755593106931
0.0296484936079527,0.02972846967157583,0.07997606362313
0.026754408984723456,0.026832251927410455,0.07784294268700016
0.003534968649694931,0.003600120373121296,0.06515172342636522
0.010793395640498167,0.010853984370853942,0.06058873035577433
-0.056660291749872034,-0.05664266085268377,0.017630897188268484
0.06041977743963391,0.060436974721896464,0.017197282262554306
-0.0551138985558675,-0.05507177544842723,0.042123107440269834
-0.038132165845485455,-0.03794210991709379,0.19005592839166155
0.06612603395032048,0.06701456136815342,0.8885274178329476
0.003099213865062319,0.0032201591748914904,0.12094530982917133
0.02085891509682005,0.02098606866676822,0.1271535699481698
0.003938301653438181,0.004400313108348541,0.46201145491036016
0.004860130411066511,0.004973839318276552,0.11370890721003996
-0.008430409006536837,-0.008380389280855272,0.05001972568156472
-0.016817461915825244,-0.016759198467091063,0.058263448734179754
0.03368333176647201,0.03380400092086777,0.12066915439576188
0.03586020840900915,0.03592527155907743,0.06506315006827988
0.04955486445584387,0.04961234329504127,0.057478839197403785
-0.08906504047548648,-0.08889988072760269,0.16515974788379326
0.024049634723561086,0.024154665567576394,0.10503084401530743
0.004616337188209236,0.004756111898523763,0.13977471031452618
0.02754555344813215,0.02780321370897254,0.2576602608403901
