Date,RobustSIP_Hull_Ret,RobustSIP_Hull_TO,CondCVaR_Ret,CondCVaR_TO
1995-01-26,0.01371974694816237,0.7581673551774192,0.011889360584568003,0.6666666666666669
1995-02-27,0.023730784759404103,0.11139992283695674,0.039679281820810694,0.3403625676321464
1995-03-28,0.030619084100687945,0.2155202922360885,0.03668317336608804,0.32331694689532575
1995-04-27,0.03149377009461907,0.2175244691177979,0.021659901502568534,0.287748460404748
1995-05-26,0.0259569997811341,0.13344695531366868,0.02276608719581659,0.3499385691919125
1995-06-27,0.025871169768658064,0.008016301537199753,0.016789300112969734,0.20757401177108525
1995-07-27,0.05484316022944814,0.11804043785167528,0.04019383679391918,0.15536863763072853
1995-08-25,0.00820322082618025,0.09474826753454292,0.008354707525066144,0.4021128381549285
1995-09-26,0.0262285793706619,0.5703968718072747,0.029029903300234708,0.1294177907013192
1995-10-25,0.0009858564349536389,0.26827299679521693,-0.013831294690127185,0.19331103282890483
1995-11-24,0.037800813521195305,0.7059548572434453,0.032015905387909244,0.24767940635313102
1995-12-26,0.020545306403789723,0.2473330330813674,0.021475007055387088,0.6338784969355082
1996-01-25,0.009103839992536047,0.02668630711192166,0.005884867257202233,0.39864873087440506
1996-02-26,0.03542278830299187,0.1546607518985162,0.0387442499142738,0.49661724244933614
1996-03-26,0.013739740621862033,0.09686105010778272,0.012162010416478571,0.49625643786149437
1996-04-25,-0.0006001325668486504,0.3714231619446584,0.002229312772358355,0.5710026911350902
1996-05-24,0.045338556975178655,0.2909169906144924,0.029780676678643522,0.5442097948398726
1996-06-25,-0.01485928133045431,0.26961637618624534,-0.04182341272093112,0.5564057174443232
1996-07-25,-0.06653420538583359,0.035809694034836026,-0.05218105493144127,0.6132943462012682
1996-08-23,0.0567802156583157,0.5535262768117503,0.03513013248120734,0.7575529491707607
1996-09-24,0.0169028207738574,0.1608313307794672,0.011249736599919537,0.6225132298504492
1996-10-23,0.025732881170958493,0.07259665529289927,0.013259487577385078,0.7430197198172142
1996-11-21,0.046796705458168546,0.0681383386535115,0.044570261663821574,0.16352887987198633
1996-12-23,0.003156196047285845,0.05467161598532764,-0.007758103779921494,0.145249485637589
1997-01-23,0.029371414055696377,0.04728728844624701,0.03885706565628816,0.7417190298106566
1997-02-25,0.04712368637942246,0.11055550694383079,0.03664941447363632,0.7065520149652113
1997-03-26,-0.028968197368467438,0.06918991279385883,-0.01568691345300082,0.8001024989435953
1997-04-25,-0.03849973017667711,0.1361039271097504,-0.05559006178422763,0.7890007678456973
1997-05-27,0.0742677633471775,0.23454374386605167,0.08515256288949456,0.700091145034288
1997-06-25,0.034621044845596874,0.028944583460904384,0.04142936846293061,0.8888250522145804
1997-07-25,0.04354245423051069,0.18173888040898323,0.0491586086492722,0.5554698492773
1997-08-25,0.003179365472210233,0.07627201793914769,0.021786326992499,0.40867710643072497
1997-09-24,0.02386229601758137,0.28311135504748264,0.021757033611315705,0.4450919921466879
1997-10-23,-0.0014629190237169054,0.14728954709908199,0.01987555960970248,0.37188679128955837
1997-11-21,-0.02395194533560747,0.05560113846423005,-0.020626315013190167,0.6869226694742799
1997-12-24,0.003374145640835633,0.702918753933973,0.004651272340923988,0.663730479696471
1998-01-27,0.008112102711282333,0.01542422054641921,0.0018263601990528846,0.6729926056223753
1998-02-26,0.049549542003425234,0.16149054022574716,0.06104028074008001,0.5475972517085017
1998-03-27,0.06331880844209711,0.1592498545297955,0.05976883496024512,0.714697300168432
1998-04-28,-0.017248377482769372,0.051866956757512794,-0.011351207725583262,0.46120386570768623
1998-05-28,0.016813338191989425,0.10498238253805968,0.0173963677768353,0.7808629534355211
1998-06-26,0.028867934588206513,0.14754351878069996,0.023182396287380596,0.27474193088853305
1998-07-28,-0.012094163584610572,0.07052229551181416,-0.0100555009377322,0.47792361767221975
1998-08-26,-0.05587237286648861,0.025153583345742563,-0.044832134693185324,0.4756098867978539
1998-09-25,-0.07262769723886398,0.3953653758093109,-0.01247670601463455,0.601399296877215
1998-10-26,0.026860970762888018,0.595629013359095,0.026928695804538733,0.527903971708379
1998-11-24,0.05628524962917059,0.0957306048461484,0.08128259921946525,0.5277899955436437
1998-12-24,-0.027348185056774353,0.09500427311058413,0.023668395435493133,0.612945783450876
1999-01-27,-0.05444179602989173,0.026885085150267427,-0.0019141986718275233,0.22498518251451116
1999-02-26,-0.04189531192279017,0.16653317481048466,-0.03016539334893526,0.3446981282073331
1999-03-29,0.04791638547785366,0.16888325024965795,0.004866351206794923,0.47451494408008904
1999-04-28,0.04848336504473303,0.17391141149628286,0.05755642714513585,0.5264768455432393
1999-05-27,-0.0012208691264847097,0.17773309664347903,-0.012570714468389697,0.47492198562277943
1999-06-28,0.01595087063351394,0.09547351756074896,-0.008373024938123644,0.3972396975738781
1999-07-28,-0.00381744303260026,0.10602228609160912,-0.0452092374961217,0.5150767169032492
1999-08-26,-0.013653016284685305,0.07199048736912053,-0.030660084742316428,0.4915805043472897
1999-09-27,-0.07301267286943487,0.12239098101378906,-0.06690804441928755,0.19169486094556099
1999-10-26,-0.0297926935833037,0.027078740237904464,-0.034530831798518645,0.5602809779849653
1999-11-24,0.02848404884439712,0.07292028268379816,0.04456615697322825,0.5355535786265126
1999-12-27,-0.00436705241856083,0.13045873298445998,-0.007299513339401261,0.45121357373892473
2000-01-27,-0.025859425052776074,0.055916443650355356,0.0014513190806258762,0.37008690499858504
2000-02-28,-0.05602001502150267,0.16273584989800766,-0.07197765421252221,0.4498236828549359
2000-03-28,0.07768871479226752,0.021067931637936667,0.08856394679237806,0.6451655932355939
2000-04-27,0.025543147316157894,0.05634438689630804,0.04191455983576781,0.704906691986514
2000-05-26,0.041017353113218524,0.19671602863302515,0.011949146135417423,0.3563085520797611
2000-06-27,0.02992633065149415,0.07023740948129678,0.014923128681161689,0.6577613222425832
2000-07-27,-0.013043131797504638,0.07352598213558842,-0.0015348113625269434,0.3784946800059064
2000-08-25,0.09448276707029181,0.06066608831949062,0.040622740773637867,0.4352678741646693
2000-09-26,-0.03289115284934007,0.052518392706056294,-0.06624991132879231,0.6568456357461289
2000-10-25,0.00351898509341694,0.05227830929743724,-0.0123793937073777,0.6781926351392028
2000-11-24,0.0243479583491521,0.09836518991422052,0.026405215276121365,0.4582094855203358
2000-12-26,0.06510802756684929,0.07884695381807971,0.05250885736275482,0.4278480063104115
2001-01-26,-0.04668855113973644,0.1237427904503673,-0.016889566715024694,0.463099685548225
2001-02-27,0.009049122145310586,0.13171814933813836,0.032742670493060136,0.5673466374018763
2001-03-28,-0.048143046853557636,0.037161822759422744,-0.046750737712436624,0.49613528323777356
2001-04-27,0.0807367392533079,0.10162658512746754,0.08202027019563565,0.5434261633453843
2001-05-29,0.008037651770447397,0.11401142907993982,0.034032822434481365,0.5877423564469137
2001-06-27,-0.057132833182122846,0.018760953676599166,-0.04627636764233846,0.5094653637706287
2001-07-27,-0.016863543876567577,0.10286836413741204,0.012166028402474013,0.35631786790980396
2001-08-27,0.012798537794100475,0.1562399654927723,-0.002373309032032821,0.5524231087187631
2001-10-02,-0.08697852971161535,0.1806850040643498,-0.09843105118287673,0.6012236232951466
2001-10-31,0.0021889693946421196,0.13327564693519578,-0.02097738447146742,0.5626613813104059
2001-11-30,0.037759955200966824,0.03900633408317786,0.022734452363709638,0.5866393891946945
2002-01-02,0.018842290233653528,0.07132620954025086,0.05008817073225566,0.3622339523980818
2002-02-01,-0.009962175555105403,0.04833727822143409,-0.0002268865432631538,0.5097469761770014
2002-03-05,0.05632446332518695,0.033798312537511935,0.04639576787473541,0.4229076795963748
2002-04-04,0.012687576598603128,0.0902470651136468,0.029737543904896736,0.24919474131683755
2002-05-03,0.0041151466457399625,0.010564945873134963,0.02750314674496818,0.402469827342442
2002-06-04,-0.028469197698737552,0.06925686406326925,-0.04198795231905128,0.3843495851643714
2002-07-03,-0.06719404564886225,0.025764897518593077,-0.06886480560905497,0.4545940450323082
2002-08-02,-0.10847549238152915,0.03363660044480289,-0.06464116885755962,0.5004701538363153
2002-09-03,0.04100680094493396,0.33762398349837686,0.044233715652036924,0.6778362792460235
2002-10-02,-0.07544629638430522,0.015295426228968331,-0.05974406311319195,0.5898344264254429
2002-10-31,0.019160617923339136,0.07343539217316425,0.03387588392618923,0.405732996932042
2002-12-02,0.018716156982268514,0.062029089405788,0.010552753196327598,0.6168788034882833
2003-01-02,0.05533100485052817,0.09741141691126673,0.02597727918870662,0.3640450768302691
2003-02-03,-0.048924920251615926,0.021411190241279222,-0.061952126662966,0.2894211682780484
2003-03-05,-0.034524875757368775,0.005268939178618084,-0.053741907365808014,0.48495934452075684
2003-04-03,-0.008760763392278225,0.015927104998860526,0.0233438384666902,0.29788286635556743
2003-05-05,0.06486876419161183,0.032710539049530876,0.05196134121119072,0.2857962568780417
2003-06-04,0.1296424766395856,0.013756962116323056,0.08677827365707515,0.3832166748723578
2003-07-03,0.007294065417695019,0.03299183653282027,-0.0005573697193919899,0.1011769030498404
2003-08-04,-0.013455342996025209,0.016782747040062843,-0.003321652481803935,0.26444698832244795
2003-09-03,0.04626326077314942,0.02517637890502438,0.05212360055764414,0.21168170256500485
2003-10-02,0.025675170370673447,0.010699695110863574,0.015259050290314108,0.33113218334095584
2003-10-31,0.047086815732809845,0.5948088207817369,0.02876049687817591,0.2476788546624662
2003-12-02,0.05732827555274674,0.044423705751207965,0.03262763166949244,0.3526581793985821
2004-01-02,0.019627998054176293,0.02523795540141941,0.05004525091080423,0.030263651142817843
2004-02-03,-0.0003526777248573189,0.048500815541696315,0.0034818871117137692,0.24211817966436677
2004-03-04,0.03265984846137909,0.04747603111896964,0.03693461120657965,0.1773607136721341
2004-04-02,0.01059227962643567,0.2014955639261861,0.0064508492014894794,0.3230305678675817
2004-05-04,-0.036131212182299394,0.05791917381580452,-0.003947646470294067,0.17526704453605088
2004-06-03,-0.01932015686227656,0.06111188851186378,-0.017638020520419375,0.26534529221165715
2004-07-06,0.0010868050745189823,0.04462044342080526,0.008768571107317767,0.29907091103446964
2004-08-04,-0.02426311944239582,0.019849230611743887,-0.03254863697770569,0.2695273333880127
2004-09-02,0.03493962955013534,0.029514388084018163,0.021343664907924106,0.4002234200067831
2004-10-04,0.009537851750351177,0.014916116369866323,0.004347298974962019,0.2012835457091432
2004-11-02,0.006313147141433046,0.14099919490135482,0.00047950521757526236,0.3750559856911268
2004-12-02,0.06698423024707931,0.06707359363566867,0.06528628995672152,0.4159568982040666
2005-01-03,0.011495259301962749,0.11778652431093757,0.014140833313620106,0.41170806999180565
2005-02-02,0.013183861161397439,0.22778094401340945,0.009955358637433352,0.3575149326677568
2005-03-04,0.0338447509918726,0.020101671054888325,0.018403024528197025,0.11958292463962278
2005-04-05,-0.03506480681513666,0.10888966966187788,-0.023050597263777443,0.21900017178591652
2005-05-04,-0.012436364206989703,0.023890797467749678,-0.00011793360773176148,0.39926190642321147
2005-06-03,0.011239781210073883,0.15511989815155128,0.015634891617801613,0.5466100085742872
2005-07-05,0.007209175005836137,0.006800008674584374,-0.0008270571311706371,0.6339152181554719
2005-08-03,0.042406846443671056,0.1380788140541032,0.03928230372331121,0.5556524387313485
2005-09-01,-0.007716538761709965,0.02320972572300468,-0.015586602932204702,0.2482970762044578
2005-10-03,0.026192604083439975,0.009816685044597463,0.01159156465215811,0.44901751724609124
2005-11-01,-0.01687992938714801,0.01984047801667966,-0.024200762978594838,0.4042358384101008
2005-12-01,0.0503045116563561,0.018323498197657412,0.03401479617948267,0.4597097736803925
2006-01-03,0.01816995908339067,0.01592449877117429,0.009019478566147685,0.448702094156106
2006-02-02,0.022990229272162634,0.015058304462670554,0.008828005192112161,0.06694741103040328
2006-03-06,0.0006083847268740011,0.018830153166344305,0.004412408523162685,0.3658637104886016
2006-04-04,0.0360429863050195,0.020040819414296748,0.024853152493983968,0.2680730405356445
2006-05-04,0.0103886465689683,0.04331455750200946,0.022188171396559528,0.1724154767307531
2006-06-05,-0.04048752839030619,0.05618320657197837,-0.02051441379511062,0.02975639711306734
2006-07-05,0.01851452074754812,0.058572167348363804,0.008384418462861906,0.4461512932355167
2006-08-03,0.0008859905739978974,0.09260950890400954,0.007695179683438515,0.2899809665697075
2006-09-01,0.02059761612888217,0.023860888230045844,0.024656514946569296,0.4204275700995243
2006-10-03,-0.013846580764653437,0.06537865463306276,-0.0004903137010058358,0.46611437973852404
2006-11-01,0.051900149180390716,0.2962870316560159,0.03569816744684378,0.13269366853079467
2006-12-01,0.031802241923362944,0.05472936900600419,0.030248473449218743,0.2528894519710831
2007-01-04,0.00417077713699531,0.09626310194221746,0.023555313850481423,0.15673177736291935
2007-02-05,0.03975874403036877,0.043481218443666425,0.01982037064484396,0.1961740419873198
2007-03-07,-0.021819132993709293,0.023365681307078594,-0.01989726122541726,0.33396768234902463
2007-04-05,0.03866175408494618,0.06849355469287811,0.04744190938739257,0.5429559122666918
2007-05-07,0.03675513877671152,0.014147346193441143,0.02215232083759173,0.4470679413967616
2007-06-06,0.01164949689328739,0.01375885370711491,0.0031411286217567476,0.06783286520495174
2007-07-06,0.008120946718133728,0.006180914486028763,0.0168826528433939,0.2179109254417837
2007-08-06,-0.05461506659145998,0.03674397148536783,-0.02550521598879867,0.20004639383819658
2007-09-05,0.011075333109788837,0.5023716176754593,0.00676618486401055,0.702434479657212
2007-10-04,0.06894062900295274,0.3307830032866794,0.0689876254150577,0.48990546030923315
2007-11-02,0.01619902110302469,0.11008809689344425,0.01213816791618494,0.5152449750931836
2007-12-04,0.0005284190226881921,0.0507307963660657,-0.007584779323876273,0.44186421827178757
2008-01-04,0.0021229699232933733,0.09898544385694828,-0.039124757681690124,0.6341611906071836
2008-02-05,-0.06731562386470698,0.03788377007867418,-0.03969072827079648,0.3486613508781066
2008-03-06,0.012408876041240495,0.22458387860474752,-0.01721350315100877,0.23673774809078363
2008-04-07,0.038688931453424696,0.07708832828102588,0.028580799508957526,0.3440285577592832
2008-05-06,-0.011763427509919792,0.6023576534482041,0.013215985653393098,0.5501815900988943
2008-06-05,0.015105893657847978,0.1267648539805974,-0.0008633298225109118,0.2407348530980409
2008-07-07,-0.08084952935881343,0.07807698908226515,-0.08148707012721884,0.28725646985886194
2008-08-05,0.045905888276761404,0.38123498499278097,0.0595483792627922,0.5507856985433937
2008-09-04,-0.016350434587921864,0.12309017913326883,-0.009292369697923013,0.03137968752884475
2008-10-03,-0.06369681372163404,0.05228212306064139,-0.05313400994943304,0.4649158884760868
2008-11-03,-0.10622167828582889,0.500190721817758,-0.1118765609112191,0.6
2008-12-03,-0.10129194151028396,0.4794241107141559,-0.10148042495345534,0.6679075538855234
2009-01-05,0.056053288482193535,0.2874377272955386,0.058790219951826705,0.48322591862883946
2009-02-04,-0.08641831204210493,0.01879423377185694,-0.08596394591194118,0.38640395734131716
2009-03-06,-0.13624889647582533,0.025141815588181203,-0.13313846486314554,0.2428019521827708
2009-04-06,0.1583686763021135,0.024426011483364714,0.22310005308963746,0.5053944417776155
2009-05-06,0.04921265734531167,0.027150623709112018,0.04885657360416533,0.4128651417642442
2009-06-05,0.05802687787583368,0.01612333562885323,0.06079476302760332,0.4161313521456801
2009-07-07,-0.028490946754586088,0.013750462605894586,-0.012052411663301416,0.059861893538261365
2009-08-05,0.08378493339194523,0.017466908916789994,0.07564564704823439,0.3505397516884962
2009-09-03,-0.006058284731497015,0.014919223141304574,-0.0038263829950203054,0.159495032478104
2009-10-05,0.047820830189961284,0.017939656576542076,0.0429868518371062,0.10663737196787554
2009-11-03,-0.006331009446914253,0.023957131282835317,0.0034801955321315573,0.04649427671518598
2009-12-03,0.059481157187489614,0.0070833147594849205,0.059327521043669576,0.10718123005394434
2010-01-05,0.015523656666749116,0.0069457228225795345,0.016961445198002828,0.10623868757196753
2010-02-04,-0.023149420778257147,0.045857367858028436,-0.03827257359526418,0.13187547444512865
2010-03-08,0.0608443225102288,0.03895506895650705,0.0581966771119498,0.19187937906808492
2010-04-07,0.02786507793895851,0.04470664364728456,0.028084559108173535,0.13367339363998842
2010-05-06,-0.0365586199622449,0.037555210306650676,-0.03680347829269413,0.08136973933139632
2010-06-07,-0.05044788307959839,0.061838096747615735,-0.046349720682763745,0.152878040107284
2010-07-07,0.025223191452110022,0.0440033860950579,0.011427961556480024,0.23376782582785102
2010-08-05,0.05374164992805427,0.025415087463193188,0.05080027385994269,0.2291711871776727
2010-09-03,0.011083545354283034,0.009208295746531835,0.013338737473842122,0.23236962485767304
2010-10-05,0.037822212942760204,0.01011191688899319,0.036508472834123167,0.02114353892562574
2010-11-03,0.029881293576406648,0.005979793535870658,0.03227293831149537,0.08910760330707478
2010-12-03,0.007219732808142662,0.037926960974476155,0.0046935348427116766,0.0559208788800172
2011-01-04,0.01597228701317497,0.08670059079947173,0.018687466514302375,0.08589047203269279
2011-02-03,0.0009549329635268407,0.11488731661743057,-0.002851702646615184,0.0616801521903161
2011-03-07,0.023251360869035904,0.05427112233680158,0.02496073139099977,0.03363140916406064
2011-04-05,0.02774862421327173,0.14165789762952702,0.029678308312623636,0.10642278098696988
2011-05-05,0.022710197649538136,0.006912427407804238,0.02546214436441489,0.08053907946640301
2011-06-06,-0.009291734886954651,0.009065677583141963,-0.012401170305924906,0.057967673275220066
2011-07-06,0.03962641224736439,0.006917850197926182,0.03498825522113655,0.1093621951369531
2011-08-04,-0.08290095360810719,0.00739916322632899,-0.08340514737230817,0.12976510845281683
2011-09-02,0.018066182838307993,0.012581093144336083,0.02767175647641948,0.1470838754981858
2011-10-04,-0.028778717682826922,0.007631937371351807,-0.029522795553160185,0.052997013748975516
2011-11-02,0.061644625525210515,0.0052973026860235585,0.06367106144140787,0.3039531662364434
2011-12-02,0.023006200481624637,0.008435222815557008,0.021470389030067046,0.31142797607032063
2012-01-04,0.0367687766147763,0.008561073460218997,0.03098786301268853,0.10730300301022702
2012-02-03,0.02600524672202459,0.0059527643248895095,0.015401447700817817,0.13969974868210677
2012-03-06,0.007588144303101256,0.013384604706334076,0.00897477216146359,0.1938183894608299
2012-04-04,0.04659935062286353,0.014791879090727045,0.04501479842977906,0.04210523789432018
2012-05-04,-0.005018292958104139,0.005709386474104968,-0.006077102280644465,0.05032712154271376
2012-06-05,-0.04224548989655274,0.005974968706223819,-0.03809619119293277,0.02546011751378682
2012-07-05,0.06305564954677242,0.009475849763022449,0.05819558206433743,0.1870545668317221
2012-08-03,0.012059248600954647,0.012350071816666416,0.022136012676638412,0.2364957508153101
2012-09-04,-0.0001107473422967681,0.008441898456242547,-0.0017539023844330417,0.155145515382165
2012-10-03,0.031117598495327446,0.0070663035216769025,0.02675676371286574,0.0796764792587686
2012-11-05,-0.027165176672664708,0.009716159819675886,-0.025260313916229193,0.08048877981166408
2012-12-05,0.01306173607581164,0.006841723299589951,0.011705374903113533,0.09118762172320152
2013-01-07,0.0209433778467147,0.006279129441226475,0.012917098988353456,0.05937190832475175
2013-02-06,0.04280309260036021,0.009881140014234461,0.04734422719441297,0.14860435457826487
2013-03-08,0.04345018760096123,0.005909485883025159,0.03549518887819311,0.0689051430108216
2013-04-09,0.026960056556542544,0.006023612247849044,0.035463704164943086,0.15507048531367082
2013-05-08,0.0328785328608024,0.007563982176921419,0.03719829680861399,0.028388228372564904
2013-06-07,0.004460735646814978,0.004203569421102627,-0.009601564303621758,0.09565061163320829
2013-07-09,0.005497956398673981,0.0079730807230863,0.006546568581681574,0.15824601811936087
2013-08-07,0.021020187025138047,0.002769354151729674,0.017606172851148884,0.17011961278624954
2013-09-06,-0.03242396111571145,0.007963063028741333,-0.03739349075797021,0.18700099179876903
2013-10-07,0.014913879913999355,0.07723479733916927,0.015142373444852175,0.22487958949109282
2013-11-05,0.062356687504543866,0.15338456194902658,0.05982745257418592,0.18775735529858573
2013-12-05,-0.0010512142700519929,0.2703047010152853,-0.004346256740911924,0.18704007476607565
2014-01-07,0.014474936587153465,0.47227246486060614,0.015621586399294032,0.2078042956521371
2014-02-06,-0.038767281278669324,0.20791805269196445,-0.03513506285552971,0.21010167196055174
2014-03-10,0.051284493470887295,0.1188709617854782,0.059687522841483674,0.34334772665559143
2014-04-08,-0.0022906623940165526,0.09955477811439398,-0.00441927813362562,0.3412828366516609
2014-05-08,0.02407961494218279,0.19319994061215284,0.01695223560270563,0.3762976853724186
2014-06-09,0.03747010801664394,0.08241663271725391,0.025945025887556046,0.238696955729169
2014-07-09,0.018606356436051772,0.05080825518480146,0.008491653104965911,0.37049276421026733
2014-08-07,-0.033509707966956265,0.03941040028629928,-0.04356373185391299,0.3023840399041729
2014-09-08,0.04671635773550128,0.1155996724790415,0.05196550442398817,0.5768737867264699
2014-10-07,-0.00920859002762864,0.026666669418752495,-0.012407331166457918,0.517759674850172
2014-11-05,0.056819584365176506,0.15865516976451788,0.0540243402503923,0.4562852135977977
2014-12-05,0.024025620667850456,0.010470811248659175,0.02561955472778882,0.4724435453432199
2015-01-07,-0.012691888304144677,0.1055686753644262,-0.01216475010667626,0.18162219907344546
2015-02-06,0.008924642827966513,0.10337145237752875,0.008727489945927844,0.2023641671070453
2015-03-10,-2.758188688816609e-5,0.10595907528965681,-0.009248634280825934,0.15565563156719242
2015-04-09,0.02762856159716778,0.009992284406772863,0.02786226858387723,0.19263775455036458
2015-05-08,0.0057368561787334545,0.005571703254638773,0.0023254936481891097,0.1599005196602231
2015-06-09,-0.01730621387786981,0.00883661086424465,-0.02374678643048519,0.10343795910710021
2015-07-09,0.014320857239614966,0.007068241510845917,0.01053604826448455,0.19004115941416289
2015-08-07,0.032722200373401976,0.0040371426841414315,0.011056905688862672,0.39724898125414926
2015-09-08,-0.048149954112879506,0.010287529556663552,-0.04862457098922198,0.42168895397999134
2015-10-07,0.019320621393867594,0.005797267968126914,0.0024447131321052697,0.7
2015-11-05,0.03774986048721187,0.015387591810613568,0.026828664052824143,0.6882733658337161
2015-12-07,0.005213790967668459,0.0053806731404530544,-0.007153530751890013,0.47432025659513066
2016-01-07,-0.03641976174586494,0.004730133621007319,-0.033697509337635656,0.12604211664986123
2016-02-08,-0.02057146305688258,0.008032027062491828,0.003782491464613662,0.25878066578833114
2016-03-09,0.06287242464190276,0.01844590022385415,0.05906591858198119,0.2516101571433178
2016-04-08,0.038613579898344005,0.009054420231533841,0.03312090382001399,0.2932087102390161
2016-05-09,0.005161571936269023,0.006385041550848403,0.0067127847100039665,0.12133431253102725
2016-06-08,0.010259619863751008,0.004145317095027072,0.007537398429387159,0.10254099386910033
2016-07-08,0.03077616735589236,0.007458511523480607,0.03263587283473999,0.30735782932740807
2016-08-08,-0.0038816096986743604,0.0060512411072368155,-0.013216369789401649,0.2264973693718686
2016-09-07,0.0025378223112264976,0.010164812352512466,0.00478063044181116,0.2894251746621158
2016-10-06,-0.025133735775837898,0.5755541230932166,-0.029886398718978392,0.0884673026906081
2016-11-04,-0.028828150200689517,0.1386845920333522,-0.01661542709296369,0.3214267977295232
2016-12-06,0.06025136349217279,0.17097164919711072,0.02194657906941886,0.37449893910559295
2017-01-06,0.02360267771301037,0.369045374093857,0.025811685631722436,0.6310290776987211
2017-02-07,0.029023597090280833,0.03456978886037503,0.011847583787667553,0.2237294287300785
2017-03-09,0.020229189098538443,0.14972807415234007,0.028688582467920647,0.33740001930532393
2017-04-07,0.00339255079897944,0.04645548364754695,0.009295146274754643,0.16644877516930623
2017-05-09,0.010136119127793936,0.03460067938308515,0.004776732578623012,0.27919752583380664
2017-06-08,0.02638920494456244,0.18122834266974922,0.03140989765246363,0.5380345600042785
2017-07-10,-0.010897216297707853,0.07058358620340098,-0.009090787013464798,0.2593137020484724
2017-08-08,0.009936183299764458,0.014557865230749756,0.019115070067799358,0.3354202190942987
2017-09-07,-0.00694080522384886,0.014738335933498027,-0.00563663418471049,0.2926218157279241
2017-10-06,0.047500322303609864,0.004316891988242234,0.014378694314427986,0.4755148244485005
2017-11-06,0.010814898224152639,0.01664987097683289,0.017415806851624194,0.6967833841182448
2017-12-06,0.03610749387488099,0.18225274491237803,0.04054184572291981,0.08681601710697431
2018-01-08,0.04513468909050801,0.17979582963656313,0.01590902125236883,0.5618929473990012
2018-02-07,-0.03236413052488769,0.2133193833353912,-0.029283502930715154,0.4961300419945048
2018-03-09,0.04593713989894457,0.012084945106775699,-0.004798640559100622,0.5359110785297461
2018-04-10,-0.047096759365108855,0.0289619611477585,-0.026828903168512067,0.6999999999999998
2018-05-09,-0.01878585477258475,0.006076421622898759,-0.046804715307829606,0.55
2018-06-08,0.03194711915153789,0.019905535313309082,0.028744610279166895,0.5205527845991545
2018-07-10,-0.0002418401142379168,0.006636499361767863,0.016801472254274637,0.39844605842842346
2018-08-08,0.01840807287304377,0.013948138591071885,0.015570800783074754,0.2612968441321961
2018-09-07,0.0047067535025072625,0.005976005954390788,0.013867700314857201,0.38135584341652984
2018-10-08,0.009189677273321173,0.0064966642881529105,-0.002729593708856119,0.3480218814372365
2018-11-06,-0.03952430980483547,0.0159877622973241,-0.019433647699815093,0.26027991620995794
2018-12-07,-0.06652778828361765,0.019145755614641997,-0.036047118299309094,0.5847911891664054
2019-01-09,-0.03706498115636533,0.19676370990828296,-0.05518241844065584,0.5401206835633885
2019-02-08,0.07151787001580787,0.05301850700501537,0.06793031746283382,0.07723973197241377
2019-03-12,0.0235121559440855,0.02129401637622311,0.018519471097187032,0.3816545030166743
2019-04-10,0.030940608922843744,0.020575804781918686,0.032187867951680334,0.3121093177635407
2019-05-10,0.0010013143181495936,0.009643281700558035,0.021720730700668992,0.25137489197845403
2019-06-11,-0.01261406760970707,0.011438254604616043,0.012019344010439038,0.5135639842106505
2019-07-11,0.02273120763337487,0.054927666814706635,0.027323002333814416,0.3457456967258843
2019-08-09,-0.020120244420534214,0.008327679417091925,-0.013728843322608736,0.4230524261502887
2019-09-10,0.030930841570575598,0.033045289662828145,0.02467914712337759,0.34291540035027535
2019-10-09,-0.015344605633380295,0.03677029290269905,-0.008059454313759255,0.26521641538237734
2019-11-07,0.06863111066874314,0.008296748065517176,0.01774333423333823,0.4497205252182392
2019-12-09,0.026779241408592544,0.024197223724908606,0.021267712160320397,0.5953801942079952
2020-01-09,0.030978919468261413,0.0112774196534957,0.025160895971258437,0.05692363839484056
2020-02-10,0.009084854536518265,0.013739861378086485,0.019180171567702603,0.06928820624256864
2020-03-11,-0.19056053069748197,0.010380999703125478,-0.1564243976503106,0.2921279824238215
2020-04-09,0.004212689257454221,0.7,-0.002312732856949311,0.45126943075005777
2020-05-11,0.05551970992260575,0.3987565866333131,0.048243379914187826,0.5652905414958291
2020-06-10,0.07669080049837429,0.12234255856794343,0.06431642658323772,0.549744541423487
2020-07-10,0.015421795180168722,0.16846611150183652,-0.0023452576583902545,0.5653187599048001
2020-08-10,0.07663696636809406,0.1265610386145657,0.05964171037099158,0.6299744589279508
2020-09-09,0.011023212579945076,0.020482148300499593,0.012077404091779466,0.731984138798804
2020-10-08,0.0203110330451959,0.04609585447702419,0.015679634274731305,0.21251554698173822
2020-11-06,0.012692113751834643,0.045557498609656695,0.0002052059895150473,0.3036401079179791
2020-12-08,0.07130207881111761,0.06482577998478964,0.06243734745281398,0.1020038344787883
2021-01-08,0.043772679304413614,0.19133314819372377,0.024789347934946075,0.3308620540061019
2021-02-09,0.033075642303487134,0.03212078936492482,0.006109363115617479,0.33084770090942384
2021-03-11,0.02633126043581093,0.03072134483866749,-0.011297052892790536,0.25134223227579455
2021-04-12,0.01656819225814239,0.08324012270197746,0.038522237061982885,0.3899642599131442
2021-05-11,0.029457690498286233,0.17068651279496883,0.023783412270386696,0.6479832325069261
2021-06-10,0.0037393427650784824,0.12830377062313686,-0.006870709530155962,0.3892517826177429
2021-07-12,0.009239346336224552,0.035086292988473544,0.008330170754988734,0.3871064685370604
2021-08-10,0.007199880126697883,0.06615977691302523,0.0037123063028269925,0.33041317378273233
2021-09-09,-0.004694359643307578,0.09016796355508157,0.012633411432081767,0.2942901841935594
2021-10-08,-0.021676454681150318,0.10240696909115474,-0.025896535270543572,0.10935170656370763
2021-11-08,0.060612908258435,0.0296524135047288,0.0755928447647355,0.26153988465139033
2021-12-08,-0.012708445434075658,0.01685553458269619,-0.004363848685530596,0.3189043089935714
2022-01-07,0.013831983685403166,0.08554262372702251,0.02376906477258505,0.5847750837216582
2022-02-08,-0.02901511883424934,0.03291657696367925,-0.04080229253534051,0.4360032884116148
2022-03-10,-0.02139320544382458,0.029419777731247362,-0.01623858309118276,0.4948131803481517
2022-04-08,0.052465453093682106,0.03403573787740296,0.05531815087867206,0.40988045530957884
2022-05-10,-0.11738663440685382,0.048716694610240606,-0.06641030756233221,0.422191319701863
2022-06-09,-0.005749174293349334,0.06017990331164338,-0.014527823695875321,0.23208279132484394
2022-07-12,-0.0467957679036847,0.03366063478513865,-0.07217166241849324,0.6164601171457551
2022-08-10,0.08813819199886747,0.04177066474594454,0.054311870796328834,0.5912460738763895
2022-09-09,-0.02487886416162749,0.025920404105453466,-0.010582181453646824,0.31682875268404537
2022-10-10,-0.09706833952452608,0.01266016323237559,-0.08685639947575481,0.2971442894627365
2022-11-08,0.06799622974628873,0.059206961884424134,0.07085772753335336,0.3453893212971316
2022-12-08,0.053423271291123495,0.037129085389043144,0.03603023496116252,0.5989332508524817
2023-01-10,0.009943684711797874,0.01896505785537627,-0.01775401814839921,0.6468974908750538
2023-02-09,0.008048965480670519,0.06493558208164266,-0.009802542042343907,0.20832493168579003
2023-03-13,-0.061261707919204,0.08154919818729246,-0.027667588277167567,0.16245838756571399
2023-04-12,0.06102593822276631,0.07061751367322947,0.040189359171408714,0.449241750965566
2023-05-11,0.0015438281588349035,0.016502918026173017,0.009779304528028528,0.525873351038125
2023-06-12,0.024197209256672136,0.018453457535801902,-0.019414166802790973,0.23565937605399634
2023-07-13,0.046250397404385794,0.031290594165863286,0.02864775245758109,0.36106298851293733
2023-08-11,0.011709989874434742,0.03795320190284902,-0.014605610990230423,0.30851213253802645
2023-09-12,-0.025006722706718384,0.029219903059158413,-0.022914118783840177,0.3588864303264587
2023-10-11,-0.051552314344379645,0.02864373456164906,-0.05668252732067073,0.13388685314439486
2023-11-09,-4.780094137703703e-5,0.04306470340641294,0.004904758276232842,0.2869120143205681
2023-12-11,0.059730861554624086,0.01821364001762919,0.051118292003340955,0.37747314642024143
2024-01-11,0.0456486975378081,0.0793957572353933,0.012721752440940846,0.579239925022687
2024-02-12,0.025045656775234532,0.04967661828291246,0.0195940916483322,0.21642466677657957
2024-03-13,0.04054534412082967,0.038184888097646315,0.021653889962665148,0.32231089934580337
2024-04-12,-0.01403230460069305,0.01555838770225414,-0.009310354906133717,0.36188509493519555
2024-05-13,0.04121565423292572,0.04473006619408176,0.042338824612671806,0.3432636866254777
2024-06-12,-0.00986119053305575,0.07124666528259868,0.010421317933450244,0.4424114973160137
2024-07-15,0.02188075574100004,0.0725107150806478,0.024144207614855882,0.12014689542700431
2024-08-13,-0.011193880731975633,0.04724755593106931,0.003861153129898719,0.11108125368074412
2024-09-12,0.029648493607952624,0.07997606362313,0.03131294268683517,0.49633649748424846
2024-10-11,0.026754408984723574,0.07784294268700016,0.008912497678622172,0.29304806184260246
2024-11-11,0.003534968649694855,0.06515172342636522,0.01476134333608196,0.1898431277307604
2024-12-11,0.010793395640498166,0.06058873035577433,0.007605617827142003,0.44968564904730757
2025-01-14,-0.05666029174987209,0.017630897188268484,-0.04291642350160651,0.1816508554303642
2025-02-13,0.06041977743963394,0.017197282262554306,0.0464597092106149,0.38021259795136825
2025-03-17,-0.05511389855586745,0.042123107440269834,0.00022229353585093001,0.40041045693699007
2025-04-15,-0.03813216584548525,0.19005592839166155,-0.03092410980358901,0.48924244536273626
2025-05-15,0.06612603395032049,0.8885274178329476,0.08576135033544453,0.5963122067245522
2025-06-16,0.0030992138650622965,0.12094530982917133,0.012151251830898468,0.7380799319442831
2025-07-17,0.020858915096820113,0.1271535699481698,0.004006661271533163,0.20737111715729512
2025-08-15,0.003938301653438061,0.46201145491036016,0.009291453642127943,0.3352914621635814
2025-09-16,0.004860130411066676,0.11370890721003996,-0.0036902579351299866,0.34523796635412013
2025-10-15,-0.008430409006536816,0.05001972568156472,0.011057646836735009,0.1570211165715492
2025-11-13,-0.016817461915825106,0.058263448734179754,0.011626790906849514,0.41053436935234183
2025-12-15,0.03368333176647181,0.12066915439576188,0.012803929689374193,0.36849216161434595
2026-01-15,0.035860208409009074,0.06506315006827988,0.026114312977598628,0.26093131450623497
2026-02-17,0.049554864455843915,0.057478839197403785,0.05438080170484962,0.22214845266284572
2026-03-18,-0.08906504047548651,0.16515974788379326,-0.029714638296590545,0.3671725240148009
2026-04-17,0.024049634723561038,0.10503084401530743,-0.006314909762330401,0.24943161408359124
2026-05-18,0.0046163371882090515,0.13977471031452618,0.028066817531170195,0.46245769662178715
2026-06-17,0.02754555344813217,0.2576602608403901,-0.01364936263552001,0.20198298359877032
