Window,Date,HiGHS_Status,Alt_Status,HiGHS_Time,Alt_Time,HiGHS_Obj,Alt_Obj,Obj_Diff,Weights_L1_Diff,Is_Match
1,1994-12-22,OPTIMAL,OPTIMAL,2.452163333,3.9407035,0.008333735809342588,0.008331487925936364,2.247883406223533e-6,0.025841553381146107,false
2,1995-01-24,OPTIMAL,OPTIMAL,0.008244292,0.006449209,0.008354337619244671,0.00835124339757482,3.094221669851238e-6,0.03065946589145275,false
3,1995-02-23,OPTIMAL,OPTIMAL,0.00455575,0.003741166,0.008125322253247521,0.00812220574601032,3.1165072372010827e-6,0.010372477033432359,false
4,1995-03-24,OPTIMAL,OPTIMAL,0.005265792,0.041996542,0.007808215020852855,0.007807585644777697,6.293760751582486e-7,0.015436364039582855,false
5,1995-04-25,OPTIMAL,OPTIMAL,0.00493825,0.003860542,0.007490511559317883,0.0074967236875517025,6.212128233819628e-6,0.02272245632133181,false
6,1995-05-24,OPTIMAL,OPTIMAL,0.005736125,0.00384875,0.007330233649301249,0.007332601847417495,2.368198116245619e-6,0.03205558567002371,false
7,1995-06-23,OPTIMAL,OPTIMAL,0.004333,0.0029515,0.007319743609567151,0.007318870086139558,8.735234275931286e-7,0.016692879646201548,false
8,1995-07-25,OPTIMAL,OPTIMAL,0.004552916,0.003736417,0.007560301280334681,0.007563157418226859,2.8561378921775765e-6,0.011134882940364717,false
9,1995-08-23,OPTIMAL,OPTIMAL,0.00429525,0.0042665,0.00715241006143937,0.007151758748470798,6.513129685720154e-7,0.011750814975254638,false
10,1995-09-22,OPTIMAL,OPTIMAL,0.00475525,0.00384125,0.00682894056252012,0.006831236774775261,2.2962122551411362e-6,0.015730771140881002,false
11,1995-10-23,OPTIMAL,OPTIMAL,0.004397709,0.00295825,0.006284513698399345,0.0062916586316352965,7.144933235951785e-6,0.024934509962909957,false
12,1995-11-21,OPTIMAL,OPTIMAL,0.004218125,0.00303125,0.006121524300886215,0.0061355491884565565,1.402488757034151e-5,0.04525880633243339,false
13,1995-12-21,OPTIMAL,OPTIMAL,0.004057958,0.003663333,0.005955030260648961,0.0059571175210219535,2.0872603729927067e-6,0.041405768876537775,false
14,1996-01-23,OPTIMAL,OPTIMAL,0.005121208,0.003417625,0.0056889026281924295,0.005689232772544237,3.30144351807192e-7,0.04067094293865069,false
15,1996-02-22,OPTIMAL,OPTIMAL,0.004199542,0.003473,0.005490099302693822,0.005488862505016347,1.2367976774752334e-6,0.04016175665829761,false
16,1996-03-22,OPTIMAL,OPTIMAL,0.00488625,0.003754083,0.005599663427435968,0.0055965451141451435,3.1183132908245773e-6,0.03382027330095406,false
17,1996-04-23,OPTIMAL,OPTIMAL,0.00439,0.003996083,0.00561232485304267,0.005606437563233045,5.887289809624642e-6,0.024221596159209515,false
18,1996-05-22,OPTIMAL,OPTIMAL,0.004028042,0.003734541,0.005505383678807264,0.005503809553066469,1.5741257407952264e-6,0.017740861018609028,false
19,1996-06-21,OPTIMAL,OPTIMAL,0.004608292,0.003104708,0.005477350915496,0.005475661333470501,1.6895820254990077e-6,0.02507973285342453,false
20,1996-07-23,OPTIMAL,OPTIMAL,0.004105667,0.003137375,0.005654270282787447,0.005654913476674798,6.431938873504434e-7,0.08077729141147988,false
21,1996-08-21,OPTIMAL,OPTIMAL,0.005086417,0.004021958,0.005581474403282636,0.0055843932107897554,2.9188075071195224e-6,0.06901584527109941,false
22,1996-09-20,OPTIMAL,OPTIMAL,0.004681167,0.003207584,0.005660289118114049,0.005661757672273104,1.4685541590555781e-6,0.06787179937609271,false
23,1996-10-21,OPTIMAL,OPTIMAL,0.004248584,0.003386042,0.005605162912135125,0.0056061193456007005,9.564334655758067e-7,0.0786755749256671,false
24,1996-11-19,OPTIMAL,OPTIMAL,0.00432275,0.00370775,0.005483229490648159,0.005484920895609254,1.6914049610948848e-6,0.08115909869240417,false
25,1996-12-19,OPTIMAL,OPTIMAL,0.004679916,0.003063,0.005342639099522808,0.005341030950102519,1.608149420288807e-6,0.08620498851670937,false
26,1997-01-21,OPTIMAL,OPTIMAL,0.004436667,0.003469083,0.005290008410829931,0.005291232484494539,1.2240736646075903e-6,0.07999849915962888,false
27,1997-02-20,OPTIMAL,OPTIMAL,0.00426775,0.003227583,0.00525029869852678,0.0052496909659822105,6.077325445698334e-7,0.09135170470130263,false
28,1997-03-21,OPTIMAL,OPTIMAL,0.004058916,0.00325075,0.005322766172469084,0.005321065712098663,1.700460370420917e-6,0.07926208494983146,false
29,1997-04-22,OPTIMAL,OPTIMAL,0.004170958,0.003405625,0.005480363722263219,0.00548273930511354,2.3755828503207316e-6,0.09975503736310277,false
30,1997-05-21,OPTIMAL,OPTIMAL,0.004768542,0.003643291,0.0057911837780299,0.005790940619018387,2.4315901151275576e-7,0.08773276328947437,false
31,1997-06-20,OPTIMAL,OPTIMAL,0.004805459,0.003986584,0.005906956514443081,0.005909721818766174,2.765304323093694e-6,0.07124587849992003,false
32,1997-07-22,OPTIMAL,OPTIMAL,0.005207084,0.003620625,0.006106052158606367,0.006107057867903204,1.0057092968375134e-6,0.07038615413739936,false
33,1997-08-20,OPTIMAL,OPTIMAL,0.004300125,0.003746292,0.006264144155820366,0.006264767718949562,6.235631291959948e-7,0.08220513276498952,false
34,1997-09-19,OPTIMAL,OPTIMAL,0.005253541,0.003039,0.006326102316161356,0.006331407562044828,5.305245883472157e-6,0.059222454428669025,false
35,1997-10-20,OPTIMAL,OPTIMAL,0.004509375,0.003184583,0.006218462537700552,0.006220489141957127,2.0266042565749223e-6,0.06200509757120465,false
36,1997-11-18,OPTIMAL,OPTIMAL,0.004079,0.002844083,0.007224959535470696,0.0072228769714910365,2.0825639796594533e-6,0.06695997132582905,false
37,1997-12-18,OPTIMAL,OPTIMAL,0.004174625,0.003444458,0.007329948934115859,0.0073278977890564746,2.051145059384085e-6,0.03668120569279432,false
38,1998-01-21,OPTIMAL,OPTIMAL,0.00422375,0.003477167,0.007708011875905154,0.0077027536325614005,5.258243343753306e-6,0.04629917102340661,false
39,1998-02-20,OPTIMAL,OPTIMAL,0.004896125,0.003456125,0.007877785316017386,0.007871207519518203,6.577796499183247e-6,0.04046635879376223,false
40,1998-03-23,OPTIMAL,OPTIMAL,0.004122666,0.002832917,0.007823220579015706,0.007818389239391904,4.831339623801584e-6,0.04245956554572265,false
41,1998-04-22,OPTIMAL,OPTIMAL,0.004437,0.00389775,0.007877415007409088,0.00787106333424637,6.351673162718202e-6,0.03458116468573339,false
42,1998-05-21,OPTIMAL,OPTIMAL,0.004843959,0.003564583,0.007905842506934805,0.007905930327841166,8.782090636129392e-8,0.04469853926515184,false
43,1998-06-22,OPTIMAL,OPTIMAL,0.004212709,0.00296675,0.008092146461196471,0.008086797051926362,5.349409270109101e-6,0.04331756954520522,false
44,1998-07-22,OPTIMAL,OPTIMAL,0.004313625,0.002965959,0.008197278891666087,0.008191789443550418,5.489448115668719e-6,0.0644030423697715,false
45,1998-08-20,OPTIMAL,OPTIMAL,0.004894541,0.003656,0.008559051620295117,0.008553208249075074,5.84337122004272e-6,0.03038310469542752,false
46,1998-09-21,OPTIMAL,OPTIMAL,0.004635541,0.002970334,0.009338586045432634,0.009332355188620708,6.230856811926394e-6,0.0539555036409504,false
47,1998-10-20,OPTIMAL,OPTIMAL,0.004140334,0.003319791,0.010021080949738033,0.010015931161549292,5.149788188741136e-6,0.013595526048839152,false
48,1998-11-18,OPTIMAL,OPTIMAL,0.004520042,0.003258416,0.010196214653722105,0.01018930116353019,6.913490191913854e-6,0.01540627950096257,false
49,1998-12-18,OPTIMAL,OPTIMAL,0.00456825,0.003814625,0.010395490573461022,0.010390107960103243,5.382613357779453e-6,0.026459607450846453,false
50,1999-01-21,OPTIMAL,OPTIMAL,0.004468208,0.003852292,0.010718268496742468,0.010715986184202466,2.2823125400018435e-6,0.05169054504272792,false
51,1999-02-22,OPTIMAL,OPTIMAL,0.004757459,0.003498333,0.010896096766697274,0.010890392506077012,5.7042606202619556e-6,0.015685567348140556,false
52,1999-03-23,OPTIMAL,OPTIMAL,0.005155375,0.0037915,0.011022898515262301,0.011016046039961473,6.852475300828109e-6,0.007310428214226916,false
53,1999-04-22,OPTIMAL,OPTIMAL,0.005255917,0.003335917,0.011289179710107847,0.011284848456479223,4.331253628624826e-6,0.00888928355917274,false
54,1999-05-21,OPTIMAL,OPTIMAL,0.004373209,0.002983708,0.011238239676357129,0.011234916522879581,3.3231534775478994e-6,0.007389611240672871,false
55,1999-06-22,OPTIMAL,OPTIMAL,0.004019042,0.002891167,0.011394223613417248,0.011388808929817801,5.414683599446607e-6,0.011570353241444814,false
56,1999-07-22,OPTIMAL,OPTIMAL,0.004051375,0.002847209,0.011501550650005408,0.011497163000136179,4.387649869229404e-6,0.013117796472588442,false
57,1999-08-20,OPTIMAL,OPTIMAL,0.004611625,0.003471833,0.011573240443431342,0.011566821300935339,6.419142496003408e-6,0.007326468747929089,false
58,1999-09-21,OPTIMAL,OPTIMAL,0.004464791,0.003903,0.011632197652965174,0.01161963407260766,1.256358035751394e-5,0.01956530351326967,false
59,1999-10-20,OPTIMAL,OPTIMAL,0.005293208,0.003082916,0.011753638305718208,0.011754215931441141,5.776257229334059e-7,0.007045510153906385,false
60,1999-11-18,OPTIMAL,OPTIMAL,0.004079,0.002963125,0.012270787963250197,0.01226487858940682,5.909373843376517e-6,0.006930302728455854,false
61,1999-12-20,OPTIMAL,OPTIMAL,0.005251542,0.004075334,0.012521497486831228,0.012511618646835653,9.878839995574457e-6,0.008584624769863517,false
62,2000-01-20,OPTIMAL,OPTIMAL,0.00499125,0.003521292,0.012897815734752282,0.012888007105452045,9.80862930023696e-6,0.005060207952376215,false
63,2000-02-18,OPTIMAL,OPTIMAL,0.004086875,0.002894,0.013309776743740386,0.013301125502009714,8.651241730672082e-6,0.014201346382490721,false
64,2000-03-21,OPTIMAL,OPTIMAL,0.004257541,0.003000125,0.013978456714952951,0.013970347991538892,8.108723414059285e-6,0.00668258653809222,false
65,2000-04-19,OPTIMAL,OPTIMAL,0.004921584,0.003197459,0.01472436509305298,0.01471269897224829,1.1666120804689623e-5,0.008522654932850461,false
66,2000-05-19,OPTIMAL,OPTIMAL,0.004715083,0.003321917,0.01496992683593397,0.014958630129109628,1.1296706824341293e-5,0.005903816505237514,false
67,2000-06-20,OPTIMAL,OPTIMAL,0.004227375,0.002960834,0.014668217690682765,0.014657662171175784,1.055551950698147e-5,0.0035184439713967096,false
68,2000-07-20,OPTIMAL,OPTIMAL,0.004203,0.003020917,0.015036873734571821,0.015025947572236822,1.0926162334999254e-5,0.0038556955775951975,false
69,2000-08-18,OPTIMAL,OPTIMAL,0.004335792,0.00351825,0.015062545381993673,0.015051711298810807,1.0834083182866341e-5,0.006022298256308758,false
70,2000-09-19,OPTIMAL,OPTIMAL,0.004077875,0.003952375,0.014905744012913223,0.014896557147584113,9.18686532911002e-6,0.0006946748156030393,true
71,2000-10-18,OPTIMAL,OPTIMAL,0.004740292,0.003659666,0.01506866830966961,0.01505961602096556,9.052288704049227e-6,0.0031099569657010518,false
72,2000-11-16,OPTIMAL,OPTIMAL,0.005127458,0.003882834,0.015107701505116018,0.01509843634198532,9.265163130697807e-6,0.0006577751124840922,true
73,2000-12-18,OPTIMAL,OPTIMAL,0.004634208,0.00343525,0.015055686715747455,0.015046633888658926,9.052827088528587e-6,0.0008684535807553454,true
74,2001-01-19,OPTIMAL,OPTIMAL,0.004693,0.003606959,0.016150637318857557,0.016140529185113335,1.0108133744222286e-5,0.0037772529183524176,false
75,2001-02-20,OPTIMAL,OPTIMAL,0.004059166,0.003767,0.015230353448752001,0.015220969332829137,9.384115922864492e-6,0.004185448354680129,false
76,2001-03-21,OPTIMAL,OPTIMAL,0.0041185,0.002951333,0.015228874386401615,0.01521940010525179,9.474281149826277e-6,0.002046348830795945,false
77,2001-04-20,OPTIMAL,OPTIMAL,0.005366459,0.003965542,0.015687810530099808,0.015677702832648476,1.0107697451331582e-5,0.0022713015398996487,false
78,2001-05-21,OPTIMAL,OPTIMAL,0.004585083,0.002930917,0.015951437326372688,0.015941333977937493,1.0103348435194781e-5,0.0015149712194363993,false
79,2001-06-20,OPTIMAL,OPTIMAL,0.004903958,0.002952542,0.01591431228470547,0.015904065206321094,1.0247078384376801e-5,0.0016827834553880467,false
80,2001-07-20,OPTIMAL,OPTIMAL,0.004192042,0.002928708,0.015923391339277348,0.015913406463498026,9.984875779321667e-6,0.0022545274286387474,false
81,2001-08-20,OPTIMAL,OPTIMAL,0.005070083,0.003456083,0.015623569642085146,0.015613641251302898,9.9283907822479e-6,0.0021201336605040384,false
82,2001-09-25,OPTIMAL,OPTIMAL,0.004871083,0.003601417,0.015747591708266905,0.015737008655593427,1.05830526734782e-5,0.0012253977718147415,false
83,2001-10-24,OPTIMAL,OPTIMAL,0.004427792,0.003688083,0.01633693673870229,0.016326376511168698,1.0560227533592398e-5,0.001173227139770192,false
84,2001-11-23,OPTIMAL,OPTIMAL,0.004294917,0.002848542,0.016852107519693245,0.016841226186045954,1.088133364729113e-5,0.0005432316875175272,true
85,2001-12-24,OPTIMAL,OPTIMAL,0.004772542,0.003252708,0.016721372600076074,0.016710708002245098,1.0664597830976202e-5,0.0004316017567719583,true
86,2002-01-25,OPTIMAL,OPTIMAL,0.00446725,0.002875834,0.016570128937106732,0.01655945545420694,1.0673482899792308e-5,0.0006391728453445478,true
87,2002-02-26,OPTIMAL,OPTIMAL,0.003959834,0.0027895,0.01671995573984117,0.01670917176402073,1.0783975820438663e-5,0.0005147446814670988,true
88,2002-03-27,OPTIMAL,OPTIMAL,0.004492791,0.002974334,0.016720445521057874,0.016709483600975128,1.0961920082746407e-5,0.000764100534248817,true
89,2002-04-26,OPTIMAL,OPTIMAL,0.004594041,0.003807375,0.016267400231945707,0.01625538833838328,1.2011893562428183e-5,0.0011522271977268427,false
90,2002-05-28,OPTIMAL,OPTIMAL,0.004861833,0.004217125,0.016149760012841137,0.01613816039905911,1.159961378202623e-5,0.0008113574176387647,true
91,2002-06-26,OPTIMAL,OPTIMAL,0.005313125,0.003363917,0.016204517930080625,0.016192695852913754,1.1822077166871725e-5,0.0010070052813719254,false
92,2002-07-26,OPTIMAL,OPTIMAL,0.005055916,0.003847834,0.01814373535024051,0.018131859277377482,1.1876072863029052e-5,0.0003839546911519056,true
93,2002-08-26,OPTIMAL,OPTIMAL,0.00417575,0.002909834,0.01869055535468685,0.018678252473835925,1.230288085092568e-5,0.000557228213902812,true
94,2002-09-25,OPTIMAL,OPTIMAL,0.00409025,0.003077875,0.019247965459643548,0.019235356172564604,1.2609287078944181e-5,0.00041117868864232567,true
95,2002-10-24,OPTIMAL,OPTIMAL,0.004282833,0.006224084,0.020219852257607668,0.02020626910968051,1.3583147927157674e-5,0.0004666800234792688,true
96,2002-11-22,OPTIMAL,OPTIMAL,0.004692542,0.003365375,0.01955503648583992,0.019542166446141422,1.2870039698499591e-5,0.00037961101648804056,true
97,2002-12-24,OPTIMAL,OPTIMAL,0.004245541,0.003513959,0.01953262953288623,0.019518789847298018,1.3839685588212802e-5,0.0033737299080684848,false
98,2003-01-27,OPTIMAL,OPTIMAL,0.004290667,0.003456875,0.019589257829212402,0.019576004258670107,1.3253570542295229e-5,0.00047284299604977587,true
99,2003-02-26,OPTIMAL,OPTIMAL,0.004509458,0.003560625,0.019814184068700173,0.019801074384712705,1.310968398746809e-5,0.0003987371384579639,true
100,2003-03-27,OPTIMAL,OPTIMAL,0.004575833,0.003092458,0.02023160391290685,0.02021830255738915,1.3301355517702368e-5,0.0003595806473470685,true
101,2003-04-28,OPTIMAL,OPTIMAL,0.005142083,0.003499667,0.020451927522362422,0.020438364818685797,1.3562703676625598e-5,0.0004054261847547524,true
102,2003-05-28,OPTIMAL,OPTIMAL,0.004923083,0.003644292,0.020417732385235553,0.020404168239821645,1.3564145413907241e-5,0.0004020320751603957,true
103,2003-06-26,OPTIMAL,OPTIMAL,0.006808375,0.003381333,0.02031971238172165,0.020306121067117155,1.359131460449553e-5,0.00043378115286571537,true
104,2003-07-28,OPTIMAL,OPTIMAL,0.004358333,0.004107584,0.020373926489146738,0.020359968137925115,1.3958351221622645e-5,0.0005156070820949756,true
105,2003-08-26,OPTIMAL,OPTIMAL,0.004981375,0.003002917,0.020135031876353484,0.02012317178602969,1.1860090323792538e-5,0.00828527263665006,false
106,2003-09-25,OPTIMAL,OPTIMAL,0.004107291,0.003272334,0.01913760847672701,0.019125277449298882,1.2331027428126584e-5,0.00042440106437120545,true
107,2003-10-24,OPTIMAL,OPTIMAL,0.00483575,0.003582917,0.018812547067419583,0.01880120803862959,1.1339028789993794e-5,0.00048824002123036043,true
108,2003-11-24,OPTIMAL,OPTIMAL,0.004615584,0.003098125,0.01870020708585481,0.018688592979706722,1.1614106148086917e-5,0.000446422296300276,true
109,2003-12-24,OPTIMAL,OPTIMAL,0.006351041,0.003450625,0.018572196556652487,0.018560393936675613,1.1802619976873652e-5,0.0003795516294202358,true
110,2004-01-27,OPTIMAL,OPTIMAL,0.0040385,0.003620041,0.018323524399582472,0.01831144630762424,1.2078091958231396e-5,0.0004357339785230999,true
111,2004-02-26,OPTIMAL,OPTIMAL,0.005652,0.004698375,0.01827168707111042,0.01825978552504172,1.1901546068702334e-5,0.000320851599782566,true
112,2004-03-26,OPTIMAL,OPTIMAL,0.005393583,0.004295125,0.018269574160062755,0.018257676242955333,1.1897917107421552e-5,0.0003360547316346001,true
113,2004-04-27,OPTIMAL,OPTIMAL,0.00526625,0.003881917,0.018229419449014343,0.018217626568680086,1.1792880334256933e-5,0.00036553044363704976,true
114,2004-05-26,OPTIMAL,OPTIMAL,0.004492708,0.002953333,0.018239282658735034,0.018227506731150023,1.1775927585010865e-5,0.0003807356903261979,true
115,2004-06-28,OPTIMAL,OPTIMAL,0.004316,0.003744084,0.018210070678601274,0.018198311589249647,1.1759089351626867e-5,0.00040877072945874463,true
116,2004-07-28,OPTIMAL,OPTIMAL,0.004209125,0.002867042,0.018210480793941795,0.018198749068690963,1.1731725250832548e-5,0.00043575008433333463,true
117,2004-08-26,OPTIMAL,OPTIMAL,0.00447325,0.00315,0.018211085578134587,0.018199346322284555,1.1739255850032326e-5,0.00048532233788284367,true
118,2004-09-27,OPTIMAL,OPTIMAL,0.003981708,0.002792584,0.018172345700277294,0.01816052144836924,1.1824251908054001e-5,0.0005621011730127985,true
119,2004-10-26,OPTIMAL,OPTIMAL,0.004137875,0.003316417,0.017932373803434095,0.017920737750690315,1.1636052743780462e-5,0.0007590919461618004,true
120,2004-11-24,OPTIMAL,OPTIMAL,0.004145542,0.002904083,0.017845179204858473,0.017833403929933288,1.1775274925185375e-5,0.0007622274463963717,true
121,2004-12-27,OPTIMAL,OPTIMAL,0.004650459,0.003283959,0.017809439150442315,0.017797590189331965,1.184896111034936e-5,0.0008986305815875618,true
122,2005-01-26,OPTIMAL,OPTIMAL,0.005321875,0.003327917,0.01748345870648254,0.017471795641330713,1.166306515182694e-5,0.0005654499237337253,true
123,2005-02-25,OPTIMAL,OPTIMAL,0.004092291,0.003152667,0.017234858632982398,0.017223360946496024,1.1497686486373893e-5,0.0010204519409862732,false
124,2005-03-29,OPTIMAL,OPTIMAL,0.004095667,0.003695042,0.01603619066658096,0.016024882828050306,1.130783853065323e-5,0.0007312273981590525,true
125,2005-04-27,OPTIMAL,OPTIMAL,0.004405916,0.003713833,0.015777154055558528,0.015768921025305215,8.233030253313595e-6,0.0012030620312251884,false
126,2005-05-26,OPTIMAL,OPTIMAL,0.00462975,0.002977042,0.01567571975931474,0.015667088753746457,8.631005568283945e-6,0.0010349445961619224,false
127,2005-06-27,OPTIMAL,OPTIMAL,0.004134583,0.00342775,0.015560068545521536,0.015552038731672949,8.029813848587156e-6,0.0013263966801406327,false
128,2005-07-27,OPTIMAL,OPTIMAL,0.004051,0.002814958,0.01555832380446696,0.015550175737685929,8.148066781031582e-6,0.0013353927012359533,false
129,2005-08-25,OPTIMAL,OPTIMAL,0.003949959,0.002821833,0.0154582151951028,0.015449882079232136,8.333115870663016e-6,0.0012654878043712814,false
130,2005-09-26,OPTIMAL,OPTIMAL,0.006094542,0.004083,0.015466982463124114,0.015458727215951849,8.255247172265709e-6,0.001382348157869352,false
131,2005-10-25,OPTIMAL,OPTIMAL,0.004854375,0.0028845,0.015534768284066646,0.015525984628143757,8.783655922888975e-6,0.0012236733626594133,false
132,2005-11-23,OPTIMAL,OPTIMAL,0.004568542,0.004242708,0.01545544977361134,0.015445486144199381,9.963629411958302e-6,0.000805085118696546,true
133,2005-12-23,OPTIMAL,OPTIMAL,0.004515041,0.0029625,0.015292370221181061,0.015278896543397792,1.3473677783268703e-5,0.0017411729518230666,false
134,2006-01-26,OPTIMAL,OPTIMAL,0.004301167,0.003061708,0.015001149440612262,0.014990223430245428,1.0926010366833772e-5,0.0029029143953016217,false
135,2006-02-27,OPTIMAL,OPTIMAL,0.004785667,0.0037225,0.015012512873529919,0.015003172341548743,9.340531981176167e-6,0.001559219713890122,false
136,2006-03-28,OPTIMAL,OPTIMAL,0.004633875,0.003041167,0.014744990014238901,0.01474156963568007,3.4203785588306224e-6,0.003627949522676363,false
137,2006-04-27,OPTIMAL,OPTIMAL,0.004032875,0.002842917,0.014386486776754439,0.014374759351546952,1.1727425207486847e-5,0.004989037007462867,false
138,2006-05-26,OPTIMAL,OPTIMAL,0.00503925,0.003074458,0.014241249017393792,0.014236699748179085,4.549269214707344e-6,0.003713078150081344,false
139,2006-06-27,OPTIMAL,OPTIMAL,0.004664417,0.003597875,0.014369761013940382,0.01436697162942606,2.7893845143209944e-6,0.00602795645926579,false
140,2006-07-27,OPTIMAL,OPTIMAL,0.004620292,0.003416583,0.014521463181147228,0.014522000371020458,5.371898732300928e-7,0.006432256702646991,false
141,2006-08-25,OPTIMAL,OPTIMAL,0.004631167,0.002921333,0.014495774892497535,0.014495932764194207,1.5787169667207113e-7,0.0055976047003857745,false
142,2006-09-26,OPTIMAL,OPTIMAL,0.004592917,0.00425875,0.014777081567266056,0.014767747405549666,9.33416171639001e-6,0.003059763096160893,false
143,2006-10-25,OPTIMAL,OPTIMAL,0.004979667,0.003203166,0.014351212879601203,0.014357428087251359,6.215207650156138e-6,0.009948821395491806,false
144,2006-11-24,OPTIMAL,OPTIMAL,0.00414675,0.003637667,0.014023916535350992,0.01403749851919745,1.3581983846457785e-5,0.015370482991330446,false
145,2006-12-26,OPTIMAL,OPTIMAL,0.004035417,0.003360166,0.013947371364644504,0.013961137792354495,1.3766427709990814e-5,0.014112646757329164,false
146,2007-01-29,OPTIMAL,OPTIMAL,0.005233584,0.003430208,0.013957192548877857,0.013973709229825694,1.6516680947837453e-5,0.016587707305729338,false
147,2007-02-28,OPTIMAL,OPTIMAL,0.004119125,0.002983625,0.014145179806113259,0.01415738396980499,1.2204163691732078e-5,0.012448416812842759,false
148,2007-03-29,OPTIMAL,OPTIMAL,0.004193625,0.003111,0.014268256561768238,0.014291130116366029,2.2873554597790946e-5,0.01792029128476676,false
149,2007-04-30,OPTIMAL,OPTIMAL,0.004929792,0.003121375,0.014675147991566481,0.01468087058911586,5.722597549379441e-6,0.008213197256653084,false
150,2007-05-30,OPTIMAL,OPTIMAL,0.004696917,0.003139041,0.014719596595778664,0.014716382772049688,3.2138237289758287e-6,0.005430556055974657,false
151,2007-06-28,OPTIMAL,OPTIMAL,0.004734791,0.003230292,0.014727224811310433,0.014704684199284711,2.2540612025721482e-5,0.009598248788377992,false
152,2007-07-30,OPTIMAL,OPTIMAL,0.004374166,0.006323625,0.013333249597946106,0.013335594014678038,2.344416731931559e-6,0.006146181735693086,false
153,2007-08-28,OPTIMAL,OPTIMAL,0.014296667,0.006972833,0.013586852243485487,0.013580438409747384,6.413833738103114e-6,0.002851663832392793,false
154,2007-09-27,OPTIMAL,OPTIMAL,0.005064084,0.00299025,0.013113165307467249,0.013110821042254804,2.344265212445365e-6,0.0040971983325430285,false
155,2007-10-26,OPTIMAL,OPTIMAL,0.003994875,0.002730125,0.01167524698533022,0.011679834981453011,4.587996122790497e-6,0.008656743302691696,false
156,2007-11-27,OPTIMAL,OPTIMAL,0.004628916,0.003323167,0.01116905759433801,0.011159958577095659,9.099017242351903e-6,0.01013191095543398,false
157,2007-12-27,OPTIMAL,OPTIMAL,0.004180834,0.003501042,0.011343955437439518,0.011333662720624653,1.0292716814864697e-5,0.007021055492939753,false
158,2008-01-29,OPTIMAL,OPTIMAL,0.004508083,0.0034815,0.011472877410845446,0.011457936825824503,1.4940585020942893e-5,0.0046661318018916004,false
159,2008-02-28,OPTIMAL,OPTIMAL,0.004693584,0.003105167,0.011427544495838868,0.011414296497007282,1.3247998831586102e-5,0.005288071594182384,false
160,2008-03-31,OPTIMAL,OPTIMAL,0.004134917,0.003004833,0.01120295003241762,0.011182371821649838,2.0578210767781963e-5,0.014460486617354044,false
161,2008-04-29,OPTIMAL,OPTIMAL,0.005433708,0.003850959,0.010987578213630517,0.010972951430223506,1.462678340701136e-5,0.017034981896981494,false
162,2008-05-29,OPTIMAL,OPTIMAL,0.004390708,0.00285425,0.011122588159458402,0.01112148203809009,1.106121368311952e-6,0.00643853759509163,false
163,2008-06-27,OPTIMAL,OPTIMAL,0.004203625,0.0036265,0.01105300735076385,0.01105263504006226,3.7231070158967594e-7,0.015966570951769038,false
164,2008-07-29,OPTIMAL,OPTIMAL,0.004679417,0.003151375,0.010568353919521689,0.010566435627556688,1.9182919650008456e-6,0.015599315293340705,false
165,2008-08-27,OPTIMAL,OPTIMAL,0.004090375,0.002861625,0.010628233793217635,0.010607278491705825,2.0955301511809896e-5,0.012369737770625628,false
166,2008-09-26,OPTIMAL,OPTIMAL,0.004263542,0.003646791,0.011941071016566815,0.011930720503053657,1.0350513513158327e-5,0.01017284630011747,false
167,2008-10-27,OPTIMAL,OPTIMAL,0.004144625,0.002823292,0.019091973624149255,0.019100219577025748,8.245952876493462e-6,0.006116649465373244,false
168,2008-11-25,OPTIMAL,OPTIMAL,0.005748166,0.003610417,0.02296169706530638,0.022962311414675328,6.14349368946443e-7,0.004322023506782676,false
169,2008-12-26,OPTIMAL,OPTIMAL,0.004097583,0.002849625,0.02479923168618051,0.024696609241995078,0.00010262244418543162,0.014469006646185157,false
170,2009-01-28,OPTIMAL,OPTIMAL,0.003953958,0.003234958,0.02544543699283647,0.025324220129087017,0.00012121686374945428,0.01442801032233811,false
171,2009-02-27,OPTIMAL,OPTIMAL,0.004421,0.003598416,0.026816651664649856,0.026712647188268036,0.0001040044763818207,0.0073935663388008,false
172,2009-03-30,OPTIMAL,OPTIMAL,0.004907417,0.003924958,0.028153612618717495,0.02808336416026532,7.024845845217398e-5,0.014927009893715747,false
173,2009-04-29,OPTIMAL,OPTIMAL,0.00421175,0.002835625,0.028475989203952196,0.028267969862967316,0.00020801934098487948,0.013240012294402607,false
174,2009-05-29,OPTIMAL,OPTIMAL,0.003975916,0.003192,0.02876548110759117,0.028466982544810632,0.00029849856278053866,0.023220666235534794,false
175,2009-06-29,OPTIMAL,OPTIMAL,0.004330375,0.002821167,0.029046972882688458,0.028901111119588666,0.0001458617630997923,0.01368036227922852,false
176,2009-07-29,OPTIMAL,OPTIMAL,0.004708334,0.003229375,0.029332160120874477,0.029146718321175928,0.00018544179969854843,0.015282741376646992,false
177,2009-08-27,OPTIMAL,OPTIMAL,0.004302584,0.002813083,0.02932886399735337,0.029318904182156512,9.95981519685829e-6,0.001259574527807074,false
178,2009-09-28,OPTIMAL,OPTIMAL,0.003988959,0.002714083,0.029321325034958965,0.02899231291455148,0.0003290121204074861,0.023468208846551483,false
179,2009-10-27,OPTIMAL,OPTIMAL,0.004405042,0.002976333,0.02935085355617655,0.02912435479681809,0.00022649875935846012,0.016579099282967715,false
180,2009-11-25,OPTIMAL,OPTIMAL,0.00397725,0.002827875,0.02945937295807273,0.0292400707598065,0.0002193021982662309,0.017419287493097884,false
181,2009-12-28,OPTIMAL,OPTIMAL,0.004512208,0.003883042,0.029448860789049684,0.02944200927749055,6.8515115591340214e-6,0.0008278907116102332,true
182,2010-01-28,OPTIMAL,OPTIMAL,0.004676458,0.003727667,0.029516581800643527,0.029508682362290817,7.89943835271048e-6,0.0009174813821174494,true
183,2010-03-01,OPTIMAL,OPTIMAL,0.006094917,0.0035175,0.029678850398624192,0.029667424100363708,1.1426298260484163e-5,0.0013714203409166475,false
184,2010-03-30,OPTIMAL,OPTIMAL,0.004192792,0.002902833,0.02964573368904507,0.02960836825784812,3.736543119695068e-5,0.007661122145351511,false
185,2010-04-29,OPTIMAL,OPTIMAL,0.0046925,0.003325625,0.031599480611115734,0.030905759326611257,0.0006937212845044768,0.04493547593625173,false
186,2010-05-28,OPTIMAL,OPTIMAL,0.00421025,0.003291375,0.030446456212142117,0.03037260907320857,7.384713893354711e-5,0.010110563903437886,false
187,2010-06-29,OPTIMAL,OPTIMAL,0.00454675,0.003016584,0.03084141563662587,0.030831710623858026,9.70501276784455e-6,0.0013539752752989216,false
188,2010-07-29,OPTIMAL,OPTIMAL,0.004646709,0.003417291,0.031096718481219334,0.031087970307910592,8.748173308741752e-6,0.0012404200747735108,false
189,2010-08-27,OPTIMAL,OPTIMAL,0.004251792,0.003135625,0.031271801713967484,0.03093575921922364,0.0003360424947438448,0.03079052813225151,false
190,2010-09-28,OPTIMAL,OPTIMAL,0.004088542,0.003558333,0.03133518213129905,0.03132427984340806,1.090228789098896e-5,0.001444519995452453,false
191,2010-10-27,OPTIMAL,OPTIMAL,0.005039292,0.003012625,0.031236222717992333,0.031167158533215927,6.90641847764066e-5,0.007775502235316437,false
192,2010-11-26,OPTIMAL,OPTIMAL,0.005343625,0.00345775,0.03127147920451563,0.03127214628190511,6.670773894795756e-7,0.0004163837796998749,true
193,2010-12-28,OPTIMAL,OPTIMAL,0.004230084,0.00325,0.031847678717942966,0.03177866616097059,6.901255697237818e-5,0.004771253040910376,false
194,2011-01-27,OPTIMAL,OPTIMAL,0.003980458,0.002972417,0.03195119241078411,0.031900480063190385,5.0712347593726004e-5,0.009698562854232822,false
195,2011-02-28,OPTIMAL,OPTIMAL,0.004089167,0.002962083,0.03177797412710593,0.031291208883772736,0.000486765243333194,0.04090745859878653,false
196,2011-03-29,OPTIMAL,OPTIMAL,0.00461325,0.003432625,0.031387039763249296,0.03127661463916828,0.00011042512408101363,0.06403156238742573,false
197,2011-04-28,OPTIMAL,OPTIMAL,0.004178917,0.003125,0.03135980933549052,0.031338293041004904,2.151629448561565e-5,0.003611941097479019,false
198,2011-05-27,OPTIMAL,OPTIMAL,0.005828625,0.003833791,0.03126991854867817,0.031256775537857384,1.3143010820788892e-5,0.0017100666489061947,false
199,2011-06-28,OPTIMAL,OPTIMAL,0.004605667,0.003265208,0.03135998518654483,0.031340394036088716,1.9591150456112205e-5,0.0020826073409259014,false
200,2011-07-28,OPTIMAL,OPTIMAL,0.0046135,0.003230125,0.0313101513168537,0.03126696483207799,4.31864847757063e-5,0.004655460406555923,false
201,2011-08-26,OPTIMAL,OPTIMAL,0.004604792,0.002792375,0.03334567222478327,0.033330113780670856,1.5558444112412362e-5,0.0009863968547098557,true
202,2011-09-27,OPTIMAL,OPTIMAL,0.004141875,0.0038095,0.03396955050537169,0.03395245445649156,1.7096048880130277e-5,0.0008868996980964961,true
203,2011-10-26,OPTIMAL,OPTIMAL,0.004447833,0.003515125,0.034474902455222375,0.034452107114011414,2.279534121096133e-5,0.0011784632348525866,false
204,2011-11-25,OPTIMAL,OPTIMAL,0.0042,0.002961792,0.034981075697355105,0.03495547872908652,2.5596968268586096e-5,0.0012486217942341382,false
205,2011-12-27,OPTIMAL,OPTIMAL,0.005081667,0.00359175,0.03533483228197519,0.03530529123628439,2.954104569079935e-5,0.0014113655659156964,false
206,2012-01-27,OPTIMAL,OPTIMAL,0.005328917,0.003248958,0.035356975269857885,0.03532557929248763,3.139597737025768e-5,0.0015363315339873365,false
207,2012-02-28,OPTIMAL,OPTIMAL,0.00462375,0.002789917,0.03516225313064086,0.035130942417873255,3.1310712767601556e-5,0.0015272271172957093,false
208,2012-03-28,OPTIMAL,OPTIMAL,0.004039125,0.003836167,0.03502298512454981,0.03499080737394165,3.217775060816025e-5,0.0015726506884747866,false
209,2012-04-27,OPTIMAL,OPTIMAL,0.004313417,0.003673291,0.03511454060776092,0.03508183866685291,3.270194090800732e-5,0.0015913719920016343,false
210,2012-05-29,OPTIMAL,OPTIMAL,0.004569167,0.003501333,0.03516830174486624,0.035134843734367226,3.345801049901148e-5,0.0015939254333857632,false
211,2012-06-27,OPTIMAL,OPTIMAL,0.004755833,0.005280583,0.035207830188971584,0.03517237706577431,3.545312319727656e-5,0.0016735500317863455,false
212,2012-07-27,OPTIMAL,OPTIMAL,0.005820834,0.003940625,0.03510868778947221,0.035070641433963934,3.804635550827551e-5,0.001790928421941152,false
213,2012-08-27,OPTIMAL,OPTIMAL,0.006871333,0.003727708,0.034656658301930154,0.03461723276423353,3.942553769662599e-5,0.0018642682038370584,false
214,2012-09-26,OPTIMAL,OPTIMAL,0.004378709,0.002941041,0.03456966638046951,0.034529510119491603,4.015626097790548e-5,0.001896675726593931,false
215,2012-10-25,OPTIMAL,OPTIMAL,0.0049395,0.003472584,0.0345849281721235,0.034543874146539914,4.1054025583582565e-5,0.0019491684624744687,false
216,2012-11-28,OPTIMAL,OPTIMAL,0.004578208,0.003225875,0.034312107012729326,0.03427366520888482,3.844180384450502e-5,0.0018280597313863032,false
217,2012-12-28,OPTIMAL,OPTIMAL,0.004314,0.002892,0.034224143181866985,0.03418817480626297,3.5968375604017444e-5,0.001718097961379415,false
218,2013-01-30,OPTIMAL,OPTIMAL,0.004771959,0.003158375,0.03382423042755097,0.03379160375182262,3.262667572834915e-5,0.0015456734805610493,false
219,2013-03-01,OPTIMAL,OPTIMAL,0.004420875,0.003497167,0.033587934489058266,0.03355787548308869,3.0059005969577945e-5,0.0014314227900587924,false
220,2013-04-02,OPTIMAL,OPTIMAL,0.004086166,0.002883709,0.03319490782944482,0.033168261235107174,2.6646594337646767e-5,0.0013074915826866288,false
221,2013-05-01,OPTIMAL,OPTIMAL,0.004849375,0.003046334,0.03334768680737366,0.03332198247323991,2.570433413374984e-5,0.001271847461241411,false
222,2013-05-31,OPTIMAL,OPTIMAL,0.005014666,0.003415167,0.03338322250712335,0.03335908762981662,2.4134877306729308e-5,0.001209967300187785,false
223,2013-07-01,OPTIMAL,OPTIMAL,0.004276042,0.003134458,0.03339466442960084,0.03337141059717798,2.3253832422860665e-5,0.0011864586617184789,false
224,2013-07-31,OPTIMAL,OPTIMAL,0.004193417,0.002911875,0.03325732777300822,0.03262894132942736,0.0006283864435808612,0.03807496813355273,false
225,2013-08-29,OPTIMAL,OPTIMAL,0.005144708,0.003353459,0.03296019542571423,0.03232377077073868,0.0006364246549755495,0.04113338575982361,false
226,2013-09-30,OPTIMAL,OPTIMAL,0.004481333,0.003101417,0.032999884411745055,0.03296246848168193,3.7415930063122715e-5,0.0052958957196856775,false
227,2013-10-29,OPTIMAL,OPTIMAL,0.00496275,0.0038745,0.029757867600797374,0.029509939102098426,0.00024792849869894815,0.03824405482267398,false
228,2013-11-27,OPTIMAL,OPTIMAL,0.00608125,0.003948084,0.025236541170470344,0.025054701358933205,0.00018183981153713918,0.026918663146356336,false
229,2013-12-30,OPTIMAL,OPTIMAL,0.004602542,0.003619166,0.024832747719963046,0.024742418412532472,9.032930743057416e-5,0.031082702491301174,false
230,2014-01-30,OPTIMAL,OPTIMAL,0.004889833,0.003048459,0.023453191159305393,0.023434930026138837,1.8261133166556226e-5,0.010653670502667375,false
231,2014-03-03,OPTIMAL,OPTIMAL,0.004203542,0.002988667,0.02436472556181202,0.024309781695154693,5.4943866657327506e-5,0.02164825946004497,false
232,2014-04-01,OPTIMAL,OPTIMAL,0.0044255,0.003879666,0.021158164725795632,0.021088952369051867,6.921235674376552e-5,0.03142340225952548,false
233,2014-05-01,OPTIMAL,OPTIMAL,0.004393708,0.00315625,0.01754000079842173,0.017507190895631065,3.280990279066684e-5,0.037443688228144714,false
234,2014-06-02,OPTIMAL,OPTIMAL,0.004038917,0.002875375,0.01634766191811989,0.016356095246631452,8.433328511563837e-6,0.021518381360702013,false
235,2014-07-01,OPTIMAL,OPTIMAL,0.004126292,0.003245083,0.01727479317508393,0.017250627416277597,2.4165758806333343e-5,0.04407124591251882,false
236,2014-07-31,OPTIMAL,OPTIMAL,0.004576833,0.002990125,0.015884335845985306,0.015859548753653047,2.478709233225823e-5,0.046671504771431754,false
237,2014-08-29,OPTIMAL,OPTIMAL,0.004127583,0.002925583,0.015108998201199285,0.0149311568403401,0.0001778413608591843,0.07535924328884107,false
238,2014-09-30,OPTIMAL,OPTIMAL,0.003946209,0.003267333,0.014638305584130536,0.014613482055543449,2.48235285870875e-5,0.07582977117956247,false
239,2014-10-29,OPTIMAL,OPTIMAL,0.005287458,0.0027235,0.014730399838158369,0.014715667507438504,1.4732330719864628e-5,0.0734391264237431,false
240,2014-11-28,OPTIMAL,OPTIMAL,0.005339083,0.003982958,0.01445027260151656,0.014405356728412118,4.491587310444245e-5,0.0424080293662052,false
241,2014-12-30,OPTIMAL,OPTIMAL,0.004977625,0.003075416,0.014608621330524521,0.014487967328892844,0.00012065400163167699,0.04183315392700277,false
242,2015-01-30,OPTIMAL,OPTIMAL,0.004542375,0.004754541,0.01476818900090896,0.014667432437473368,0.00010075656343559204,0.03410793134654062,false
243,2015-03-03,OPTIMAL,OPTIMAL,0.006318167,0.003568583,0.014552546321400019,0.01445942437574147,9.312194565854956e-5,0.0386542942305074,false
244,2015-04-01,OPTIMAL,OPTIMAL,0.00408,0.002782959,0.014806255577476037,0.014725868527272423,8.038705020361331e-5,0.03638228203006432,false
245,2015-05-01,OPTIMAL,OPTIMAL,0.004130292,0.003222708,0.014770293916766493,0.014695782359495898,7.451155727059532e-5,0.04080495429753977,false
246,2015-06-02,OPTIMAL,OPTIMAL,0.003994333,0.002849167,0.013969842796264889,0.01389815220410793,7.169059215695814e-5,0.04794967138640237,false
247,2015-07-01,OPTIMAL,OPTIMAL,0.003940792,0.003393041,0.013572821124460918,0.013573315891847959,4.947673870412533e-7,0.0006186547419656123,true
248,2015-07-31,OPTIMAL,OPTIMAL,0.00446475,0.002878584,0.013377508269987803,0.013371550915808229,5.957354179573701e-6,0.024152991103259785,false
249,2015-08-31,OPTIMAL,OPTIMAL,0.004679708,0.003437125,0.013958850459457158,0.013950680779969554,8.169679487603915e-6,0.026517949881222698,false
250,2015-09-30,OPTIMAL,OPTIMAL,0.004578833,0.00337675,0.014172816379072249,0.014162923132754518,9.893246317730503e-6,0.018420827696109674,false
251,2015-10-29,OPTIMAL,OPTIMAL,0.005385083,0.003081625,0.014307071968109616,0.014311322435458929,4.250467349312809e-6,0.016652843946223524,false
252,2015-11-30,OPTIMAL,OPTIMAL,0.005329084,0.003328916,0.014340189214539091,0.014337756260836124,2.432953702967422e-6,0.03089673465064185,false
253,2015-12-30,OPTIMAL,OPTIMAL,0.004088458,0.003283167,0.014675748230729818,0.014676582696184206,8.344654543884777e-7,0.027960648089846017,false
254,2016-02-01,OPTIMAL,OPTIMAL,0.004205625,0.003159875,0.015146010977299864,0.015156620870837292,1.0609893537428042e-5,0.025035503266197707,false
255,2016-03-02,OPTIMAL,OPTIMAL,0.004297208,0.002902833,0.015280041350880784,0.015283599292398854,3.557941518069624e-6,0.03243870323535702,false
256,2016-04-01,OPTIMAL,OPTIMAL,0.004394208,0.0028575,0.015132800802827516,0.015134398581161659,1.5977783341426799e-6,0.030682956505452594,false
257,2016-05-02,OPTIMAL,OPTIMAL,0.0047965,0.00328225,0.015226862136608305,0.015240782709636852,1.3920573028547087e-5,0.031139551527195893,false
258,2016-06-01,OPTIMAL,OPTIMAL,0.006255208,0.003838333,0.015316102796176914,0.015328056608482377,1.1953812305462788e-5,0.024446584450608204,false
259,2016-06-30,OPTIMAL,OPTIMAL,0.0043055,0.003499459,0.01531063291380797,0.015315216338227335,4.583424419364948e-6,0.029997668220830984,false
260,2016-08-01,OPTIMAL,OPTIMAL,0.004505,0.003522833,0.01520138053493287,0.01520556213035928,4.181595426410237e-6,0.02864638076745389,false
261,2016-08-30,OPTIMAL,OPTIMAL,0.005181625,0.003663667,0.01315097701532693,0.013142053281304767,8.923734022163454e-6,0.029273821920698318,false
262,2016-09-29,OPTIMAL,OPTIMAL,0.005278708,0.003502834,0.012867280220853037,0.012854411062494344,1.28691583586929e-5,0.02704206061538169,false
263,2016-10-28,OPTIMAL,OPTIMAL,0.004426041,0.003052334,0.012375295354653898,0.01236310737906125,1.2187975592648642e-5,0.019144398573935205,false
264,2016-11-29,OPTIMAL,OPTIMAL,0.00419,0.003482125,0.012063115860359349,0.012061744483731573,1.3713766277758527e-6,0.046102912792091555,false
265,2016-12-29,OPTIMAL,OPTIMAL,0.00410275,0.002949125,0.01175821478942455,0.011753613500073931,4.601289350618029e-6,0.06328620094027404,false
266,2017-01-31,OPTIMAL,OPTIMAL,0.00520225,0.003139916,0.011743405072346969,0.011735493114554971,7.911957791997826e-6,0.04775534202911568,false
267,2017-03-02,OPTIMAL,OPTIMAL,0.00487725,0.002883291,0.011738889018423463,0.011731101761210517,7.787257212945806e-6,0.06100179943786377,false
268,2017-03-31,OPTIMAL,OPTIMAL,0.004536833,0.003397167,0.011696576536941164,0.01168825497416107,8.32156278009373e-6,0.05474858334247276,false
269,2017-05-02,OPTIMAL,OPTIMAL,0.004189584,0.003000042,0.01155325243978472,0.011543900374961768,9.352064822953227e-6,0.0596887975856257,false
270,2017-06-01,OPTIMAL,OPTIMAL,0.004441625,0.002984583,0.011451954850353389,0.011441591783510974,1.0363066842414628e-5,0.059731251524002944,false
271,2017-06-30,OPTIMAL,OPTIMAL,0.004279125,0.003157833,0.011233438863685075,0.011222651829922752,1.0787033762322748e-5,0.06216869507908105,false
272,2017-08-01,OPTIMAL,OPTIMAL,0.004630041,0.003312167,0.011089801273890264,0.01107179809881598,1.8003175074284006e-5,0.060339262913594045,false
273,2017-08-30,OPTIMAL,OPTIMAL,0.006191917,0.003705334,0.01102969493490875,0.011019010926272147,1.0684008636603973e-5,0.08654312507747028,false
274,2017-09-29,OPTIMAL,OPTIMAL,0.004177875,0.00359075,0.01096625751154996,0.010932808993170489,3.344851837947145e-5,0.05944515869791181,false
275,2017-10-30,OPTIMAL,OPTIMAL,0.004283125,0.002870417,0.010859562274360099,0.01082875747641487,3.080479794522785e-5,0.07289025566580017,false
276,2017-11-29,OPTIMAL,OPTIMAL,0.004545459,0.002920833,0.010697781829565177,0.010687118369356234,1.0663460208943168e-5,0.07145628429121939,false
277,2017-12-29,OPTIMAL,OPTIMAL,0.003976417,0.002766834,0.01058048248493375,0.010576411637405731,4.070847528018368e-6,0.08356681433890559,false
278,2018-01-31,OPTIMAL,OPTIMAL,0.004203959,0.003146458,0.010511641317520817,0.01048720540509862,2.443591242219656e-5,0.07754116449137308,false
279,2018-03-02,OPTIMAL,OPTIMAL,0.00398725,0.00281825,0.011157519766883967,0.011154814495587313,2.7052712966539605e-6,0.048899070808062634,false
280,2018-04-03,OPTIMAL,OPTIMAL,0.00432775,0.003385667,0.011417814231078058,0.011417286962099385,5.272689786728346e-7,0.04741398850083284,false
281,2018-05-02,OPTIMAL,OPTIMAL,0.004506417,0.002902875,0.011502717862121675,0.011496438702188987,6.27915993268828e-6,0.025291122130151774,false
282,2018-06-01,OPTIMAL,OPTIMAL,0.0043275,0.002917125,0.011410506491400832,0.011401626235254361,8.880256146471394e-6,0.021342928530300915,false
283,2018-07-02,OPTIMAL,OPTIMAL,0.004346375,0.002825875,0.011067578866072953,0.011056720248232543,1.0858617840409784e-5,0.023925938498756103,false
284,2018-08-01,OPTIMAL,OPTIMAL,0.004016667,0.003345875,0.010936121820247542,0.010930560147513257,5.561672734284359e-6,0.03181633687435621,false
285,2018-08-30,OPTIMAL,OPTIMAL,0.004804125,0.00337225,0.01082137710323623,0.010807566382477915,1.3810720758315395e-5,0.04315960773321006,false
286,2018-10-01,OPTIMAL,OPTIMAL,0.004322583,0.003324,0.010701159090289738,0.010691922198754018,9.236891535719521e-6,0.07710629945912378,false
287,2018-10-30,OPTIMAL,OPTIMAL,0.004497292,0.00315625,0.010899322241012465,0.010894388398283801,4.9338427286632625e-6,0.07880766197589271,false
288,2018-11-29,OPTIMAL,OPTIMAL,0.006159,0.004250667,0.010978522171006998,0.01097013085741694,8.391313590058389e-6,0.06728316284871003,false
289,2019-01-02,OPTIMAL,OPTIMAL,0.00473625,0.003300833,0.011547075504237897,0.011537136290040526,9.939214197370386e-6,0.023012733121145854,false
290,2019-02-01,OPTIMAL,OPTIMAL,0.004279792,0.003307167,0.011657304433583964,0.011644284273283784,1.302016030018012e-5,0.018450157152361386,false
291,2019-03-05,OPTIMAL,OPTIMAL,0.005012916,0.003222459,0.011473576793581883,0.011458228836445152,1.5347957136731608e-5,0.03429245514522372,false
292,2019-04-03,OPTIMAL,OPTIMAL,0.004675125,0.002968292,0.011499583014704417,0.011480712057270116,1.8870957434300936e-5,0.03648635585382508,false
293,2019-05-03,OPTIMAL,OPTIMAL,0.004117833,0.003885625,0.011467875170532334,0.011453027776324166,1.4847394208167969e-5,0.04224414590924196,false
294,2019-06-04,OPTIMAL,OPTIMAL,0.004586333,0.003160333,0.011605229650342986,0.011591620835681118,1.3608814661867502e-5,0.027086722411973897,false
295,2019-07-03,OPTIMAL,OPTIMAL,0.004199292,0.002846667,0.011663126949896255,0.01165326440481376,9.862545082494137e-6,0.029266864325774477,false
296,2019-08-02,OPTIMAL,OPTIMAL,0.005226584,0.003331375,0.011757180674803743,0.011747827635044639,9.353039759104134e-6,0.022754816082442706,false
297,2019-09-03,OPTIMAL,OPTIMAL,0.004805084,0.003554042,0.012040791532265028,0.012031300675371951,9.49085689307648e-6,0.0206036384390727,false
298,2019-10-02,OPTIMAL,OPTIMAL,0.004388042,0.0031365,0.012036734136910544,0.012023037351069707,1.3696785840837389e-5,0.028901797474855873,false
299,2019-10-31,OPTIMAL,OPTIMAL,0.004168917,0.00282775,0.011810568265400117,0.011792921167216797,1.7647098183319956e-5,0.03162045147882116,false
300,2019-12-02,OPTIMAL,OPTIMAL,0.004862625,0.003258625,0.01181067462199375,0.011795729595404536,1.4945026589214053e-5,0.03371945547889129,false
301,2020-01-02,OPTIMAL,OPTIMAL,0.004594584,0.002929125,0.01153789348451592,0.01152499402257632,1.2899461939599663e-5,0.032440956994843825,false
302,2020-02-03,OPTIMAL,OPTIMAL,0.00443375,0.003937667,0.011323859539188534,0.011310149976318783,1.3709562869751446e-5,0.03421100317425329,false
303,2020-03-04,OPTIMAL,OPTIMAL,0.006027083,0.004342333,0.012814705869351493,0.012803053875186059,1.165199416543368e-5,0.028524571221130626,false
304,2020-04-02,OPTIMAL,OPTIMAL,0.004768833,0.003474375,0.023730416020018998,0.023715237028144782,1.5178991874215814e-5,0.0028105490706768314,false
305,2020-05-04,OPTIMAL,OPTIMAL,0.0041405,0.003789291,0.0253171067424736,0.025297025975746835,2.008076672676412e-5,0.006816661033008006,false
306,2020-06-03,OPTIMAL,OPTIMAL,0.003945208,0.003342458,0.025723422497374117,0.025702164579318,2.125791805611746e-5,0.010463721869244436,false
307,2020-07-02,OPTIMAL,OPTIMAL,0.00529475,0.003170125,0.02646376200738804,0.026448032410368347,1.5729597019693148e-5,0.008915195777498181,false
308,2020-08-03,OPTIMAL,OPTIMAL,0.005382125,0.003204625,0.026439709826424795,0.026424704986886215,1.5004839538580034e-5,0.009373752911851064,false
309,2020-09-01,OPTIMAL,OPTIMAL,0.004670875,0.003585291,0.0256241240926237,0.02559765649690978,2.6467595713917935e-5,0.010294781717363167,false
310,2020-10-01,OPTIMAL,OPTIMAL,0.004074458,0.002980084,0.025627042437413462,0.025635171189597537,8.12875218407505e-6,0.022948599170499222,false
311,2020-10-30,OPTIMAL,OPTIMAL,0.005302042,0.003888625,0.025847810922088273,0.025836396743267737,1.1414178820536025e-5,0.01267872239471189,false
312,2020-12-01,OPTIMAL,OPTIMAL,0.004757833,0.003321167,0.02606377272747933,0.026028745841365514,3.502688611381477e-5,0.004081097566284631,false
313,2020-12-31,OPTIMAL,OPTIMAL,0.004203833,0.003686375,0.026188988865705143,0.02608857417428645,0.00010041469141869319,0.018967921641962107,false
314,2021-02-02,OPTIMAL,OPTIMAL,0.004405625,0.003590708,0.026600281727691185,0.0265822375480499,1.8044179641286268e-5,0.003230902741747866,false
315,2021-03-04,OPTIMAL,OPTIMAL,0.004769542,0.003260291,0.026911777614021557,0.026906937309804542,4.840304217015173e-6,0.009504460217751656,false
316,2021-04-05,OPTIMAL,OPTIMAL,0.00393475,0.002963833,0.0270849322362996,0.027085291814345915,3.59578046314063e-7,0.01311603360564115,false
317,2021-05-04,OPTIMAL,OPTIMAL,0.004136875,0.003435375,0.026994158368043326,0.026993931644410794,2.2672363253137262e-7,0.009098922442749414,false
318,2021-06-03,OPTIMAL,OPTIMAL,0.006302375,0.003750167,0.02740392956241302,0.027399392650262925,4.536912150094469e-6,0.012154783971792477,false
319,2021-07-02,OPTIMAL,OPTIMAL,0.00472125,0.002923083,0.026721664424894466,0.026707231174385344,1.4433250509121587e-5,0.015380816330817415,false
320,2021-08-03,OPTIMAL,OPTIMAL,0.004115625,0.003424708,0.02680218599187089,0.02678596244772882,1.6223544142070917e-5,0.016997355497181905,false
321,2021-09-01,OPTIMAL,OPTIMAL,0.004598417,0.003912666,0.026738344547147637,0.026744164617032926,5.820069885288659e-6,0.005536024559531698,false
322,2021-10-01,OPTIMAL,OPTIMAL,0.004791167,0.003088,0.026837864308168292,0.02682250120465087,1.5363103517421206e-5,0.003469605001870267,false
323,2021-11-01,OPTIMAL,OPTIMAL,0.004126042,0.006221417,0.026934158997931897,0.02691672253577849,1.743646215340497e-5,0.0034551895589087908,false
324,2021-12-01,OPTIMAL,OPTIMAL,0.004702209,0.003707292,0.026232678689238016,0.026216952895163948,1.5725794074068072e-5,0.004643735223043274,false
325,2021-12-31,OPTIMAL,OPTIMAL,0.004641166,0.003070542,0.026287221351597105,0.026273322440196006,1.3898911401098724e-5,0.009014797855092911,false
326,2022-02-01,OPTIMAL,OPTIMAL,0.005250334,0.003457041,0.026514514805509013,0.02650302637570783,1.1488429801184696e-5,0.007207993565672987,false
327,2022-03-03,OPTIMAL,OPTIMAL,0.00449225,0.002912542,0.02727066730163744,0.027251165514442708,1.9501787194731168e-5,0.0063031985229914204,false
328,2022-04-01,OPTIMAL,OPTIMAL,0.004578583,0.002998042,0.027648354296743394,0.027634879145781673,1.3475150961721194e-5,0.002582045081319725,false
329,2022-05-03,OPTIMAL,OPTIMAL,0.004101459,0.0032645,0.028456672386756997,0.028447961500770814,8.710885986182304e-6,0.0031999437151031124,false
330,2022-06-02,OPTIMAL,OPTIMAL,0.005087417,0.003424541,0.029719878773726012,0.029709143208172157,1.0735565553855048e-5,0.00237657701068882,false
331,2022-07-05,OPTIMAL,OPTIMAL,0.004922084,0.002992041,0.0290805078890496,0.029057451403325184,2.3056485724416015e-5,0.0036364620600901837,false
332,2022-08-03,OPTIMAL,OPTIMAL,0.004776458,0.004217333,0.029978923778260565,0.029949817834724304,2.910594353626103e-5,0.0032286085930900636,false
333,2022-09-01,OPTIMAL,OPTIMAL,0.006477917,0.003794541,0.03035798813811775,0.03034010659529542,1.7881542822329594e-5,0.0024221303139822757,false
334,2022-10-03,OPTIMAL,OPTIMAL,0.004107541,0.002965459,0.030752384239871505,0.030741940280150048,1.0443959721457424e-5,0.0038778867365132086,false
335,2022-11-01,OPTIMAL,OPTIMAL,0.004364375,0.003717666,0.03133974417062556,0.03133317002420891,6.574146416644944e-6,0.00856687659135242,false
336,2022-12-01,OPTIMAL,OPTIMAL,0.004759708,0.003430125,0.03227676736264756,0.03223272353397299,4.404382867457396e-5,0.005009912069830881,false
337,2023-01-03,OPTIMAL,OPTIMAL,0.004444292,0.003462333,0.03180308031364057,0.03181075223692809,7.671923287523585e-6,0.01632806834289365,false
338,2023-02-02,OPTIMAL,OPTIMAL,0.004479667,0.003844708,0.033733744613861874,0.033675755726104276,5.798888775759847e-5,0.009273164287428597,false
339,2023-03-06,OPTIMAL,OPTIMAL,0.004160042,0.005995333,0.03274992156107765,0.03271141986981885,3.850169125880348e-5,0.012307703929897301,false
340,2023-04-04,OPTIMAL,OPTIMAL,0.005244042,0.004560291,0.03167570297281189,0.0316295153369073,4.618763590458902e-5,0.00931779220737984,false
341,2023-05-04,OPTIMAL,OPTIMAL,0.006787084,0.005274833,0.030811040588428342,0.0307999714453274,1.1069143100943257e-5,0.007964082906113452,false
342,2023-06-05,OPTIMAL,OPTIMAL,0.00600175,0.004207583,0.031046828188035412,0.03097864285854824,6.818532948717204e-5,0.013403390935777495,false
343,2023-07-06,OPTIMAL,OPTIMAL,0.005526792,0.004295916,0.031900431576365885,0.03179501203929633,0.00010541953706955792,0.012098842784359047,false
344,2023-08-04,OPTIMAL,OPTIMAL,0.005030167,0.004207666,0.03249330617051399,0.032360056226921556,0.0001332499435924353,0.011723143999984037,false
345,2023-09-05,OPTIMAL,OPTIMAL,0.005093458,0.006193375,0.032646104457966035,0.03255193125638215,9.417320158388448e-5,0.008175113575358734,false
346,2023-10-04,OPTIMAL,OPTIMAL,0.008834084,0.008049709,0.033090199986932134,0.03302044461332745,6.975537360468659e-5,0.005172436033481503,false
347,2023-11-02,OPTIMAL,OPTIMAL,0.005570167,0.00580425,0.03448764420210895,0.0344461556246685,4.148857744045581e-5,0.013611607087019575,false
348,2023-12-04,OPTIMAL,OPTIMAL,0.008313292,0.004158334,0.03507293637678513,0.035141457268652386,6.852089186725613e-5,0.009172189369595064,false
349,2024-01-04,OPTIMAL,OPTIMAL,0.004933333,0.003705834,0.03453369245490971,0.03461720035293775,8.350789802803738e-5,0.010840698823847117,false
350,2024-02-05,OPTIMAL,OPTIMAL,0.006019417,0.003320917,0.033019085771377014,0.03302397606964094,4.890298263927895e-6,0.007361931075472995,false
351,2024-03-06,OPTIMAL,OPTIMAL,0.005254042,0.003613458,0.03296638409052282,0.03294607245310616,2.0311637416663142e-5,0.005329255778984849,false
352,2024-04-05,OPTIMAL,OPTIMAL,0.005292833,0.003811167,0.033290301880368696,0.033239122808463986,5.117907190470977e-5,0.010864218375107171,false
353,2024-05-06,OPTIMAL,OPTIMAL,0.004626791,0.0035345,0.032882591393729746,0.03280516857244607,7.742282128367362e-5,0.007596675131373231,false
354,2024-06-05,OPTIMAL,OPTIMAL,0.005365792,0.003644791,0.03251013232015581,0.03249502086156111,1.5111458594702087e-5,0.004312854475020061,false
355,2024-07-08,OPTIMAL,OPTIMAL,0.004442167,0.003624208,0.032108764956140914,0.032092220625989244,1.6544330151670172e-5,0.004892880224681776,false
356,2024-08-06,OPTIMAL,OPTIMAL,0.005024083,0.003142417,0.03226308646552062,0.032222506911648706,4.057955387191253e-5,0.004678853357020081,false
357,2024-09-05,OPTIMAL,OPTIMAL,0.00404725,0.003107084,0.03159839746411409,0.03156604915288878,3.23483112253109e-5,0.0027191737902267374,false
358,2024-10-04,OPTIMAL,OPTIMAL,0.004414375,0.002762125,0.03227521644928815,0.032266298523067054,8.917926221096995e-6,0.003089434965722586,false
359,2024-11-04,OPTIMAL,OPTIMAL,0.004347625,0.002772166,0.031902318369952415,0.031879859307239314,2.2459062713101052e-5,0.0031125406638992837,false
360,2024-12-04,OPTIMAL,OPTIMAL,0.004654958,0.003771708,0.03262397369824262,0.03260530016037043,1.8673537872188062e-5,0.0026428693810846885,false
361,2025-01-06,OPTIMAL,OPTIMAL,0.004874708,0.003489083,0.032437961111514015,0.03240562068132326,3.2340430190756775e-5,0.0028234069462017607,false
362,2025-02-06,OPTIMAL,OPTIMAL,0.004852166,0.003696584,0.0322652073814932,0.0322638119851463,1.3953963469010011e-6,0.003389391945495129,false
363,2025-03-10,OPTIMAL,OPTIMAL,0.006326084,0.003546334,0.030788498763189284,0.030778255830505835,1.0242932683448419e-5,0.0035496027115377413,false
364,2025-04-08,OPTIMAL,OPTIMAL,0.00469625,0.003757625,0.022669731539773533,0.022655734807172926,1.3996732600607409e-5,0.003061781336033843,false
365,2025-05-08,OPTIMAL,OPTIMAL,0.004580542,0.003639041,0.019964401343132484,0.019943408339084794,2.0993004047689667e-5,0.0048017673555059,false
366,2025-06-09,OPTIMAL,OPTIMAL,0.0044485,0.003538875,0.018868483280413715,0.018855131871646537,1.335140876717808e-5,0.0035994352399200324,false
367,2025-07-10,OPTIMAL,OPTIMAL,0.004391625,0.002923666,0.017676319275332742,0.017666069894672804,1.0249380659937968e-5,0.009067610166255652,false
368,2025-08-08,OPTIMAL,OPTIMAL,0.004692875,0.003863708,0.017626451265966656,0.017618148079303075,8.303186663581597e-6,0.014015811642394557,false
369,2025-09-09,OPTIMAL,OPTIMAL,0.00502275,0.003512542,0.01731434411624873,0.017303547262224953,1.0796854023775726e-5,0.008694707850125041,false
370,2025-10-08,OPTIMAL,OPTIMAL,0.004678291,0.003299792,0.01670862473059498,0.016702274709452597,6.350021142381701e-6,0.006526489287227882,false
371,2025-11-06,OPTIMAL,OPTIMAL,0.004908708,0.003297458,0.016225539690642426,0.016216979337373597,8.560353268828591e-6,0.001215132003828824,false
372,2025-12-08,OPTIMAL,OPTIMAL,0.004613833,0.003010833,0.01557830717838232,0.015568911033120478,9.396145261842542e-6,0.0017714403035068776,false
373,2026-01-08,OPTIMAL,OPTIMAL,0.004603625,0.00403,0.015596869037677192,0.015589240759373341,7.6282783038512936e-6,0.0018034442397196991,false
374,2026-02-09,OPTIMAL,OPTIMAL,0.004570875,0.003420083,0.015209234198308191,0.01521176538926857,2.5311909603795146e-6,0.008035777792337016,false
375,2026-03-11,OPTIMAL,OPTIMAL,0.004495666,0.003203209,0.014742379688715173,0.014735451113118471,6.928575596702041e-6,0.008071919793989451,false
376,2026-04-10,OPTIMAL,OPTIMAL,0.004224959,0.002839666,0.014883893490237844,0.0148766137000296,7.27979020824325e-6,0.0034521327046925883,false
377,2026-05-11,OPTIMAL,OPTIMAL,0.004614292,0.003073375,0.014990196476810044,0.014979650946995084,1.0545529814959959e-5,0.008387038204553183,false
378,2026-06-10,OPTIMAL,OPTIMAL,0.005782125,0.003719125,0.015012852981858837,0.015003043921185923,9.809060672914122e-6,0.004517487642420646,false
