Window,Date,Food,Beer,Smoke,Games,Books,Hshld,Clths,Hlth,Chems,Txtls,Cnstr,Steel,FabPr,ElcEq,Autos,Carry,Mines,Coal,Oil,Util,Telcm,Servs,BusEq,Paper,Trans,Whlsl,Rtail,Meals,Fin,Other
1,1994-12-23,0.0,0.0,0.0,0.0,0.0,0.0,0.0,0.0,0.0,0.0,0.0,0.15,0.0,0.053745098076389906,0.0,0.0,0.15,0.0,0.12199642327358233,0.15,0.0,0.08917096146096523,0.15,0.0,0.0,0.0,0.0,0.0,0.13508751718906256,0.0
2,1995-01-25,0.0,0.0,0.0,0.0,0.0,0.0,0.0,0.0,0.0,0.0,0.0,0.15,0.0,0.0,0.007709569629930104,0.0,0.14277642087993322,0.0,0.1173628292822342,0.1321511802079025,0.0,0.15,0.15,0.0,0.0,0.0,0.0,0.0,0.15,0.0
3,1995-02-24,0.0,0.056805747671405005,0.0,0.0,0.0,0.0,0.0,0.0,0.0,0.0,0.0,0.15,0.0,0.10330183363823957,0.0,0.0,0.09335087918752588,0.0,0.14654153950282955,0.15,0.0,0.0,0.15,0.0,0.0,0.0,0.0,0.0,0.15,0.0
4,1995-03-27,0.0,0.0,0.0,0.0,0.0,0.0,0.0,0.0,0.0,0.0,0.0,0.14821065371383768,0.0,0.02522599113898905,0.0,0.0,0.15,0.0,0.11386767349615479,0.15,0.0,0.11269568165101854,0.15,0.0,0.0,0.0,0.0,0.0,0.15,0.0
5,1995-04-26,0.0,0.0,0.0,0.0,0.0,0.0,0.0,0.0,0.0,0.0,0.0,0.15,0.0,0.1295577069799626,0.0,0.0,0.15,0.0,0.1331154407320789,0.15,0.0,0.006328392906836289,0.1309984593811222,0.0,0.0,0.0,0.0,0.0,0.15,0.0
6,1995-05-25,0.0,0.0,0.0,0.0,0.0,0.0,0.0,0.0,0.0,0.0,0.0,0.15,0.0,0.09774399842581738,0.0,0.0,0.15,0.018174439197166523,0.11618014561196403,0.15,0.0,0.0,0.15,0.0,0.0,0.01790141676505207,0.0,0.0,0.15,0.0
7,1995-06-26,0.0,0.0,0.0,0.0,0.0,0.0,0.0,0.0,0.0,0.0,0.0,0.15,0.0,0.0,0.0,0.0,0.15,0.01643870548481607,0.08888885424141217,0.15,0.0,0.0,0.15,0.0499526948468488,0.0,0.09471974542692294,0.0,0.0,0.15,0.0
8,1995-07-26,0.0,0.0,0.0,0.0,0.0,0.0,0.0,0.0,0.0,0.0,0.0,0.15,0.0,0.0,0.0,0.0,0.15,0.0035084482311300786,0.08551473282244962,0.15,0.0,0.0,0.15,0.012835109324000504,0.0,0.1481417096224198,0.0,0.0,0.15,0.0
9,1995-08-24,0.0,0.0,0.0,0.0,0.0,0.0,0.0,0.0,0.0,0.0,0.0,0.0,0.04143628433707608,0.0,0.0,0.14737995603556034,0.054546293696644745,0.006637465930718829,0.15,0.15,0.15,0.15,0.0,0.0,0.0,0.15,0.0,0.0,0.0,0.0
10,1995-09-25,0.023636470388229008,0.0,0.0,0.0,0.0,0.0,0.0,0.0,0.0,0.0,0.0,0.0,0.0,0.06162240934019577,0.0,0.15,0.0,0.036388146335924326,0.15,0.15,0.15,0.06257710645757435,0.0,0.012586450004229956,0.12343908582204186,0.0,0.0,0.0,0.07975033165180477,0.0
11,1995-10-24,0.13832565251364515,0.13588859088322963,0.0,0.0,0.1441691956987767,0.0,0.0,0.0,0.0,0.03919507790943056,0.0,0.0,0.0,0.0,0.0,0.1389627365629222,0.01378015709363545,0.0,0.15,0.15,0.0,0.0,0.0,0.0,0.0,0.0,0.0,0.0,0.08967858933836027,0.0
12,1995-11-22,0.12034412683054346,0.15,0.0,0.0,0.15,0.013656778574448135,0.0,0.0,0.0,0.0,0.0,0.0,0.0,0.0,0.004867822205194326,0.15,0.009237641058414695,0.009275468505029656,0.15,0.15,0.0,0.0,0.0,0.0,0.026267892403058418,0.03378490372298737,0.0,0.0,0.032565366700323915,0.0
13,1995-12-22,0.15,0.14450884704627606,0.0,0.0,0.15,0.0,0.0,0.0,0.0,0.0,0.0,0.0,0.0,0.0,0.03361810620109256,0.15,0.02416334160275927,0.012393080107234333,0.15,0.15,0.0,0.0,0.0,0.0,0.035316625042637786,0.0,0.0,0.0,0.0,0.0
14,1996-01-24,0.1480117160551811,0.15,0.0,0.0,0.08153904271854605,0.003720355792187581,0.0,0.0,0.0,0.0,0.0,0.0,0.0,0.0,0.06053248781039787,0.15,0.06173060007594264,0.04446579754774494,0.15,0.15,0.0,0.0,0.0,0.0,0.0,0.0,0.0,0.0,0.0,0.0
15,1996-02-23,0.15,0.10238783264231921,0.0,0.0,0.15,0.0,0.0,0.0,0.0,0.0,0.0,0.0,0.0,0.0,0.0616168107147392,0.15,0.04509203999748937,0.03321153154556533,0.15,0.15,0.0,0.0,0.0,0.0,0.007691785099886854,0.0,0.0,0.0,0.0,0.0
16,1996-03-25,0.07373436127930981,0.009503252025738781,0.0,0.0,0.15,0.14377643379101923,0.0,0.0,0.0,0.0,0.0,0.0,0.0,0.0,0.0,0.15,0.03352502725751953,0.02121419836583406,0.14225970202886995,0.15,0.0,0.0,0.0,0.0,0.0,0.12598702525170846,0.0,0.0,0.0,0.0
17,1996-04-24,0.03272964741025103,0.05043518109333018,0.0,0.0,0.15,0.0882833864056561,0.0,0.0,0.020098286513355285,0.0,0.0,0.0,0.0,0.0,0.030401583658746883,0.15,0.10606016087915159,0.029704703376251515,0.07387077783947314,0.15,0.0,0.0,0.0,0.0,0.0,0.11841627282378436,0.0,0.0,0.0,0.0
18,1996-05-23,0.0309174801082377,0.05370429867684404,0.0,0.0,0.15,0.08514391586545982,0.0,0.0,0.009911805081558136,0.0,0.0,0.0,0.0,0.0,0.0,0.15,0.08376608166181568,0.040694432479687785,0.07900781795284505,0.15,0.0,0.0,0.0,0.0,0.01685416817355182,0.15,0.0,0.0,0.0,0.0
19,1996-06-24,0.046469891422125625,0.021438347893060126,0.0,0.0,0.15,0.11014566981113255,0.0,0.0,0.0,0.0,0.0,0.0,0.0,0.0,0.018671890240849087,0.15,0.0682925930463473,0.021466612473061957,0.11271297992028181,0.15,0.0,0.0,0.0,0.0,0.0008020151931415336,0.15,0.0,0.0,0.0,0.0
20,1996-07-24,0.0,0.0,0.0,0.0,0.06836436795940867,0.15,0.0,0.0,0.007435125828377098,0.0,0.0,0.0,0.0,0.0,0.0,0.15,0.09961041014926039,0.06393552524896058,0.12004801611411924,0.15,0.0,0.0,0.0,0.0,0.15,0.0406065546998741,0.0,0.0,0.0,0.0
21,1996-08-22,0.11031106716876689,0.0,0.0,0.0,0.15,0.0,0.0,0.0,0.0,0.0,0.0,0.0,0.0,0.0,0.09518286971729827,0.15,0.10966520437891943,0.03702124630391688,0.030649534418905437,0.15,0.0,0.0,0.0,0.0,0.15,0.01717007801219308,0.0,0.0,0.0,0.0
22,1996-09-23,0.1085836494767366,0.0,0.0,0.0,0.15,0.0,0.0,0.0,0.0,0.0,0.0,0.0,0.0,0.0,0.11343141015832235,0.15,0.10119484386863818,0.0,0.028032446587358484,0.15,0.0,0.0,0.0,0.0,0.04875764990894443,0.15,0.0,0.0,0.0,0.0
23,1996-10-22,0.15,0.0,0.0,0.0,0.15,0.02334471970852218,0.0,0.0,0.10946901426763095,0.0,0.0,0.0,0.0,0.0,0.04705420527739983,0.15,0.10671034901830143,0.031291540414428436,0.041826762384867586,0.06370350961080497,0.0,0.0,0.0,0.0,0.12659989931804466,0.0,0.0,0.0,0.0,0.0
24,1996-11-20,0.08827347092065221,0.0,0.0,0.0,0.15,0.12410234838784477,0.0,0.0,0.0,0.0,0.0,0.0,0.0,0.0,0.0033653957966026924,0.1367149920927747,0.06058394752936783,0.056177914621369444,0.1463463374094155,0.0,0.0,0.0,0.0,0.0,0.15,0.08443559324197264,0.0,0.0,0.0,0.0
25,1996-12-20,0.13516984968896667,0.0,0.0,0.0,0.15,0.15,0.0,0.0,0.0,0.0,0.0,0.0,0.0,0.0,0.04419207626249962,0.10111531483545648,0.07549431821305094,0.08294865486326478,0.15,0.01599823631157134,0.0,0.0,0.0,0.0,0.09433913727967311,0.0007424125455174059,0.0,0.0,0.0,0.0
26,1997-01-22,0.15,0.0,0.0,0.0,0.15,0.031120962610817142,0.0,0.0,0.0,0.0,0.0,0.0,0.0,0.0,0.15,0.11675357297323044,0.10240144298875782,0.07305730605725791,0.15,0.051705968831717734,0.0,0.0,0.0,0.0,0.02496074653821899,0.0,0.0,0.0,0.0,0.0
27,1997-02-21,0.15,0.0,0.0,0.0,0.15,0.03557646010775053,0.0,0.0,0.0,0.0,0.0,0.0,0.0,0.0,0.15,0.11120783998882543,0.10701999041001493,0.07044404326443497,0.14974610216192544,0.0500531823449817,0.0,0.0,0.0,0.0,0.0,0.025952381722066997,0.0,0.0,0.0,0.0
28,1997-03-24,0.15,0.0,0.0,0.0,0.15,0.004570238502308224,0.0,0.0,0.042316154378406245,0.0,0.0,0.0,0.0,0.0,0.15,0.09939780385843162,0.11313226067989551,0.056422941008873045,0.14338045042272354,0.061537219220719364,0.0,0.0,0.0,0.0,0.0,0.029242931928642333,0.0,0.0,0.0,0.0
29,1997-04-23,0.0,0.0,0.026751270860337982,0.0,0.0,0.13627371254905607,0.0,0.0,0.0,0.0,0.0,0.0,0.04158443105346844,0.0,0.12506835867681992,0.13740257787827695,0.12250428928391487,0.1241367413487199,0.13627861834940588,0.15,0.0,0.0,0.0,0.0,0.0,0.0,0.0,0.0,0.0,0.0
30,1997-05-22,0.014924325204733784,0.0,0.040543000083355415,0.0,0.0,0.051435866058267464,0.0,0.0,0.0,0.0,0.0,0.0,0.09821195860182946,0.022115769649556766,0.08165410077491508,0.15,0.1024239531213548,0.10753546436037968,0.15,0.15,0.0,0.0,0.03115556214560768,0.0,0.0,0.0,0.0,0.0,0.0,0.0
31,1997-06-23,0.009965014285977687,0.0,0.0061412309905359,0.0,0.0,0.0,0.0,0.0,0.0,0.0,0.07521388354954094,0.0,0.14398511087420954,0.0,0.12111741493512133,0.15,0.08770627489137699,0.0867550465464651,0.15,0.15,0.0,0.0,0.015262862663272746,0.0,0.0,0.0,0.0,0.0,0.003853161263499714,0.0
32,1997-07-23,0.013879443069227313,0.0,0.007318557720511166,0.0,0.0,0.0,0.0,0.0,0.0,0.0,0.07685124780801209,0.0,0.15,0.0,0.11797135197318911,0.15,0.08720585129344645,0.08283590981450738,0.15,0.15,0.0,0.0,0.013937638321106503,0.0,0.0,0.0,0.0,0.0,0.0,0.0
33,1997-08-21,0.0015589143808308486,0.0,0.01381759194539358,0.0,0.0,0.007312082355698492,0.0,0.0,0.0,0.0,0.14265576911227693,0.0,0.10346570541393757,0.0,0.11853505339846677,0.15,0.08159101814834398,0.08106386524505185,0.15,0.15,0.0,0.0,0.0,0.0,0.0,0.0,0.0,0.0,0.0,0.0
34,1997-09-22,0.03343749385883314,0.0,0.0,0.0,0.0,0.0,0.0,0.0,0.0,0.0,0.14396469016689908,0.0,0.0651848280454694,0.0,0.15,0.15,0.08143165202040864,0.07309816019861622,0.1466749018354754,0.15,0.0,0.0,0.0,0.0,0.0,0.0,0.0,0.0,0.006208273874298174,0.0
35,1997-10-21,0.020821115472585902,0.0,0.0,0.0,0.0,0.0,0.0,0.0,0.0,0.0,0.15,0.0,0.08610140708969045,0.0,0.14847735109506285,0.15,0.11193929052705534,0.07057841779350169,0.11208241802210378,0.15,0.0,0.0,0.0,0.0,0.0,0.0,0.0,0.0,0.0,0.0
36,1997-11-19,0.0,0.15,0.0,0.0,0.15,0.0,0.11093262501054081,0.0,0.0,0.0,0.0,0.0,0.0,0.15,0.0,0.0,0.0,0.15,0.0,0.15,0.0,0.0,0.0,0.0,0.0,0.0,0.0,0.0,0.1390673749894592,0.0
37,1997-12-19,0.0,0.15,0.0,0.0,0.15,0.0,0.1476677531752275,0.0,0.0,0.0,0.0,0.0,0.0,0.15,0.0,0.0,0.0,0.15,0.0,0.15,0.0,0.0,0.0,0.0,0.0,0.0,0.0,0.0,0.10233224682477249,0.0
38,1998-01-22,0.0,0.15,0.0,0.0,0.15,0.0,0.14933458489778922,0.0,0.0,0.0,0.0,0.0,0.0,0.15,0.0,0.0,0.0,0.15,0.0,0.15,0.0,0.0,0.0,0.0,0.0,0.0,0.0,0.0,0.10066541510221078,0.0
39,1998-02-23,0.0,0.15,0.0,0.0,0.15,0.0,0.130679038987196,0.0,0.0,0.0,0.0,0.0,0.0,0.15,0.0,0.0,0.0,0.15,0.0,0.15,0.0,0.0,0.0,0.0,0.0,0.0,0.0,0.0,0.11932096101280401,0.0
40,1998-03-24,0.0,0.15,0.0,0.0,0.15,0.0,0.12945202425539487,0.0,0.0,0.0,0.0,0.0,0.0,0.15,0.0,0.0,0.0,0.15,0.0,0.15,0.0,0.0,0.0,0.0,0.0,0.0,0.0,0.0,0.12054797574460513,0.0
41,1998-04-23,0.0,0.15,0.0,0.0,0.15,0.0,0.11681288493065729,0.0,0.0,0.0,0.0,0.0,0.0,0.15,0.0,0.0,0.0,0.15,0.0,0.15,0.0,0.0,0.0,0.0,0.0,0.0,0.0,0.0,0.13318711506934272,0.0
42,1998-05-22,0.0,0.15,0.0,0.0,0.15,0.0,0.15,0.0,0.0,0.014305858806404528,0.0,0.0,0.0,0.15,0.0,0.0,0.0,0.15,0.0,0.15,0.0,0.0,0.0,0.0,0.0,0.0,0.0,0.0,0.08569414119359546,0.0
43,1998-06-23,0.0,0.15,0.0,0.0,0.15,0.0,0.15,0.0,0.0,0.03767308804284965,0.0,0.0,0.0,0.15,0.0,0.0,0.0,0.15,0.0,0.15,0.0,0.0,0.0,0.0,0.0,0.0,0.0,0.0,0.06232691195715033,0.0
44,1998-07-23,0.0,0.15,0.0,0.0,0.15,0.07610682801470321,0.15,0.0,0.0,0.023893171985296766,0.0,0.0,0.0,0.15,0.0,0.0,0.0,0.15,0.0,0.15,0.0,0.0,0.0,0.0,0.0,0.0,0.0,0.0,0.0,0.0
45,1998-08-21,0.0,0.15,0.0,0.0,0.15,0.15,0.15,0.0,0.0,0.024496488926614747,0.0,0.0,0.0,0.07550351107338524,0.0,0.0,0.0,0.15,0.0,0.15,0.0,0.0,0.0,0.0,0.0,0.0,0.0,0.0,0.0,0.0
46,1998-09-22,0.1465147070651254,0.006495742258547191,0.15,0.0,0.15,0.15,0.15,0.0,0.0,0.0969895506763273,0.0,0.0,0.0,0.0,0.0,0.0,0.0,0.0,0.0,0.15,0.0,0.0,0.0,0.0,0.0,0.0,0.0,0.0,0.0,0.0
47,1998-10-21,0.15,0.0,0.15,0.0,0.15,0.15,0.15,0.0,0.019262668750185487,0.054876374550852605,0.0,0.0,0.0,0.0,0.0,0.0,0.0,0.0,0.0,0.15,0.0,0.0,0.0,0.0,0.0,0.0,0.0,0.0,0.0,0.025860956698961886
48,1998-11-19,0.15,0.0,0.15,0.0,0.15,0.15,0.13624682160936627,0.0,0.06043635381082604,0.05331682457980769,0.0,0.0,0.0,0.0,0.0,0.0,0.0,0.0,0.0,0.15,0.0,0.0,0.0,0.0,0.0,0.0,0.0,0.0,0.0,0.0
49,1998-12-21,0.15,0.0,0.15,0.0,0.15,0.15,0.1403385145695926,0.0,0.0,0.04883368857094199,0.0,0.0,0.0,0.0,0.0,0.0,0.0,0.0,0.06082779685946542,0.15,0.0,0.0,0.0,0.0,0.0,0.0,0.0,0.0,0.0,0.0
50,1999-01-22,0.15,0.0,0.15,0.0,0.15,0.15,0.15,0.0,0.011511234592163178,0.005131672419213264,0.0,0.0,0.0,0.0,0.0,0.0,0.0,0.0,0.08335709298862354,0.15,0.0,0.0,0.0,0.0,0.0,0.0,0.0,0.0,0.0,0.0
51,1999-02-23,0.15,0.0,0.15,0.0,0.15,0.15,0.05359007290754049,0.0,0.0,0.0,0.0,0.0,0.0,0.033085158611567064,0.0,0.0,0.0,0.0,0.04715656735216018,0.15,0.0,0.0,0.0,0.0,0.0,0.0,0.0,0.0,0.0,0.11616820112873227
52,1999-03-24,0.15,0.0,0.15,0.0,0.15,0.15,0.0,0.0,0.0,0.007932428394764275,0.0,0.0,0.0,0.0,0.0,0.0,0.0,0.01928599324379821,0.07278157836143748,0.15,0.0,0.0,0.0,0.0,0.0,0.0,0.0,0.0,0.0,0.15
53,1999-04-23,0.15,0.0,0.15,0.0,0.15,0.14646768361955412,0.0,0.0,0.014995298324304537,0.0,0.0,0.0,0.0,0.08853701805614135,0.0,0.0,0.0,0.0,0.15,0.15,0.0,0.0,0.0,0.0,0.0,0.0,0.0,0.0,0.0,0.0
54,1999-05-24,0.15,0.0,0.15,0.0,0.15,0.15,0.0,0.0,0.0,0.0,0.0,0.0,0.0,0.019908200263472734,0.0,0.0,0.0,0.011079268057075478,0.15,0.15,0.0,0.0,0.0,0.0,0.0,0.0,0.0,0.0,0.0,0.06901253167945177
55,1999-06-23,0.15,0.0,0.15,0.0,0.15,0.1324026358190467,0.0,0.0,0.0,0.0,0.0,0.0,0.0,0.027915415692390397,0.0,0.0,0.0,0.0,0.15,0.15,0.0,0.0,0.0,0.0,0.0,0.0,0.0,0.0,0.0,0.0896819484885629
56,1999-07-23,0.15,0.0,0.15,0.0,0.15,0.1152965325621342,0.0,0.0,0.08080573086713508,0.0,0.0,0.0,0.0,0.05389773657073073,0.0,0.0,0.0,0.0,0.15,0.15,0.0,0.0,0.0,0.0,0.0,0.0,0.0,0.0,0.0,0.0
57,1999-08-23,0.15,0.0,0.10874385496407232,0.0,0.15,0.03220863289061551,0.0,0.0,0.15,0.0,0.0,0.0,0.0,0.07446966364075329,0.0,0.0,0.0,0.0,0.15,0.15,0.0,0.0,0.0,0.0,0.0,0.0,0.0,0.0,0.0,0.034577848504558875
58,1999-09-22,0.15,0.0,0.15,0.0,0.15,0.013228900385374226,0.0,0.0,0.15,0.0,0.0,0.0,0.0,0.08207533545633199,0.0,0.0,0.0,0.0,0.15,0.15,0.0,0.0,0.0,0.0,0.0,0.0,0.0,0.0,0.0,0.004695764158293772
59,1999-10-21,0.15,0.0,0.15,0.0,0.08513719603388163,0.0,0.0,0.0,0.15,0.0,0.0,0.0,0.0,0.1389015591767225,0.0,0.0,0.0,0.0,0.15,0.15,0.0,0.0,0.0,0.0,0.02596124478939585,0.0,0.0,0.0,0.0,0.0
60,1999-11-19,0.15,0.0,0.15,0.0,0.04430086149768074,0.0,0.0,0.0,0.15,0.0,0.0,0.0,0.0,0.15,0.0,0.0,0.0,0.0,0.15,0.15,0.05569913850231924,0.0,0.0,0.0,0.0,0.0,0.0,0.0,0.0,0.0
61,1999-12-21,0.15,0.0,0.033306057878514976,0.0,0.0,0.0,0.0,0.0,0.15,0.0,0.0,0.15,0.0,0.15,0.0,0.0,0.0,0.0,0.15,0.15,0.066693942121485,0.0,0.0,0.0,0.0,0.0,0.0,0.0,0.0,0.0
62,2000-01-21,0.15,0.0,0.0,0.0,0.15,0.0,0.0,0.0,0.12420971709717099,0.0,0.0,0.15,0.0,0.125790282902829,0.0,0.0,0.0,0.0,0.15,0.15,0.0,0.0,0.0,0.0,0.0,0.0,0.0,0.0,0.0,0.0
63,2000-02-22,0.15,0.0,0.0,0.0,0.11824817518248167,0.0,0.0,0.0,0.15,0.0,0.0,0.15,0.0,0.13175182481751835,0.0,0.0,0.0,0.0,0.15,0.15,0.0,0.0,0.0,0.0,0.0,0.0,0.0,0.0,0.0,0.0
64,2000-03-22,0.15,0.0,6.860301080240489e-5,0.0,0.15,0.0,0.0,0.0,0.15,0.0,0.0,0.15,0.0,0.09993139698919756,0.0,0.0,0.0,0.0,0.15,0.15,0.0,0.0,0.0,0.0,0.0,0.0,0.0,0.0,0.0,0.0
65,2000-04-20,0.15,0.0,0.0,0.0,0.15,0.0,0.0,0.0,0.14754241096506016,0.0,0.0,0.15,0.0,0.10245758903493983,0.0,0.0,0.0,0.0,0.15,0.15,0.0,0.0,0.0,0.0,0.0,0.0,0.0,0.0,0.0,0.0
66,2000-05-22,0.15,0.0,0.15,0.0,0.05410597863781428,0.0,0.0,0.0,0.0458940213621857,0.0,0.0,0.15,0.0,0.15,0.0,0.0,0.0,0.0,0.15,0.15,0.0,0.0,0.0,0.0,0.0,0.0,0.0,0.0,0.0,0.0
67,2000-06-21,0.15,0.0,0.15,0.0,0.15,0.0,0.0,0.0,0.01777996877824314,0.0,0.0,0.15,0.0,0.08222003122175683,0.0,0.0,0.0,0.0,0.15,0.15,0.0,0.0,0.0,0.0,0.0,0.0,0.0,0.0,0.0,0.0
68,2000-07-21,0.15,0.0,0.15,0.0,0.0,0.0,0.0,0.0,0.10991131795869205,0.0,0.0,0.15,0.0,0.14008868204130795,0.0,0.0,0.0,0.0,0.15,0.15,0.0,0.0,0.0,0.0,0.0,0.0,0.0,0.0,0.0,0.0
69,2000-08-21,0.15,0.0,0.15,0.0,0.0,0.0,0.0,0.0,0.1461980325985495,0.0,0.0,0.15,0.0,0.1038019674014505,0.0,0.0,0.0,0.0,0.15,0.15,0.0,0.0,0.0,0.0,0.0,0.0,0.0,0.0,0.0,0.0
70,2000-09-20,0.15,0.0,0.15,0.0,0.0,0.0,0.0,0.0,0.0,0.0,0.0,0.15,0.0,0.1056489427585598,0.0,0.0,0.0,0.0,0.15,0.15,0.0,0.0,0.0,0.0,0.0,0.0,0.0,0.0,0.0,0.1443510572414402
71,2000-10-19,0.15,0.0,0.15,0.0,0.036191499917314324,0.0,0.0,0.0,0.0,0.0,0.0,0.15,0.0,0.06380850008268565,0.0,0.0,0.0,0.0,0.15,0.15,0.0,0.0,0.0,0.0,0.0,0.0,0.0,0.0,0.0,0.15
72,2000-11-17,0.15,0.0,0.15,0.0,0.0,0.0,0.0,0.0,0.13283889767196758,0.0,0.0,0.15,0.0,0.11716110232803242,0.0,0.0,0.0,0.0,0.15,0.15,0.0,0.0,0.0,0.0,0.0,0.0,0.0,0.0,0.0,0.0
73,2000-12-19,0.15,0.0,0.15,0.0,0.1418773552586504,0.0,0.0,0.0,0.10812264474134961,0.0,0.0,0.15,0.0,0.0,0.0,0.0,0.0,0.0,0.15,0.15,0.0,0.0,0.0,0.0,0.0,0.0,0.0,0.0,0.0,0.0
74,2001-01-22,0.15,0.0,0.15,0.0,0.15,0.0,0.0,0.0,0.05040227629513332,0.0,0.0,0.15,0.0,0.049597723704866654,0.0,0.0,0.0,0.0,0.15,0.15,0.0,0.0,0.0,0.0,0.0,0.0,0.0,0.0,0.0,0.0
75,2001-02-21,0.15,0.0,0.15,0.0,0.15,0.0,0.0,0.0,0.0,0.0,0.0,0.15,0.0,0.0,0.0,0.0,0.0,0.008227333757331687,0.15,0.15,0.0,0.0,0.0,0.0,0.09177266624266829,0.0,0.0,0.0,0.0,0.0
76,2001-03-22,0.15,0.0,0.15,0.0,0.14752155172413803,0.0,0.0,0.0,0.10247844827586197,0.0,0.0,0.15,0.0,0.0,0.0,0.0,0.0,0.0,0.15,0.15,0.0,0.0,0.0,0.0,0.0,0.0,0.0,0.0,0.0,0.0
77,2001-04-23,0.15,0.0,0.15,0.0,0.12359873291571052,0.0,0.0,0.0,0.14287567521201394,0.0,0.0,0.13352559187227553,0.0,0.0,0.0,0.0,0.0,0.0,0.15,0.15,0.0,0.0,0.0,0.0,0.0,0.0,0.0,0.0,0.0,0.0
78,2001-05-22,0.15,0.0,0.15,0.0,0.15,0.0,0.0,0.0,0.0960754509395176,0.0,0.0,0.15,0.0,0.0,0.0,0.0,0.0,0.003924549060482382,0.15,0.15,0.0,0.0,0.0,0.0,0.0,0.0,0.0,0.0,0.0,0.0
79,2001-06-21,0.15,0.0,0.15,0.0,0.1349763224763227,0.0,0.0,0.0,0.11502367752367729,0.0,0.0,0.15,0.0,0.0,0.0,0.0,0.0,0.0,0.15,0.15,0.0,0.0,0.0,0.0,0.0,0.0,0.0,0.0,0.0,0.0
80,2001-07-23,0.15,0.0,0.15,0.0,0.15,0.0,0.0,0.0,0.0,0.0,0.0,0.11942086398792601,0.0,0.0,0.0,0.0,0.0,0.0,0.15,0.15,0.0,0.0,0.0,0.0,0.130579136012074,0.0,0.0,0.0,0.0,0.0
81,2001-08-21,0.15,0.0,0.15,0.0,0.11989674344718021,0.0,0.0,0.0,0.1301032565528198,0.0,0.0,0.15,0.0,0.0,0.0,0.0,0.0,0.0,0.15,0.15,0.0,0.0,0.0,0.0,0.0,0.0,0.0,0.0,0.0,0.0
82,2001-09-26,0.15,0.0,0.15,0.0,0.07066322945605841,0.0,0.0,0.0,0.15,0.0,0.0,0.08389860802167655,0.0,0.0,0.0,0.0,0.09543816252226503,0.0,0.15,0.15,0.0,0.0,0.0,0.0,0.0,0.0,0.0,0.0,0.0,0.0
83,2001-10-25,0.15,0.0,0.15,0.0,0.11140587396648098,0.0,0.0,0.0,0.08047589951504318,0.0,0.0,0.15,0.0,0.0,0.0,0.0,0.058118226518475855,0.0,0.15,0.15,0.0,0.0,0.0,0.0,0.0,0.0,0.0,0.0,0.0,0.0
84,2001-11-26,0.15,0.0,0.15,0.0,0.15,0.0,0.0,0.0,0.15,0.0,0.0,0.06561368946764136,0.0,0.0,0.0,0.0,0.034292875741663,9.343479069562212e-5,0.15,0.15,0.0,0.0,0.0,0.0,0.0,0.0,0.0,0.0,0.0,0.0
85,2001-12-26,0.15,0.0,0.15,0.0,0.15,0.0,0.0,0.0,0.15,0.0,0.0,0.06784219510882795,0.0,0.0,0.0,0.0,0.027593578690168045,0.004564226201003984,0.15,0.15,0.0,0.0,0.0,0.0,0.0,0.0,0.0,0.0,0.0,0.0
86,2002-01-28,0.15,0.0,0.15,0.0,0.15,0.0,0.0,0.0,0.15,0.0,0.0,0.033959238225961065,0.0,0.0,0.0,0.0,0.04385915451922613,0.0,0.15,0.15,0.0,0.0,0.0,0.0,0.022181607254812774,0.0,0.0,0.0,0.0,0.0
87,2002-02-27,0.15,0.0,0.15,0.0,0.1396085169318085,0.0,0.0,0.0,0.15,0.0,0.0,0.06837764472199898,0.0,0.0,0.0,0.0,0.042013838346192545,0.0,0.15,0.15,0.0,0.0,0.0,0.0,0.0,0.0,0.0,0.0,0.0,0.0
88,2002-03-28,0.15,0.0,0.15,0.0,0.14638084826103262,0.0,0.0,0.0,0.15,0.0,0.0,0.06577109079874183,0.0,0.0,0.0,0.0,0.03784806094022555,0.0,0.15,0.15,0.0,0.0,0.0,0.0,0.0,0.0,0.0,0.0,0.0,0.0
89,2002-04-29,0.15,0.0,0.15,0.0,0.1344068468947179,0.0,0.0,0.0,0.15,0.0,0.0,0.07175108232761093,0.0,0.0,0.0,0.0,0.0438420707776712,0.0,0.15,0.15,0.0,0.0,0.0,0.0,0.0,0.0,0.0,0.0,0.0,0.0
90,2002-05-29,0.15,0.0,0.15,0.0,0.12447329359840137,0.0,0.0,0.0,0.15,0.0,0.0,0.07629255389014443,0.0,0.0,0.0,0.0,0.04923415251145422,0.0,0.15,0.15,0.0,0.0,0.0,0.0,0.0,0.0,0.0,0.0,0.0,0.0
91,2002-06-27,0.15,0.0,0.15,0.0,0.12358860263662576,0.0,0.0,0.0,0.15,0.0,0.0,0.07688812143390303,0.0,0.0,0.0,0.0,0.04952327592947119,0.0,0.15,0.15,0.0,0.0,0.0,0.0,0.0,0.0,0.0,0.0,0.0,0.0
92,2002-07-29,0.12669947783772467,0.0,0.15,0.0,0.0,0.0,0.0,0.0,0.07887736137770313,0.0,0.0,0.0,0.0,0.0,0.0,0.0,0.15,0.0,0.15,0.15,0.0,0.0,0.0,0.0,0.15,0.0,0.0,0.0,0.0444231607845722,0.0
93,2002-08-27,0.1262136354180834,0.0,0.15,0.0,0.0,0.0,0.0,0.0,0.07958756087437391,0.0,0.0,0.0,0.0,0.0,0.0,0.0,0.15,0.0,0.15,0.15,0.0,0.0,0.0,0.0,0.15,0.0,0.0,0.0,0.044198803707542735,0.0
94,2002-09-26,0.12138131835206918,0.0,0.15,0.0,0.0,0.0,0.0,0.0,0.08646176872076287,0.0,0.0,0.0,0.0,0.0,0.0,0.0,0.15,0.0,0.15,0.15,0.0,0.0,0.0,0.0,0.15,0.0,0.0,0.0,0.04215691292716798,0.0
95,2002-10-25,0.13533302690689356,0.0,0.15,0.0,0.06148778310468534,0.0,0.0,0.0,0.0,0.04221526566766224,0.0,0.0,0.0,0.0,0.0,0.0,0.15,0.0,0.15,0.15,0.0,0.0,0.0,0.0,0.15,0.0,0.0,0.0,0.010963924320758812,0.0
96,2002-11-25,0.1421371580981486,0.0,0.14550095171089034,0.0,0.12572661347750183,0.0,0.0,0.0,0.0,0.0,0.0,0.0,0.0,0.0,0.0,0.0,0.15,0.0,0.15,0.15,0.0,0.0,0.0,0.0,0.1366352767134592,0.0,0.0,0.0,0.0,0.0
97,2002-12-26,0.13956905584296878,0.0,0.15,0.0,0.0,0.0,0.0,0.0,0.0,0.0604196713441472,0.0,0.007784045287516351,0.0,0.0,0.0,0.0,0.15,0.0,0.15,0.15,0.0,0.0,0.0,0.0,0.15,0.0,0.0,0.0,0.04222722752536767,0.0
98,2003-01-28,0.12062758269762475,0.0,0.15,0.0,0.0,0.0,0.0,0.0,0.0,0.06768448017364094,0.0,0.02687270067748281,0.0,0.0,0.0,0.0,0.15,0.0,0.15,0.15,0.0,0.0,0.0,0.0,0.15,0.0,0.0,0.0,0.03481523645125153,0.0
99,2003-02-27,0.0876013724033749,0.0,0.15,0.0,0.0,0.0,0.0,0.0,0.0,0.08035235611303314,0.0,0.06015473166299542,0.0,0.0,0.0,0.0,0.15,0.0,0.15,0.15,0.0,0.0,0.0,0.0,0.15,0.0,0.0,0.0,0.021891539820596558,0.0
100,2003-03-28,0.10754421117476276,0.0,0.15,0.0,0.0,0.0,0.0,0.0,0.0,0.0727013517994415,0.0,0.040058629488663205,0.0,0.0,0.0,0.0,0.15,0.0,0.15,0.15,0.0,0.0,0.0,0.0,0.15,0.0,0.0,0.0,0.029695807537132538,0.0
101,2003-04-29,0.12257968226591923,0.0,0.15,0.0,0.0,0.0,0.0,0.0,0.0,0.0669331275837064,0.0,0.024907541263686262,0.0,0.0,0.0,0.0,0.15,0.0,0.15,0.15,0.0,0.0,0.0,0.0,0.15,0.0,0.0,0.0,0.03557964888668813,0.0
102,2003-05-29,0.07169762014777668,0.0,0.15,0.0,0.0,0.0,0.0,0.0,0.0,0.08643945377578331,0.0,0.076192127598424,0.0,0.0,0.0,0.0,0.15,0.0,0.15,0.15,0.0,0.0,0.0,0.0,0.15,0.0,0.0,0.0,0.015670798478016015,0.0
103,2003-06-27,0.0716439645194364,0.0,0.15,0.0,0.0,0.0,0.0,0.0,0.0,0.08645528632571889,0.0,0.07624998466027223,0.0,0.0,0.0,0.0,0.15,0.0,0.15,0.15,0.0,0.0,0.0,0.0,0.15,0.0,0.0,0.0,0.015650764494572447,0.0
104,2003-07-29,0.07243878977823875,0.0,0.15,0.0,0.0,0.0,0.0,0.0,0.0,0.08618789673912394,0.0,0.07555225424632386,0.0,0.0,0.0,0.0,0.15,0.0,0.15,0.15,0.0,0.0,0.0,0.0,0.15,0.0,0.0,0.0,0.015821059236313433,0.0
105,2003-08-27,0.08068010022374011,0.0,0.15,0.0,0.0,0.0,0.0,0.0,0.0,0.08302584709342564,0.0,0.06723170823078693,0.0,0.0,0.0,0.0,0.15,0.0,0.15,0.15,0.0,0.0,0.0,0.0,0.15,0.0,0.0,0.0,0.019062344452047332,0.0
106,2003-09-26,0.0,0.15,0.12354744777392514,0.0,0.15,0.0,0.0,0.0,0.0,0.0,0.0,0.0,0.0,0.06960549486898354,0.0,0.0,0.15,0.0,0.0030829770527881833,0.0365297290271128,0.0,0.0,0.0,0.0,0.03359886011073891,0.1301763865056238,0.0,0.0034591046608274507,0.15,0.0
107,2003-10-27,0.0,0.15,0.1234510145031894,0.0,0.15,0.0,0.0,0.0,0.0,0.0,0.0,0.0,0.0,0.09058591826599038,0.0,0.0,0.15,0.0,0.0044941151539257,0.04112900412901017,0.0,0.0,0.0,0.0,0.03137755084605226,0.1052534928415862,0.0,0.0037089042602457484,0.15,0.0
108,2003-11-25,0.0,0.15,0.12562051084893314,0.0,0.14708438863234408,0.0,0.0,0.0,0.0,0.0,0.0,0.0,0.0,0.0845101623732722,0.0,0.0,0.15,0.0,0.0,0.04608619181331932,0.0,0.0,0.0,0.0,0.02860349301904168,0.1099534775749603,0.0,0.008141775738129638,0.15,0.0
109,2003-12-26,0.0,0.15,0.12350569194298042,0.0,0.14762380894615248,0.0,0.0,0.0,0.0,0.0,0.0,0.0,0.0,0.08081945066009528,0.0,0.0,0.15,0.0,0.0,0.035921325257090714,0.0,0.0,0.0,0.0,0.024517332939213207,0.13761239025446823,0.0,0.0,0.15,0.0
110,2004-01-28,0.0,0.15,0.12383679591352675,0.0,0.1287597006402483,0.0,0.0,0.0,0.0,0.0,0.0,0.0,0.0,0.15,0.0,0.0,0.15,0.0,0.0,0.053043244497195836,0.0,0.0,0.0,0.0,0.008093671354727336,0.0827931833935186,0.0,0.0034734042007829313,0.15,0.0
111,2004-02-27,0.0,0.15,0.12616921011120716,0.0,0.11371440936792064,0.0,0.0,0.0,0.0,0.0,0.0,0.0,0.0,0.15,0.0,0.0,0.15,0.0,0.0,0.0659736405242779,0.0,0.0,0.0,0.0,0.0118219715523829,0.06575211297631106,0.0,0.0165686554679004,0.15,0.0
112,2004-03-29,0.0,0.15,0.1266891417997425,0.0,0.11007903056984308,0.0,0.0,0.0,0.0,0.0,0.0,0.0,0.0,0.15,0.0,0.0,0.15,0.0,0.0,0.06890442709565768,0.0,0.0,0.0,0.0,0.012624674569307288,0.06213720030016019,0.0,0.019565525665289553,0.15,0.0
113,2004-04-28,0.0,0.15,0.12580526685572624,0.0,0.11178988979683441,0.0,0.0,0.0,0.0,0.0,0.0,0.0,0.0,0.15,0.0,0.0,0.15,0.0,0.0,0.06468527285977022,0.0,0.0,0.0,0.0,0.01077641569148087,0.0712459503116478,0.0,0.015697204484540695,0.15,0.0
114,2004-05-27,0.0,0.15,0.12583920771721152,0.0,0.11109079556143031,0.0,0.0,0.0,0.0,0.0,0.0,0.0,0.0,0.15,0.0,0.0,0.15,0.0,0.0,0.06495588086288775,0.0,0.0,0.0,0.0,0.010781705008146139,0.07131220444962565,0.0,0.01602020640069876,0.15,0.0
115,2004-06-29,0.0,0.15,0.12584670268188347,0.0,0.11294202021780753,0.0,0.0,0.0,0.0,0.0,0.0,0.0,0.0,0.15,0.0,0.0,0.15,0.0,0.0,0.06467703229070082,0.0,0.0,0.0,0.0,0.01102467821882784,0.06996263076754977,0.0,0.015546935823230702,0.15,0.0
116,2004-07-29,0.0,0.15,0.1249489991978196,0.0,0.11790036654351231,0.0,0.0,0.0,0.0,0.0,0.0,0.0,0.0,0.15,0.0,0.0,0.15,0.0,0.0,0.059814775605658205,0.0,0.0,0.0,0.0,0.009321834619751593,0.07731991417831893,0.0,0.010694109854939243,0.15,0.0
117,2004-08-27,0.0,0.15,0.12574921129522135,0.0,0.11620177478486084,0.0,0.0,0.0,0.0,0.0,0.0,0.0,0.0,0.15,0.0,0.0,0.15,0.0,0.0,0.06366610062778014,0.0,0.0,0.0,0.0,0.011017294374654294,0.06911941429606791,0.0,0.014246204621415477,0.15,0.0
118,2004-09-28,0.0,0.15,0.12377819145435649,0.0,0.13350612008505952,0.0,0.0,0.0,0.0,0.0,0.0,0.0,0.0,0.1490091812339791,0.0,0.0,0.15,0.0,0.0,0.0517872746224361,0.0,0.0,0.0,0.0,0.008643789632759585,0.08129768400064852,0.0,0.0019777589707607,0.15,0.0
119,2004-10-27,0.0,0.15,0.12458875655744121,0.0,0.1271098366949232,0.0,0.0,0.0,0.0,0.0,0.0,0.0,0.0,0.15,0.0,0.0,0.15,0.0,0.0,0.05665996646088438,0.0,0.0,0.0,0.0,0.009606994703728135,0.07522551647531744,0.0,0.0068089291077056665,0.15,0.0
120,2004-11-26,0.0,0.15,0.12427254874568947,0.0,0.12866079146728562,0.0,0.0,0.0,0.0,0.0,0.0,0.0,0.0,0.15,0.0,0.0,0.15,0.0,0.0,0.054992286450748044,0.0,0.0,0.0,0.0,0.009060550134861848,0.07784337398451893,0.0,0.005170449216896239,0.15,0.0
121,2004-12-28,0.0,0.15,0.12341693213456895,0.0,0.12838775766766747,0.0,0.0,0.0,0.0,0.0,0.0,0.0,0.0,0.15,0.0,0.0,0.15,0.0,0.0,0.051242467928717866,0.0,0.0,0.0,0.0,0.007094950313580352,0.08789526616967279,0.0,0.0019626257857923092,0.15,0.0
122,2005-01-27,0.0,0.15,0.12230023793641946,0.0,0.12618236692171636,0.0,0.0,0.0,0.0,0.0,0.0,0.0,0.0,0.15,0.0,0.0,0.15,0.0,0.0015718738567384806,0.04807914292055717,0.0,0.0,0.0,0.0,0.007304720210077769,0.09456165815449072,0.0,0.0,0.15,0.0
123,2005-02-28,0.0,0.15,0.11842624715675064,0.0,0.10558366208246363,0.0,0.0,0.0,0.0,0.0,0.0,0.0,0.0,0.15,0.0,0.0,0.15,0.0,0.01001846145996431,0.041969725421785425,0.0,0.0,0.0,0.0,0.012260208747286035,0.11174169513174997,0.0,0.0,0.15,0.0
124,2005-03-30,0.0,0.15,0.11733280024839242,0.0,0.10037421419793058,0.0,0.0,0.0,0.0,0.0,0.0,0.0,0.0,0.15,0.0,0.0,0.15,0.0,0.012537974497836902,0.04028911213928935,0.0,0.0,0.0,0.0,0.014050192138814912,0.11541570677773591,0.0,0.0,0.15,0.0
125,2005-04-28,0.0,0.15,0.08567759700036094,0.0,0.05516665311618458,0.0,0.0,0.15,0.0,0.0,0.0,0.0,0.0,0.018594799459478607,0.0,0.0,0.15,0.0,0.0,0.0009290626660874193,0.0,0.0,0.0,0.0,0.08963188775788844,0.15,0.0,0.0,0.15,0.0
126,2005-05-27,0.0,0.15,0.08547352871386397,0.0,0.05143537675560356,0.0,0.0,0.15,0.0,0.0,0.0,0.0,0.0,0.023930563021527136,0.0,0.0,0.15,0.0,0.0,0.0016105852918184482,0.0,0.0,0.0,0.0,0.08754994621718687,0.15,0.0,0.0,0.15,0.0
127,2005-06-28,0.0,0.15,0.08938532530060882,0.0,0.0668858030249681,0.0,0.0,0.13591000040505616,0.0,0.0,0.0,0.0,0.0,0.01900060906061318,0.0,0.0,0.15,0.0,0.0,0.00340330972361214,0.0,0.0,0.0,0.0,0.08541495248514162,0.15,0.0,0.0,0.15,0.0
128,2005-07-28,0.0,0.15,0.09445591972231657,0.0,0.0855744551186634,0.0,0.0,0.11730813788601066,0.0,0.0,0.0,0.0,0.0,0.014936506905724843,0.0,0.0,0.15,0.0,0.0,0.0060697756008155565,0.0,0.0,0.0,0.0,0.08165520476646897,0.15,0.0,0.0,0.15,0.0
129,2005-08-26,0.0,0.15,0.10239424866043964,0.0,0.11353945267441243,0.0,0.0,0.08786399721280323,0.0,0.0,0.0,0.0,0.0,0.010814764352458239,0.0,0.0,0.15,0.0,0.0,0.010610994851113484,0.0,0.0,0.0,0.0,0.07477654224877305,0.15,0.0,0.0,0.15,0.0
130,2005-09-27,0.0,0.15,0.0860220848811433,0.0,0.06048041125009583,0.0013151048413871716,0.0,0.14803429130542947,0.0,0.0,0.0,0.0,0.0,0.010410912355853301,0.0,0.0,0.15,0.0,0.0,0.0,0.0,0.0,0.0,0.0,0.09373719536609083,0.15,0.0,0.0,0.15,0.0
131,2005-10-26,0.0,0.15,0.08734166952737964,0.0,0.03569987576724426,0.018412840990018223,0.0,0.11348291960819012,0.0,0.0,0.0,0.0,0.0,0.049186064241183464,0.0,0.0,0.15,0.0,0.0,0.008614653378843679,0.0,0.0,0.0,0.0,0.08726197648714083,0.15,0.0,0.0,0.15,0.0
132,2005-11-25,0.0,0.15,0.09892779214730894,0.0,0.06354409195390104,0.0232539721861455,0.0,0.06094739919943952,0.0,0.0,0.0,0.0,0.0,0.062394245349616385,0.0,0.0,0.15,0.0,0.0,0.01870758066208786,0.0,0.0,0.0,0.0,0.07222491850150042,0.15,0.0,0.0,0.15,0.0
133,2005-12-27,0.0,0.15,0.09846326691345086,0.0,0.03330933143381501,0.040879660591336624,0.0,0.03253487188743983,0.0,0.0,0.0,0.0,0.0,0.10029413910730813,0.0,0.0,0.15,0.0,0.0,0.02608377967007989,0.0,0.0,0.0,0.0,0.06843495039656969,0.15,0.0,0.0,0.15,0.0
134,2006-01-27,0.0,0.15,0.08747128360618772,0.0,0.03387261773083928,0.017598242732306722,0.0,0.11348732997405037,0.0,0.0,0.0,0.0,0.0,0.05364018685383691,0.0,0.0,0.15,0.0,0.0,0.009278699778335123,0.0,0.0,0.0,0.0,0.08465163932444393,0.15,0.0,0.0,0.15,0.0
135,2006-02-28,0.0,0.15,0.08576405940124819,0.0,0.01503699005016061,0.02603151924572747,0.0,0.10561693691964866,0.0,0.0,0.0,0.0,0.0,0.07104932718215873,0.0,0.0,0.15,0.0,0.0,0.011726698378923704,0.0,0.0,0.0,0.0,0.084774468822133,0.15,0.0,0.0,0.15,0.0
136,2006-03-29,0.0,0.15,0.07956815472946849,0.0,0.0,0.01972601053371663,0.0,0.13852073375226476,0.0,0.0,0.0,0.0,0.0,0.06675962219143174,0.0,0.0,0.15,0.0,0.0,0.006407874110907352,0.0,0.0,0.0,0.0,0.08901760468221107,0.15,0.0,0.0,0.15,0.0
137,2006-04-28,0.0,0.15,0.07968268076967863,0.0,0.0077826718436764634,0.012008532176834586,0.0,0.15,0.0,0.0,0.0,0.0,0.0,0.0591375816784648,0.0,0.0,0.15,0.0,0.0,0.0044998544919326285,0.0,0.0,0.0,0.0,0.08688867903941287,0.15,0.0,0.0,0.15,0.0
138,2006-05-30,0.0,0.15,0.08972709899308419,0.0,0.03506503942771012,0.014088470662518473,0.0,0.10800114929969183,0.0,0.0,0.0,0.0,0.0,0.06657176243374828,0.0,0.0,0.15,0.0,0.0,0.012407553799807396,0.0,0.0,0.0,0.0,0.07413892538343977,0.15,0.0,0.0,0.15,0.0
139,2006-06-28,0.0,0.15,0.0967443197541504,0.0,0.039536808262159884,0.02528984768985685,0.0,0.062300261254247265,0.0,0.0,0.0,0.0,0.0,0.09046197118710093,0.0,0.0,0.15,0.0,0.0,0.021823063911004657,0.0,0.0,0.0,0.0,0.06384372794148006,0.15,0.0,0.0,0.15,0.0
140,2006-07-28,0.0,0.15,0.08944525204010538,0.0,0.03498855788239358,0.014192332469553896,0.0,0.10914147506850207,0.0,0.0,0.0,0.0,0.0,0.06505661655737437,0.0,0.0,0.15,0.0,0.0,0.012003078351666741,0.0,0.0,0.0,0.0,0.07517268763040344,0.15,0.0,0.0,0.15,0.0
141,2006-08-28,0.0,0.15,0.09417274273617204,0.0,0.03799824684266845,0.02172292341149524,0.0,0.0783726440047446,0.0,0.0,0.0,0.0,0.0,0.08116722434342265,0.0,0.0,0.15,0.0,0.0,0.018347041408683512,0.0,0.0,0.0,0.0,0.06821917725281354,0.15,0.0,0.0,0.15,0.0
142,2006-09-27,0.0,0.0,0.04976660188109407,0.0,0.15,0.1271594598315029,0.012362085571026318,0.0,0.0,0.0,0.0,0.0,0.0,0.0,0.0,0.0,0.15,0.0,0.07596246156362936,0.014996284160210562,0.0,0.0,0.0,0.0,0.15,0.10778612571869065,0.0,0.011966981273846444,0.15,0.0
143,2006-10-26,0.0,0.0,0.04880178950453437,0.0,0.15,0.15,0.01007659559716196,0.0,0.0,0.0,0.0,0.0,0.0,0.0,0.0,0.0,0.15,0.0,0.04308500807887255,0.02012452810789093,0.0,0.0,0.0,0.0,0.15,0.1477549809393995,0.0,0.0,0.13015709777214068,0.0
144,2006-11-27,0.0,0.0022512354368904378,0.049319073798052754,0.0,0.15,0.15,0.010741289829388457,0.0,0.0,0.0,0.0,0.0,0.0,0.0,0.0,0.0,0.15,0.0,0.04362871076511863,0.018855373104104723,0.0,0.0,0.0,0.0,0.15,0.14019320753119688,0.0,0.0,0.13501110953524798,0.0
145,2006-12-27,0.0,0.002251235436890606,0.0493190737980528,0.0,0.15,0.15,0.01074128982938921,0.0,0.0,0.0,0.0,0.0,0.0,0.0,0.0,0.0,0.15,0.0,0.0436287107651189,0.018855373104104678,0.0,0.0,0.0,0.0,0.15,0.14019320753119524,0.0,0.0,0.13501110953524906,0.0
146,2007-01-30,0.0,0.0022512354368904638,0.049319073798052754,0.0,0.15,0.15,0.010741289829389197,0.0,0.0,0.0,0.0,0.0,0.0,0.0,0.0,0.0,0.15,0.0,0.043628710765118886,0.01885537310410473,0.0,0.0,0.0,0.0,0.15,0.14019320753119532,0.0,0.0,0.13501110953524875,0.0
147,2007-03-01,0.0,0.0022512354368907483,0.049319073798052795,0.0,0.15,0.15,0.01074128982938846,0.0,0.0,0.0,0.0,0.0,0.0,0.0,0.0,0.0,0.15,0.0,0.04362871076511851,0.018855373104104643,0.0,0.0,0.0,0.0,0.15,0.14019320753119643,0.0,0.0,0.13501110953524842,0.0
148,2007-03-30,0.0,0.002251235436890215,0.04931907379805271,0.0,0.15,0.15,0.010741289829389619,0.0,0.0,0.0,0.0,0.0,0.0,0.0,0.0,0.0,0.15,0.0,0.043628710765119066,0.018855373104104782,0.0,0.0,0.0,0.0,0.15,0.14019320753119469,0.0,0.0,0.13501110953524897,0.0
149,2007-05-01,0.0,0.0,0.048513944698833036,0.0,0.15,0.14256161331584158,0.03482882205035327,0.0,0.0,0.0,0.0,0.0,0.0,0.0,0.0,0.0,0.15,0.0,0.05911238111672996,0.017515634188485587,0.0,0.0,0.0,0.0,0.15,0.09398257992048015,0.0,0.0034850247092763843,0.15,0.0
150,2007-05-31,0.0,0.0,0.04851966720727113,0.0,0.15,0.14079962887274536,0.03637573612948887,0.0,0.0,0.0,0.0,0.0,0.0,0.0,0.0,0.0,0.15,0.0,0.06090682035702318,0.01728716613715766,0.0,0.0,0.0,0.0,0.15,0.09238217765833302,0.0,0.003728803637980789,0.15,0.0
151,2007-06-29,0.0,0.0,0.048545603264498895,0.0,0.15,0.1291473370192826,0.04696207443648784,0.0,0.0,0.0,0.0,0.0,0.0,0.0,0.0,0.0,0.15,0.0,0.07276221356373934,0.015781440278115424,0.0,0.0,0.0,0.0,0.15,0.08152326183520411,0.0,0.0052780696026717795,0.15,0.0
152,2007-07-31,0.15,0.08598102278464317,0.043843374216310405,0.0,0.0,0.15,0.15,0.0,0.0,0.0,0.0,0.0,0.0,0.0,0.0,0.0,0.15,0.05470319616861657,0.11474667430294401,0.07159226948329003,0.0,0.0,0.0,0.0,0.029133463044195854,0.0,0.0,0.0,0.0,0.0
153,2007-08-29,0.15,0.1407061252339607,0.0,0.0,0.0,0.15,0.08528125718460465,0.0,0.0,0.0,0.0,0.0,0.0,0.0,0.0,0.0,0.15,0.023763495768849435,0.1314576058476164,0.05021492440001872,0.0,0.0,0.0,0.0,0.11857659156495019,0.0,0.0,0.0,0.0,0.0
154,2007-09-28,0.15,0.11150876811436394,0.0,0.0,0.0037115523536188446,0.15,0.0,0.15,0.0,0.0,0.0,0.0,0.0,0.0,0.0,0.0,0.15,0.07094416611087255,0.15,0.058118771772342565,0.0,0.0,0.0,0.0,0.005716741648802096,0.0,0.0,0.0,0.0,0.0
155,2007-10-29,0.15,0.15,0.0,0.0,0.0,0.15,0.0,0.09117180691459459,0.0,0.0,0.0,0.0,0.0,0.0,0.0,0.0,0.15,0.07087341749802657,0.15,0.0722764405917672,0.0,0.0,0.0,0.0,0.015678334995611658,0.0,0.0,0.0,0.0,0.0
156,2007-11-28,0.15,0.15,0.0,0.0,0.0,0.15,0.0,0.1480471501057341,0.0,0.0,0.0,0.0,0.0,0.0,0.0,0.0,0.03921402543000349,0.0627388244642624,0.15,0.15,0.0,0.0,0.0,0.0,0.0,0.0,0.0,0.0,0.0,0.0
157,2007-12-28,0.15,0.15,0.0,0.0,0.0,0.15,0.0,0.14550662031537287,0.0,0.0,0.0,0.0,0.0,0.0,0.0,0.0,0.04264806328812766,0.06184531639649946,0.15,0.15,0.0,0.0,0.0,0.0,0.0,0.0,0.0,0.0,0.0,0.0
158,2008-01-30,0.0,0.15,0.08159605051412007,0.0,0.0,0.15,0.0,0.15,0.0,0.0,0.0,0.0,0.0,0.0,0.0,0.0,0.08300965411415222,0.0,0.15,0.15,0.0,0.0,0.0,0.0,0.0,0.0,0.08539429537172773,0.0,0.0,0.0
159,2008-02-29,0.0,0.15,0.11680941608729829,0.0,0.0,0.15,0.0,0.15,0.0,0.0,0.0,0.0,0.0,0.0,0.0,0.0,0.024702171403555268,0.015413662282793474,0.15,0.15,0.0,0.0,0.0,0.0,0.0,0.09307475022635295,0.0,0.0,0.0,0.0
160,2008-04-01,0.0,0.08763953709488696,0.15,0.0,0.0,0.15,0.0,0.1412939375378477,0.0,0.0,0.0,0.0,0.0,0.0,0.0,0.07036739909688268,0.0,0.05110566388645812,0.0,0.0,0.0,0.023030330071943564,0.0,0.0,0.0,0.0,0.026563132311980923,0.15,0.0,0.15
161,2008-04-30,0.0,0.011076224649650234,0.15,0.017115895942837012,0.0,0.15,0.0,0.12485012780366372,0.0,0.0,0.0,0.0,0.0,0.0,0.0,0.1280184337399631,0.0,0.03546289955490373,0.0,0.0,0.0,0.15,0.0,0.0,0.0,0.0,0.018467132067815147,0.15,0.0,0.06500928624116707
162,2008-05-30,0.0,0.0,0.15,0.013382007841501313,0.0,0.15,0.0,0.10675959038780769,0.0,0.0,0.0,0.0,0.0,0.0,0.0,0.1474092874392986,0.0,0.041437538633580275,0.0,0.0,0.0,0.13997793666480784,0.0,0.0,0.0,0.0,0.031677761419022524,0.15,0.0,0.06935587761398183
163,2008-06-30,0.0,0.15,0.15,0.0,0.0,0.15,0.0,0.15,0.0,0.0,0.0,0.0,0.0,0.0,0.0,0.0,0.0,0.05395404048341877,0.11792057176418012,0.0,0.0,0.0,0.0,0.0,0.0,0.0,0.0,0.07812538775240103,0.0,0.15
164,2008-07-30,0.0,0.15,0.15,0.0,0.0,0.15,0.0,0.15,0.0,0.0,0.0,0.0,0.0,0.0,0.0,0.0,0.0,0.05395404048341877,0.1179205717641802,0.0,0.0,0.0,0.0,0.0,0.0,0.0,0.0,0.0781253877524011,0.0,0.15
165,2008-08-28,0.0,0.15,0.15,0.0,0.0,0.15,0.0,0.15,0.0,0.0,0.0,0.0,0.0,0.0,0.0,0.0,0.0,0.05395404048341877,0.11792057176418017,0.0,0.0,0.0,0.0,0.0,0.0,0.0,0.0,0.07812538775240108,0.0,0.15
166,2008-09-29,0.15,0.15,0.0,0.0,0.0,0.15,0.1253903040262942,0.0,0.0,0.0,0.0,0.0,0.0,0.0,0.0,0.0,0.0,0.0,0.0,0.0,0.0,0.0,0.0,0.0,0.15,0.0,0.0,0.15,0.0,0.1246096959737058
167,2008-10-28,0.15,0.15,0.07344303888341794,0.0,0.0,0.0,0.0,0.15,0.0,0.14253109075393303,0.0,0.0,0.0,0.0,0.0,0.0,0.0,0.0,0.0,0.0,0.0,0.15,0.0,0.0,0.0,0.0,0.0,0.03402587036264901,0.0,0.15
168,2008-11-26,0.15,0.15,0.11554470102935839,0.0,0.0,0.0,0.0,0.15,0.0,0.10337746621996215,0.0,0.0,0.0,0.0,0.0,0.0,0.0,0.0,0.0,0.0,0.0,0.15,0.0,0.0,0.0,0.0,0.0,0.03107783275067945,0.0,0.15
169,2008-12-29,0.15,0.15,0.15,0.0,0.0,0.10113525337222042,0.0,0.15,0.0,0.0,0.0,0.0,0.0,0.0,0.0,0.0,0.0,0.0,0.0,0.0,0.0,0.009099526066350816,0.0,0.0,0.0,0.0,0.0,0.15,0.0,0.13976522056142873
170,2009-01-29,0.15,0.15,0.15,0.0,0.0,0.10113525337222033,0.0,0.15,0.0,0.0,0.0,0.0,0.0,0.0,0.0,0.0,0.0,0.0,0.0,0.0,0.0,0.00909952606635033,0.0,0.0,0.0,0.0,0.0,0.15,0.0,0.13976522056142934
171,2009-03-02,0.15,0.15,0.15,0.0,0.0,0.10113525337222005,0.0,0.15,0.0,0.0,0.0,0.0,0.0,0.0,0.0,0.0,0.0,0.0,0.0,0.0,0.0,0.009099526066350668,0.0,0.0,0.0,0.0,0.0,0.15,0.0,0.13976522056142926
172,2009-03-31,0.15,0.15,0.15,0.0,0.0,0.10113525337222014,0.0,0.15,0.0,0.0,0.0,0.0,0.0,0.0,0.0,0.0,0.0,0.0,0.0,0.0,0.0,0.009099526066350562,0.0,0.0,0.0,0.0,0.0,0.15,0.0,0.1397652205614293
173,2009-04-30,0.15,0.15,0.15,0.0,0.0,0.1011352533722201,0.0,0.15,0.0,0.0,0.0,0.0,0.0,0.0,0.0,0.0,0.0,0.0,0.0,0.0,0.0,0.009099526066350594,0.0,0.0,0.0,0.0,0.0,0.15,0.0,0.1397652205614293
174,2009-06-01,0.15,0.15,0.15,0.0,0.0,0.1011352533722202,0.0,0.15,0.0,0.0,0.0,0.0,0.0,0.0,0.0,0.0,0.0,0.0,0.0,0.0,0.0,0.009099526066350484,0.0,0.0,0.0,0.0,0.0,0.15,0.0,0.13976522056142932
175,2009-06-30,0.15,0.15,0.15,0.0,0.0,0.10113525337222025,0.0,0.15,0.0,0.0,0.0,0.0,0.0,0.0,0.0,0.0,0.0,0.0,0.0,0.0,0.0,0.009099526066350429,0.0,0.0,0.0,0.0,0.0,0.15,0.0,0.13976522056142932
176,2009-07-30,0.15,0.15,0.15,0.0,0.0,0.10113525337222021,0.0,0.15,0.0,0.0,0.0,0.0,0.0,0.0,0.0,0.0,0.0,0.0,0.0,0.0,0.0,0.009099526066350474,0.0,0.0,0.0,0.0,0.0,0.15,0.0,0.13976522056142932
177,2009-08-28,0.15,0.15,0.15,0.0,0.0,0.11941066990924253,0.0,0.15,0.0,0.028559893553617835,0.0,0.0,0.0,0.0,0.0,0.0,0.0,0.0,0.0,0.0,0.0,0.036062231260097846,0.0,0.0,0.0,0.0,0.0,0.15,0.0,0.06596720527704181
178,2009-09-29,0.15,0.15,0.15,0.0,0.0,0.1011352533722202,0.0,0.15,0.0,0.0,0.0,0.0,0.0,0.0,0.0,0.0,0.0,0.0,0.0,0.0,0.0,0.009099526066350484,0.0,0.0,0.0,0.0,0.0,0.15,0.0,0.13976522056142932
179,2009-10-28,0.15,0.15,0.15,0.0,0.0,0.10113525337222017,0.0,0.15,0.0,0.0,0.0,0.0,0.0,0.0,0.0,0.0,0.0,0.0,0.0,0.0,0.0,0.009099526066350396,0.0,0.0,0.0,0.0,0.0,0.15,0.0,0.13976522056142943
180,2009-11-27,0.15,0.15,0.15,0.0,0.0,0.10113525337222015,0.0,0.15,0.0,0.0,0.0,0.0,0.0,0.0,0.0,0.0,0.0,0.0,0.0,0.0,0.0,0.00909952606635055,0.0,0.0,0.0,0.0,0.0,0.15,0.0,0.1397652205614293
181,2009-12-29,0.15,0.15,0.15,0.0,0.0,0.1205751343245376,0.0,0.15,0.0,0.0,0.0,0.0,0.0,0.0,0.0,0.0,0.0,0.0,0.0,0.0,0.0,0.06469869272957562,0.0,0.0,0.0,0.0,0.0,0.11349899139408683,0.0,0.1012271815517999
182,2010-01-29,0.15,0.15,0.15,0.0,0.0,0.10113525337222021,0.0,0.15,0.0,0.0,0.0,0.0,0.0,0.0,0.0,0.0,0.0,0.0,0.0,0.0,0.0,0.009099526066350488,0.0,0.0,0.0,0.0,0.0,0.15,0.0,0.13976522056142934
183,2010-03-02,0.15,0.15,0.15,0.0,0.0,0.1036871076358183,0.0,0.15,0.0,0.0,0.0,0.0,0.0,0.0,0.0,0.0,0.0,0.0,0.0,0.0,0.0,0.01639797459337924,0.0,0.0,0.0,0.0,0.0,0.14520854810453315,0.0,0.1347063696662694
184,2010-03-31,0.15,0.15,0.15,0.0,0.0,0.13031211425758726,0.0,0.15,0.0,0.04559611757284576,0.0,0.0,0.0,0.0,0.0,0.0,0.0,0.0,0.0,0.0,0.0,0.05214571858062007,0.0,0.0,0.0,0.0,0.0,0.15,0.0,0.0219460495889469
185,2010-04-30,0.15,0.15,0.15,0.0,0.0,0.08272897746958331,0.0,0.07787750271229857,0.0,0.0893935198181181,0.0,0.0,0.0,0.0,0.0,0.15,0.0,0.0,0.0,0.0,0.0,0.0,0.0,0.0,0.0,0.0,0.0,0.15,0.0,0.0
186,2010-06-01,0.15,0.15,0.15,0.0,0.0,0.15,0.0,0.13300449238108045,0.0,0.05740080727680497,0.0,0.0,0.0,0.0,0.0,0.001263970819082782,0.0,0.0,0.0,0.0,0.0,0.05833072952303181,0.0,0.0,0.0,0.0,0.0,0.15,0.0,0.0
187,2010-06-30,0.15,0.15,0.15,0.0,0.0,0.1011352533722201,0.0,0.15,0.0,0.0,0.0,0.0,0.0,0.0,0.0,0.0,0.0,0.0,0.0,0.0,0.0,0.009099526066350611,0.0,0.0,0.0,0.0,0.0,0.15,0.0,0.1397652205614293
188,2010-07-30,0.15,0.15,0.15,0.0,0.0,0.10113525337222021,0.0,0.15,0.0,0.0,0.0,0.0,0.0,0.0,0.0,0.0,0.0,0.0,0.0,0.0,0.0,0.009099526066350488,0.0,0.0,0.0,0.0,0.0,0.15,0.0,0.13976522056142934
189,2010-08-30,0.15,0.15,0.15,0.0,0.0,0.10113525337222028,0.0,0.15,0.0,0.0,0.0,0.0,0.0,0.0,0.0,0.0,0.0,0.0,0.0,0.0,0.0,0.009099526066350434,0.0,0.0,0.0,0.0,0.0,0.15,0.0,0.1397652205614293
190,2010-09-29,0.15,0.15,0.15,0.0,0.0,0.1011352533722202,0.0,0.15,0.0,0.0,0.0,0.0,0.0,0.0,0.0,0.0,0.0,0.0,0.0,0.0,0.0,0.009099526066350488,0.0,0.0,0.0,0.0,0.0,0.15,0.0,0.13976522056142932
191,2010-10-28,0.15,0.15,0.15,0.0,0.0,0.11493068043220328,0.0,0.15,0.0,0.021558793341955533,0.0,0.0,0.0,0.0,0.0,0.0,0.0,0.0,0.0,0.0,0.0,0.029452661771173186,0.0,0.0,0.0,0.0,0.0,0.15,0.0,0.084057864454668
192,2010-11-29,0.15,0.15,0.15,0.0,0.0,0.12049893107493365,0.0,0.15,0.0,0.030260572878092737,0.0,0.0,0.0,0.0,0.0,0.0,0.0,0.0,0.0,0.0,0.0,0.03766780150386733,0.0,0.0,0.0,0.0,0.0,0.15,0.0,0.06157269454310629
193,2010-12-29,0.15,0.15,0.15,0.0,0.0,0.08559250508472531,0.0,0.15,0.0,0.06358823411898916,0.0,0.0,0.0,0.0,0.0,0.0644131771822124,0.0,0.0,0.0,0.0,0.0,0.03640608361407313,0.0,0.0,0.0,0.0,0.0,0.15,0.0,0.0
194,2011-01-28,0.15,0.15,0.15,0.0,0.0,0.09362235641360549,0.0,0.15,0.0,0.062067421447667186,0.0,0.0,0.0,0.0,0.0,0.054100448158923134,0.0,0.0,0.0,0.0,0.0,0.04020977397980417,0.0,0.0,0.0,0.0,0.0,0.15,0.0,0.0
195,2011-03-01,0.15,0.15,0.15,0.0,0.0,0.10466744923595718,0.0,0.15,0.0,0.05997553749712051,0.0,0.0,0.0,0.0,0.0,0.03991524787952065,0.0,0.0,0.0,0.0,0.0,0.04544176538740167,0.0,0.0,0.0,0.0,0.0,0.15,0.0,0.0
196,2011-03-30,0.15,0.15,0.15,0.0,0.0,0.12571035607634215,0.0,0.15,0.0,0.03840472340956619,0.0,0.0,0.0,0.0,0.0,0.0,0.0,0.0,0.0,0.0,0.0,0.045356497171495515,0.0,0.0,0.0,0.0,0.0,0.15,0.0,0.040528423342596126
197,2011-04-29,0.15,0.15,0.15,0.0,0.0,0.102671776648424,0.0,0.15,0.0,0.0024012006031239835,0.0,0.0,0.0,0.0,0.0,0.0,0.0,0.0,0.0,0.0,0.0,0.011366441517261856,0.0,0.0,0.0,0.0,0.0,0.15,0.0,0.1335605812311902
198,2011-05-31,0.15,0.15,0.15,0.0,0.0,0.1011352533722202,0.0,0.15,0.0,0.0,0.0,0.0,0.0,0.0,0.0,0.0,0.0,0.0,0.0,0.0,0.0,0.009099526066350488,0.0,0.0,0.0,0.0,0.0,0.15,0.0,0.13976522056142932
199,2011-06-29,0.15,0.15,0.15,0.0,0.0,0.10113525337222004,0.0,0.15,0.0,0.0,0.0,0.0,0.0,0.0,0.0,0.0,0.0,0.0,0.0,0.0,0.0,0.009099526066350403,0.0,0.0,0.0,0.0,0.0,0.15,0.0,0.13976522056142957
200,2011-07-29,0.15,0.15,0.15,0.0,0.0,0.12017379097543929,0.0,0.15,0.0,0.02975246043027172,0.0,0.0,0.0,0.0,0.0,0.0,0.0,0.0,0.0,0.0,0.0,0.037188104823270236,0.0,0.0,0.0,0.0,0.0,0.15,0.0,0.06288564377101878
201,2011-08-29,0.15,0.15,0.15,0.0,0.0,0.1011352533722202,0.0,0.15,0.0,0.0,0.0,0.0,0.0,0.0,0.0,0.0,0.0,0.0,0.0,0.0,0.0,0.009099526066350484,0.0,0.0,0.0,0.0,0.0,0.15,0.0,0.13976522056142932
202,2011-09-28,0.15,0.15,0.15,0.0,0.0,0.1011352533722202,0.0,0.15,0.0,0.0,0.0,0.0,0.0,0.0,0.0,0.0,0.0,0.0,0.0,0.0,0.0,0.009099526066350488,0.0,0.0,0.0,0.0,0.0,0.15,0.0,0.13976522056142932
203,2011-10-27,0.15,0.15,0.15,0.0,0.0,0.10113525337222024,0.0,0.15,0.0,0.0,0.0,0.0,0.0,0.0,0.0,0.0,0.0,0.0,0.0,0.0,0.0,0.00909952606635014,0.0,0.0,0.0,0.0,0.0,0.15,0.0,0.13976522056142962
204,2011-11-28,0.15,0.15,0.15,0.0,0.0,0.1011352533722202,0.0,0.15,0.0,0.0,0.0,0.0,0.0,0.0,0.0,0.0,0.0,0.0,0.0,0.0,0.0,0.009099526066350484,0.0,0.0,0.0,0.0,0.0,0.15,0.0,0.13976522056142932
205,2011-12-28,0.15,0.15,0.15,0.0,0.0,0.1011352533722202,0.0,0.15,0.0,0.0,0.0,0.0,0.0,0.0,0.0,0.0,0.0,0.0,0.0,0.0,0.0,0.009099526066350484,0.0,0.0,0.0,0.0,0.0,0.15,0.0,0.13976522056142932
206,2012-01-30,0.15,0.15,0.15,0.0,0.0,0.1011352533722202,0.0,0.15,0.0,0.0,0.0,0.0,0.0,0.0,0.0,0.0,0.0,0.0,0.0,0.0,0.0,0.009099526066350488,0.0,0.0,0.0,0.0,0.0,0.15,0.0,0.13976522056142932
207,2012-02-29,0.15,0.15,0.15,0.0,0.0,0.1011352533722201,0.0,0.15,0.0,0.0,0.0,0.0,0.0,0.0,0.0,0.0,0.0,0.0,0.0,0.0,0.0,0.00909952606635062,0.0,0.0,0.0,0.0,0.0,0.15,0.0,0.1397652205614293
208,2012-03-29,0.15,0.15,0.15,0.0,0.0,0.1011352533722202,0.0,0.15,0.0,0.0,0.0,0.0,0.0,0.0,0.0,0.0,0.0,0.0,0.0,0.0,0.0,0.009099526066350488,0.0,0.0,0.0,0.0,0.0,0.15,0.0,0.13976522056142932
209,2012-04-30,0.15,0.15,0.15,0.0,0.0,0.1011352533722202,0.0,0.15,0.0,0.0,0.0,0.0,0.0,0.0,0.0,0.0,0.0,0.0,0.0,0.0,0.0,0.009099526066350488,0.0,0.0,0.0,0.0,0.0,0.15,0.0,0.13976522056142932
210,2012-05-30,0.15,0.15,0.15,0.0,0.0,0.1011352533722202,0.0,0.15,0.0,0.0,0.0,0.0,0.0,0.0,0.0,0.0,0.0,0.0,0.0,0.0,0.0,0.009099526066350484,0.0,0.0,0.0,0.0,0.0,0.15,0.0,0.13976522056142932
211,2012-06-28,0.15,0.15,0.15,0.0,0.0,0.10113525337222024,0.0,0.15,0.0,0.0,0.0,0.0,0.0,0.0,0.0,0.0,0.0,0.0,0.0,0.0,0.0,0.00909952606635062,0.0,0.0,0.0,0.0,0.0,0.15,0.0,0.13976522056142915
212,2012-07-30,0.15,0.15,0.15,0.0,0.0,0.10113525337222024,0.0,0.15,0.0,0.0,0.0,0.0,0.0,0.0,0.0,0.0,0.0,0.0,0.0,0.0,0.0,0.009099526066350448,0.0,0.0,0.0,0.0,0.0,0.15,0.0,0.13976522056142932
213,2012-08-28,0.15,0.15,0.15,0.0,0.0,0.10113525337222014,0.0,0.15,0.0,0.0,0.0,0.0,0.0,0.0,0.0,0.0,0.0,0.0,0.0,0.0,0.0,0.009099526066350574,0.0,0.0,0.0,0.0,0.0,0.15,0.0,0.1397652205614293
214,2012-09-27,0.15,0.15,0.15,0.0,0.0,0.10113525337222017,0.0,0.15,0.0,0.0,0.0,0.0,0.0,0.0,0.0,0.0,0.0,0.0,0.0,0.0,0.0,0.009099526066350531,0.0,0.0,0.0,0.0,0.0,0.15,0.0,0.1397652205614293
215,2012-10-26,0.15,0.15,0.15,0.0,0.0,0.10113525337222015,0.0,0.15,0.0,0.0,0.0,0.0,0.0,0.0,0.0,0.0,0.0,0.0,0.0,0.0,0.0,0.009099526066350536,0.0,0.0,0.0,0.0,0.0,0.15,0.0,0.1397652205614293
216,2012-11-29,0.15,0.15,0.15,0.0,0.0,0.10113525337222057,0.0,0.15,0.0,0.0,0.0,0.0,0.0,0.0,0.0,0.0,0.0,0.0,0.0,0.0,0.0,0.009099526066351218,0.0,0.0,0.0,0.0,0.0,0.15,0.0,0.1397652205614282
217,2012-12-31,0.15,0.15,0.15,0.0,0.0,0.1011352533722202,0.0,0.15,0.0,0.0,0.0,0.0,0.0,0.0,0.0,0.0,0.0,0.0,0.0,0.0,0.0,0.009099526066350484,0.0,0.0,0.0,0.0,0.0,0.15,0.0,0.13976522056142932
218,2013-01-31,0.15,0.15,0.15,0.0,0.0,0.10113525337222039,0.0,0.15,0.0,0.0,0.0,0.0,0.0,0.0,0.0,0.0,0.0,0.0,0.0,0.0,0.0,0.009099526066350746,0.0,0.0,0.0,0.0,0.0,0.15,0.0,0.13976522056142884
219,2013-03-04,0.15,0.15,0.15,0.0,0.0,0.10113525337222022,0.0,0.15,0.0,0.0,0.0,0.0,0.0,0.0,0.0,0.0,0.0,0.0,0.0,0.0,0.0,0.009099526066350309,0.0,0.0,0.0,0.0,0.0,0.15,0.0,0.13976522056142945
220,2013-04-03,0.15,0.15,0.15,0.0,0.0,0.10113525337222044,0.0,0.15,0.0,0.0,0.0,0.0,0.0,0.0,0.0,0.0,0.0,0.0,0.0,0.0,0.0,0.009099526066350616,0.0,0.0,0.0,0.0,0.0,0.15,0.0,0.13976522056142895
221,2013-05-02,0.15,0.15,0.15,0.0,0.0,0.10113525337222021,0.0,0.15,0.0,0.0,0.0,0.0,0.0,0.0,0.0,0.0,0.0,0.0,0.0,0.0,0.0,0.009099526066350474,0.0,0.0,0.0,0.0,0.0,0.15,0.0,0.13976522056142932
222,2013-06-03,0.15,0.15,0.15,0.0,0.0,0.10113525337222021,0.0,0.15,0.0,0.0,0.0,0.0,0.0,0.0,0.0,0.0,0.0,0.0,0.0,0.0,0.0,0.009099526066350536,0.0,0.0,0.0,0.0,0.0,0.15,0.0,0.13976522056142926
223,2013-07-02,0.15,0.15,0.15,0.0,0.0,0.10113525337221993,0.0,0.15,0.0,0.0,0.0,0.0,0.0,0.0,0.0,0.0,0.0,0.0,0.0,0.0,0.0,0.009099526066350741,0.0,0.0,0.0,0.0,0.0,0.15,0.0,0.13976522056142932
224,2013-08-01,0.15,0.15,0.15,0.0,0.0,0.10113525337222026,0.0,0.15,0.0,0.0,0.0,0.0,0.0,0.0,0.0,0.0,0.0,0.0,0.0,0.0,0.0,0.009099526066350583,0.0,0.0,0.0,0.0,0.0,0.15,0.0,0.13976522056142915
225,2013-08-30,0.15,0.15,0.15,0.0,0.0,0.10113525337222022,0.0,0.15,0.0,0.0,0.0,0.0,0.0,0.0,0.0,0.0,0.0,0.0,0.0,0.0,0.0,0.009099526066350574,0.0,0.0,0.0,0.0,0.0,0.15,0.0,0.1397652205614292
226,2013-10-01,0.15,0.15,0.15,0.0,0.0,0.10304127566926956,0.0,0.15,0.0,0.06028352643299192,0.0,0.0,0.0,0.0,0.0,0.04200374076079846,0.0,0.0,0.0,0.0,0.0,0.044671457136940075,0.0,0.0,0.0,0.0,0.0,0.15,0.0,0.0
227,2013-10-30,0.0,0.15,0.15,0.022480115690528074,0.0,0.0,0.0,0.15,0.0,0.0,0.0,0.0,0.0,0.0,0.0,0.15,0.0,0.0,0.0,0.0,0.0775198843094719,0.0,0.0,0.0,0.0,0.0,0.15,0.15,0.0,0.0
228,2013-11-29,0.06610754570206136,0.15,0.15,0.0,0.0,0.0,0.0,0.15,0.0,0.03389245429793862,0.0,0.0,0.0,0.0,0.0,0.15,0.0,0.0,0.0,0.0,0.0,0.0,0.0,0.0,0.0,0.0,0.15,0.15,0.0,0.0
229,2013-12-31,0.0,0.15,0.15,0.0,0.0,0.08309071693996477,0.15,0.0,0.0,0.0,0.0,0.0,0.0,0.0,0.0,0.0,0.0,0.0,0.0,0.0,0.0,0.0,0.0,0.031440224699522526,0.0,0.1354690583605127,0.15,0.15,0.0,0.0
230,2014-01-31,0.0,0.15,0.15,0.0,0.0,0.15,0.010631672597865046,0.08936832740213493,0.0,0.15,0.0,0.0,0.0,0.0,0.0,0.0,0.0,0.0,0.0,0.0,0.0,0.0,0.0,0.0,0.0,0.0,0.15,0.15,0.0,0.0
231,2014-03-04,0.0,0.15,0.15,0.0,0.0,0.15,0.0,0.13013179379519427,0.0,0.15,0.0,0.0,0.0,0.0,0.0,0.0,0.0,0.0,0.0,0.0,0.0,0.0,0.0,0.11986820620480573,0.0,0.0,0.0,0.15,0.0,0.0
232,2014-04-02,0.0,0.15,0.15,0.0,0.0,0.15,0.0,0.13205647955647945,0.0,0.11794352044352055,0.0,0.0,0.0,0.0,0.0,0.0,0.0,0.0,0.0,0.0,0.0,0.0,0.0,0.0,0.15,0.0,0.0,0.15,0.0,0.0
233,2014-05-02,0.066713890575457,0.15,0.15,0.0,0.0,0.15,0.0,0.15,0.0,0.0,0.0,0.0,0.0,0.0,0.0,0.03328610942454298,0.0,0.0,0.0,0.0,0.0,0.0,0.0,0.0,0.15,0.0,0.0,0.15,0.0,0.0
234,2014-06-03,0.12257046323464046,0.15,0.15,0.0,0.0,0.15,0.0,0.15,0.0,0.0,0.0,0.0,0.0,0.0,0.0,0.0,0.0,0.0,0.0,0.0,0.0,0.0,0.0,0.0,0.12742953676535954,0.0,0.0,0.15,0.0,0.0
235,2014-07-02,0.06027992633517503,0.15,0.15,0.0,0.0,0.15,0.0,0.15,0.0,0.03972007366482495,0.0,0.0,0.0,0.0,0.0,0.0,0.0,0.0,0.0,0.0,0.0,0.0,0.0,0.0,0.15,0.0,0.0,0.15,0.0,0.0
236,2014-08-01,0.09880622110130284,0.15,0.15,0.0,0.0,0.15,0.0,0.15,0.0,0.0,0.0,0.0,0.0,0.0,0.0,0.0,0.0,0.0,0.0,0.0,0.001193778898697137,0.0,0.0,0.0,0.15,0.0,0.0,0.15,0.0,0.0
237,2014-09-02,0.15,0.15,0.15,0.0,0.0,0.15,0.0,0.15,0.0,0.0,0.0,0.0,0.0,0.0,0.0,0.0,0.0,0.0,0.0,0.0,0.0,0.0,0.0,0.0,0.0,0.0,0.09999999999999998,0.15,0.0,0.0
238,2014-10-01,0.15,0.15,0.15,0.0,0.0,0.15,0.0,0.15,0.0,0.0,0.0,0.0,0.0,0.0,0.0,0.0,0.0,0.0,0.0,0.0,0.0,0.0,0.0,0.0,0.0,0.0,0.09999999999999998,0.15,0.0,0.0
239,2014-10-30,0.15,0.15,0.15,0.0,0.0,0.15,0.0,0.15,0.0,0.0,0.0,0.0,0.0,0.0,0.0,0.0,0.0,0.0,0.0,0.0,0.0,0.0,0.0,0.0,0.0,0.0,0.09999999999999998,0.15,0.0,0.0
240,2014-12-01,0.15,0.15,0.15,0.0,0.0,0.15,0.0,0.15,0.0,0.0,0.0,0.0,0.0,0.0,0.0,0.0,0.0,0.0,0.0,0.0,0.0,0.0,0.0,0.0,0.0,0.0,0.09999999999999998,0.15,0.0,0.0
241,2014-12-31,0.15,0.15,0.15,0.0,0.0,0.15,0.0,0.15,0.0,0.0,0.0,0.0,0.0,0.0,0.0,0.0,0.0,0.0,0.0,0.0,0.0,0.0,0.0,0.0,0.0,0.0,0.09999999999999998,0.15,0.0,0.0
242,2015-02-02,0.15,0.15,0.15,0.0,0.0,0.15,0.0,0.15,0.0,0.0,0.0,0.0,0.0,0.0,0.0,0.0,0.0,0.0,0.0,0.0,0.0,0.0,0.0,0.0,0.0,0.0,0.09999999999999998,0.15,0.0,0.0
243,2015-03-04,0.15,0.15,0.15,0.0,0.0,0.15,0.0,0.15,0.0,0.0,0.0,0.0,0.0,0.0,0.0,0.0,0.0,0.0,0.0,0.0,0.0,0.0,0.0,0.0,0.0,0.0,0.09999999999999998,0.15,0.0,0.0
244,2015-04-02,0.15,0.15,0.15,0.0,0.0,0.15,0.0,0.15,0.0,0.0,0.0,0.0,0.0,0.0,0.0,0.0,0.0,0.0,0.0,0.0,0.0,0.0,0.0,0.0,0.0,0.0,0.09999999999999998,0.15,0.0,0.0
245,2015-05-04,0.15,0.15,0.15,0.0,0.0,0.15,0.0,0.15,0.0,0.0,0.0,0.0,0.0,0.0,0.0,0.0,0.0,0.0,0.0,0.0,0.0,0.0,0.0,0.0,0.0,0.0,0.09999999999999998,0.15,0.0,0.0
246,2015-06-03,0.15,0.15,0.15,0.0,0.0,0.15,0.0,0.15,0.0,0.0,0.0,0.0,0.0,0.0,0.0,0.0,0.0,0.0,0.0,0.0,0.0,0.0,0.0,0.0,0.0,0.0,0.09999999999999998,0.15,0.0,0.0
247,2015-07-02,0.15,0.15,0.15,0.0,0.0,0.15,0.0,0.15,0.0,0.0,0.0,0.0,0.0,0.0,0.0,0.0,0.0,0.0,0.0,0.0,0.0,0.0,0.0,0.0,0.0,0.0,0.09999999999999998,0.15,0.0,0.0
248,2015-08-03,0.15,0.15,0.15,0.0,0.0,0.15,0.0,0.15,0.0,0.0,0.0,0.0,0.0,0.0,0.0,0.0,0.0,0.0,0.0,0.0,0.0,0.0,0.0,0.0,0.0,0.0,0.09999999999999998,0.15,0.0,0.0
249,2015-09-01,0.15,0.15,0.15,0.0,0.0,0.15,0.0,0.15,0.0,0.0,0.0,0.0,0.0,0.0,0.0,0.0,0.0,0.0,0.0,0.0,0.0,0.0,0.0,0.0,0.0,0.0,0.09999999999999998,0.15,0.0,0.0
250,2015-10-01,0.15,0.15,0.15,0.0,0.0,0.15,0.0,0.15,0.0,0.0,0.0,0.0,0.0,0.0,0.0,0.0,0.0,0.0,0.0,0.0,0.0,0.0,0.0,0.0,0.0,0.0,0.09999999999999998,0.15,0.0,0.0
251,2015-10-30,0.15,0.15,0.15,0.0,0.0,0.15,0.0,0.15,0.0,0.0,0.0,0.0,0.0,0.0,0.0,0.0,0.0,0.0,0.0,0.0,0.0,0.0,0.0,0.0,0.0,0.0,0.09999999999999998,0.15,0.0,0.0
252,2015-12-01,0.15,0.15,0.15,0.0,0.0,0.15,0.0,0.15,0.0,0.0,0.0,0.0,0.0,0.0,0.0,0.0,0.0,0.0,0.0,0.0,0.0,0.0,0.0,0.0,0.0,0.0,0.09999999999999998,0.15,0.0,0.0
253,2015-12-31,0.15,0.15,0.15,0.0,0.0,0.15,0.0,0.15,0.0,0.0,0.0,0.0,0.0,0.0,0.0,0.0,0.0,0.0,0.0,0.0,0.0,0.0,0.0,0.0,0.0,0.0,0.09999999999999998,0.15,0.0,0.0
254,2016-02-02,0.15,0.15,0.15,0.0,0.0,0.15,0.0,0.15,0.0,0.0,0.0,0.0,0.0,0.0,0.0,0.0,0.0,0.0,0.0,0.0,0.0,0.0,0.0,0.0,0.0,0.0,0.09999999999999998,0.15,0.0,0.0
255,2016-03-03,0.15,0.15,0.15,0.0,0.0,0.15,0.0,0.15,0.0,0.0,0.0,0.0,0.0,0.0,0.0,0.0,0.0,0.0,0.0,0.0,0.0,0.0,0.0,0.0,0.0,0.0,0.09999999999999998,0.15,0.0,0.0
256,2016-04-04,0.15,0.15,0.15,0.0,0.0,0.15,0.0,0.15,0.0,0.0,0.0,0.0,0.0,0.0,0.0,0.0,0.0,0.0,0.0,0.0,0.0,0.0,0.0,0.0,0.0,0.0,0.09999999999999998,0.15,0.0,0.0
257,2016-05-03,0.15,0.15,0.15,0.0,0.0,0.15,0.0,0.15,0.0,0.0,0.0,0.0,0.0,0.0,0.0,0.0,0.0,0.0,0.0,0.0,0.0,0.0,0.0,0.0,0.0,0.0,0.09999999999999998,0.15,0.0,0.0
258,2016-06-02,0.15,0.15,0.15,0.0,0.0,0.15,0.0,0.15,0.0,0.0,0.0,0.0,0.0,0.0,0.0,0.0,0.0,0.0,0.0,0.0,0.0,0.0,0.0,0.0,0.0,0.0,0.09999999999999998,0.15,0.0,0.0
259,2016-07-01,0.15,0.15,0.15,0.0,0.0,0.15,0.0,0.15,0.0,0.0,0.0,0.0,0.0,0.0,0.0,0.0,0.0,0.0,0.0,0.0,0.0,0.0,0.0,0.0,0.0,0.0,0.09999999999999998,0.15,0.0,0.0
260,2016-08-02,0.15,0.15,0.15,0.0,0.0,0.15,0.0,0.15,0.0,0.0,0.0,0.0,0.0,0.0,0.0,0.0,0.0,0.0,0.0,0.0,0.0,0.0,0.0,0.0,0.0,0.0,0.09999999999999998,0.15,0.0,0.0
261,2016-08-31,0.15,0.0,0.15,0.0,0.0,0.0,0.0,0.0,0.0,0.0,0.0,0.0,0.0,0.15,0.0,0.15,0.0,0.0,0.0,0.08024691358024685,0.0,0.0,0.019753086419753124,0.0,0.0,0.15,0.15,0.0,0.0,0.0
262,2016-09-30,0.15,0.0,0.15,0.0,0.0,0.0,0.0,0.0,0.0,0.0,0.0,0.0,0.0,0.15,0.0,0.15,0.0,0.0,0.0,0.08024691358024685,0.0,0.0,0.019753086419753124,0.0,0.0,0.15,0.15,0.0,0.0,0.0
263,2016-10-31,0.15,0.0,0.15,0.0,0.0,0.0,0.0,0.0,0.0,0.0,0.0,0.0,0.0,0.15,0.0,0.15,0.0,0.0,0.0,0.08024691358024685,0.0,0.0,0.019753086419753124,0.0,0.0,0.15,0.15,0.0,0.0,0.0
264,2016-11-30,0.15,0.0,0.15,0.0,0.0,0.0,0.0,0.0,0.0,0.0,0.0,0.0,0.045230059671942865,0.15,0.0,0.15,0.0,0.0,0.0,0.0,0.0,0.0,0.15,0.0,0.0,0.15,0.05476994032805712,0.0,0.0,0.0
265,2016-12-30,0.15,0.0,0.15,0.0,0.0,0.0,0.0,0.0,0.0,0.0,0.0,0.0,0.0,0.15,0.0,0.15,0.0,0.0,0.0,0.04095088099682715,0.0,0.0,0.15,0.0,0.0,0.15,0.05904911900317282,0.0,0.0,0.0
266,2017-02-01,0.15,0.0,0.15,0.0,0.0,0.0,0.0,0.0,0.0,0.0,0.0,0.0,0.0,0.15,0.0,0.15,0.0,0.0,0.0,0.07351130723290866,0.0,0.0,0.15,0.0,0.0,0.15,0.02648869276709133,0.0,0.0,0.0
267,2017-03-03,0.15,0.0,0.15,0.0,0.0,0.0,0.0,0.0,0.0,0.0,0.0,0.0,0.0,0.15,0.0,0.15,0.0,0.0,0.0,0.10474613686534208,0.0,0.0,0.14525386313465793,0.0,0.0,0.15,0.0,0.0,0.0,0.0
268,2017-04-03,0.15,0.0,0.15,0.0,0.0,0.0,0.0,0.0,0.0,0.0,0.0,0.0,0.0,0.15,0.0,0.15,0.0,0.0,0.0,0.10474613686534208,0.0,0.0,0.14525386313465793,0.0,0.0,0.15,0.0,0.0,0.0,0.0
269,2017-05-03,0.15,0.0,0.15,0.0,0.0,0.0,0.0,0.0,0.0,0.0,0.0,0.0,0.0,0.15,0.0,0.15,0.0,0.0,0.0,0.10474613686534208,0.0,0.0,0.14525386313465793,0.0,0.0,0.15,0.0,0.0,0.0,0.0
270,2017-06-02,0.15,0.0,0.15,0.0,0.0,0.0,0.0,0.0,0.0,0.0,0.0,0.0,0.0,0.15,0.0,0.15,0.0,0.0,0.0,0.10474613686534208,0.0,0.0,0.14525386313465793,0.0,0.0,0.15,0.0,0.0,0.0,0.0
271,2017-07-03,0.15,0.0,0.15,0.0,0.0,0.0,0.0,0.0,0.0,0.0,0.0,0.0,0.0,0.15,0.0,0.15,0.0,0.0,0.0,0.10474613686534208,0.0,0.0,0.14525386313465793,0.0,0.0,0.15,0.0,0.0,0.0,0.0
272,2017-08-02,0.15,0.0,0.15,0.0,0.0,0.0,0.0,0.0,0.0,0.0,0.0,0.0,0.0,0.15,0.0,0.15,0.0,0.0,0.0,0.10474613686534208,0.0,0.0,0.14525386313465793,0.0,0.0,0.15,0.0,0.0,0.0,0.0
273,2017-08-31,0.15,0.0,0.15,0.0,0.0,0.0,0.0,0.0,0.0,0.0,0.0,0.0,0.0,0.15,0.0,0.15,0.0,0.0,0.0,0.10474613686534208,0.0,0.0,0.14525386313465793,0.0,0.0,0.15,0.0,0.0,0.0,0.0
274,2017-10-02,0.15,0.0,0.15,0.0,0.0,0.0,0.0,0.0,0.0,0.0,0.0,0.0,0.0,0.15,0.0,0.15,0.0,0.0,0.0,0.10474613686534208,0.0,0.0,0.14525386313465793,0.0,0.0,0.15,0.0,0.0,0.0,0.0
275,2017-10-31,0.15,0.0,0.15,0.0,0.0,0.0,0.0,0.0,0.0,0.0,0.0,0.0,0.0,0.15,0.0,0.15,0.0,0.0,0.0,0.10474613686534208,0.0,0.0,0.14525386313465793,0.0,0.0,0.15,0.0,0.0,0.0,0.0
276,2017-11-30,0.15,0.0,0.15,0.0,0.0,0.0,0.0,0.0,0.0,0.0,0.0,0.0,0.0,0.15,0.0,0.15,0.0,0.0,0.0,0.10474613686534208,0.0,0.0,0.14525386313465793,0.0,0.0,0.15,0.0,0.0,0.0,0.0
277,2018-01-02,0.15,0.0,0.15,0.0,0.0,0.0,0.0,0.0,0.0,0.0,0.0,0.0,0.0,0.15,0.0,0.15,0.0,0.0,0.0,0.10474613686534208,0.0,0.0,0.14525386313465793,0.0,0.0,0.15,0.0,0.0,0.0,0.0
278,2018-02-01,0.15,0.0,0.15,0.0,0.0,0.0,0.0,0.0,0.0,0.0,0.0,0.0,0.0,0.15,0.0,0.15,0.0,0.0,0.0,0.10474613686534208,0.0,0.0,0.14525386313465793,0.0,0.0,0.15,0.0,0.0,0.0,0.0
279,2018-03-05,0.15,0.0,0.0,0.0,0.0,0.0,0.0,0.0,0.0,0.04848671963410885,0.0,0.01953824675479281,0.03197503361109831,0.15,0.0,0.0,0.0,0.0,0.0,0.15,0.0,0.0,0.15,0.0,0.0,0.15,0.0,0.15,0.0,0.0
280,2018-04-04,0.15,0.0,0.0,0.0,0.0,0.0,0.006403930650797579,0.0,0.0,0.031542271476254435,0.0,0.02916164510392023,0.03289215276902774,0.15,0.0,0.0,0.0,0.0,0.0,0.15,0.0,0.0,0.15,0.0,0.0,0.15,0.0,0.15,0.0,0.0
281,2018-05-03,0.15,0.0,0.0,0.0,0.0,0.0,0.023274012135563068,0.0,0.0,0.0,0.0,0.043795323368358834,0.032930664496078066,0.15,0.0,0.0,0.0,0.0,0.0,0.15,0.0,0.0,0.15,0.0,0.0,0.15,0.0,0.15,0.0,0.0
282,2018-06-04,0.15,0.0,0.0,0.0,0.0,0.0,0.023274012135563047,0.0,0.0,0.0,0.0,0.04379532336835884,0.03293066449607806,0.15,0.0,0.0,0.0,0.0,0.0,0.15,0.0,0.0,0.15,0.0,0.0,0.15,0.0,0.15,0.0,0.0
283,2018-07-03,0.15,0.0,0.0,0.0,0.0,0.0,0.06960482123276376,0.0,0.0,0.0,0.0,0.013086141546006777,0.017309037221229437,0.15,0.0,0.0,0.0,0.0,0.0,0.15,0.0,0.0,0.15,0.0,0.0,0.15,0.0,0.15,0.0,0.0
284,2018-08-02,0.15,0.0,0.0,0.0,0.0,0.0,0.023274012135563047,0.0,0.0,0.0,0.0,0.04379532336835884,0.03293066449607806,0.15,0.0,0.0,0.0,0.0,0.0,0.15,0.0,0.0,0.15,0.0,0.0,0.15,0.0,0.15,0.0,0.0
285,2018-08-31,0.15,0.0,0.0,0.0,0.0,0.0,0.023274012135563047,0.0,0.0,0.0,0.0,0.04379532336835884,0.03293066449607806,0.15,0.0,0.0,0.0,0.0,0.0,0.15,0.0,0.0,0.15,0.0,0.0,0.15,0.0,0.15,0.0,0.0
286,2018-10-02,0.15,0.0,0.0,0.0,0.0,0.0,0.023274012135563047,0.0,0.0,0.0,0.0,0.04379532336835884,0.03293066449607806,0.15,0.0,0.0,0.0,0.0,0.0,0.15,0.0,0.0,0.15,0.0,0.0,0.15,0.0,0.15,0.0,0.0
287,2018-10-31,0.15,0.0,0.0,0.0,0.0,0.0,0.023274012135563196,0.0,0.0,0.0,0.0,0.04379532336835887,0.03293066449607791,0.15,0.0,0.0,0.0,0.0,0.0,0.15,0.0,0.0,0.15,0.0,0.0,0.15,0.0,0.15,0.0,0.0
288,2018-11-30,0.15,0.0,0.0,0.0,0.0,0.0,0.023274012135563047,0.0,0.0,0.0,0.0,0.04379532336835884,0.03293066449607806,0.15,0.0,0.0,0.0,0.0,0.0,0.15,0.0,0.0,0.15,0.0,0.0,0.15,0.0,0.15,0.0,0.0
289,2019-01-03,0.15,0.0,0.0,0.0,0.0,0.0,0.023274012135563047,0.0,0.0,0.0,0.0,0.04379532336835884,0.03293066449607806,0.15,0.0,0.0,0.0,0.0,0.0,0.15,0.0,0.0,0.15,0.0,0.0,0.15,0.0,0.15,0.0,0.0
290,2019-02-04,0.15,0.0,0.0,0.0,0.0,0.0,0.021199369819602312,0.0,0.0,0.0,0.0,0.04517044651726653,0.0336301836631311,0.15,0.0,0.0,0.0,0.0,0.0,0.15,0.0,0.0,0.15,0.0,0.0,0.15,0.0,0.15,0.0,0.0
291,2019-03-06,0.15,0.0,0.0,0.0,0.0,0.0,0.023274012135563047,0.0,0.0,0.0,0.0,0.04379532336835884,0.03293066449607806,0.15,0.0,0.0,0.0,0.0,0.0,0.15,0.0,0.0,0.15,0.0,0.0,0.15,0.0,0.15,0.0,0.0
292,2019-04-04,0.15,0.0,0.0,0.0,0.0,0.0,0.02327401213556307,0.0,0.0,0.0,0.0,0.043795323368358834,0.03293066449607807,0.15,0.0,0.0,0.0,0.0,0.0,0.15,0.0,0.0,0.15,0.0,0.0,0.15,0.0,0.15,0.0,0.0
293,2019-05-06,0.15,0.0,0.0,0.0,0.0,0.0,0.023274012135563068,0.0,0.0,0.0,0.0,0.043795323368358834,0.032930664496078066,0.15,0.0,0.0,0.0,0.0,0.0,0.15,0.0,0.0,0.15,0.0,0.0,0.15,0.0,0.15,0.0,0.0
294,2019-06-05,0.15,0.0,0.0,0.0,0.0,0.0,0.023274012135563047,0.0,0.0,0.0,0.0,0.04379532336835884,0.03293066449607806,0.15,0.0,0.0,0.0,0.0,0.0,0.15,0.0,0.0,0.15,0.0,0.0,0.15,0.0,0.15,0.0,0.0
295,2019-07-05,0.15,0.0,0.0,0.0,0.0,0.0,0.023274012135563068,0.0,0.0,0.0,0.0,0.043795323368358834,0.032930664496078066,0.15,0.0,0.0,0.0,0.0,0.0,0.15,0.0,0.0,0.15,0.0,0.0,0.15,0.0,0.15,0.0,0.0
296,2019-08-05,0.15,0.0,0.0,0.0,0.0,0.0,0.023274012135563047,0.0,0.0,0.0,0.0,0.04379532336835884,0.03293066449607806,0.15,0.0,0.0,0.0,0.0,0.0,0.15,0.0,0.0,0.15,0.0,0.0,0.15,0.0,0.15,0.0,0.0
297,2019-09-04,0.15,0.0,0.0,0.0,0.0,0.0,0.0,0.0,0.0,0.0,0.0,0.05922190201729113,0.04077809798270883,0.15,0.0,0.0,0.0,0.0,0.0,0.15,0.0,0.0,0.15,0.0,0.0,0.15,0.0,0.15,0.0,0.0
298,2019-10-03,0.15,0.0,0.0,0.0,0.0,0.0,0.0,0.0,0.0,0.0,0.0,0.05922190201729113,0.04077809798270883,0.15,0.0,0.0,0.0,0.0,0.0,0.15,0.0,0.0,0.15,0.0,0.0,0.15,0.0,0.15,0.0,0.0
299,2019-11-01,0.15,0.0,0.0,0.0,0.0,0.0,0.0,0.0,0.0,0.0,0.0,0.05922190201729113,0.04077809798270883,0.15,0.0,0.0,0.0,0.0,0.0,0.15,0.0,0.0,0.15,0.0,0.0,0.15,0.0,0.15,0.0,0.0
300,2019-12-03,0.15,0.0,0.0,0.0,0.0,0.0,0.0,0.0,0.0,0.0,0.0,0.05922190201729113,0.04077809798270883,0.15,0.0,0.0,0.0,0.0,0.0,0.15,0.0,0.0,0.15,0.0,0.0,0.15,0.0,0.15,0.0,0.0
301,2020-01-03,0.15,0.0,0.0,0.0,0.0,0.0,0.0,0.0,0.0,0.0,0.0,0.05922190201729113,0.04077809798270883,0.15,0.0,0.0,0.0,0.0,0.0,0.15,0.0,0.0,0.15,0.0,0.0,0.15,0.0,0.15,0.0,0.0
302,2020-02-04,0.15,0.0,0.0,0.0,0.0,0.0,0.006843826759923056,0.0,0.0,0.0,0.0,0.05468564796892714,0.03847052527114976,0.15,0.0,0.0,0.0,0.0,0.0,0.15,0.0,0.0,0.15,0.0,0.0,0.15,0.0,0.15,0.0,0.0
303,2020-03-05,0.15,0.0,0.0,0.050986887932848605,0.0,0.0,0.0,0.0,0.0,0.0,0.0,0.0,0.15,0.12571489304992808,0.0,0.0,0.0,0.05533314785334035,0.0,0.1478067388884726,0.15,0.0,0.0,0.020158332275410536,0.0,0.15,0.0,0.0,0.0,0.0
304,2020-04-03,0.15,0.0,0.0,0.0,0.15,0.15,0.0,0.15,0.0,0.0,0.0,0.0,0.0,0.0,0.0,0.0,0.15,0.0,0.0,0.0,0.138133140376266,0.0,0.0,0.0,0.0,0.0,0.0,0.111866859623734,0.0,0.0
305,2020-05-05,0.15,0.0,0.0,0.0,0.15,0.15,0.0,0.15,0.0,0.0,0.0,0.0,0.0,0.0,0.0,0.0,0.15,0.0,0.0,0.0,0.138133140376266,0.0,0.0,0.0,0.0,0.0,0.0,0.111866859623734,0.0,0.0
306,2020-06-04,0.15,0.0,0.0,0.0,0.15,0.15,0.0,0.15,0.0,0.0,0.0,0.0,0.0,0.0,0.0,0.0,0.15,0.0,0.0,0.0,0.09301800003000082,0.0,0.0,0.0,0.0,0.0,0.050938826763511844,0.10604317320648733,0.0,0.0
307,2020-07-06,0.15,0.0,0.0,0.0,0.15,0.15,0.0,0.15,0.0,0.0,0.0,0.0,0.0,0.0,0.0,0.0,0.15,0.0,0.0,0.0,0.08123598574760234,0.0,0.0,0.0,0.0,0.0,0.06424172197452059,0.10452229227787707,0.0,0.0
308,2020-08-04,0.15,0.0,0.0,0.0,0.15,0.15,0.0,0.15,0.0,0.0,0.0,0.0,0.0,0.0,0.0,0.0,0.15,0.0,0.0,0.0,0.0987476690557604,0.0,0.0,0.0,0.0,0.0,0.044469543598806165,0.10678278734543342,0.0,0.0
309,2020-09-02,0.15,0.0,0.0,0.0,0.15,0.15,0.0,0.15,0.0,0.0,0.0,0.0,0.0,0.0,0.0,0.0,0.15,0.0,0.0,0.0,0.06873343197896009,0.0,0.0,0.0,0.0,0.0,0.07835816748780783,0.10290840053323208,0.0,0.0
310,2020-10-02,0.15,0.0,0.0,0.0,0.15,0.15,0.0,0.15,0.0,0.0,0.0,0.0,0.0,0.0,0.0,0.0,0.15,0.0,0.0,0.0,0.022590236289352302,0.0,0.0,0.0,0.0,0.0,0.13045775608506105,0.09695200762558663,0.0,0.0
311,2020-11-02,0.15,0.0,0.0,0.0,0.15,0.15,0.0,0.15,0.0,0.0,0.0,0.0,0.0,0.0,0.0,0.0,0.15,0.0,0.0,0.0,0.01624779872620191,0.0,0.0,0.0,0.0,0.0,0.13761890699378151,0.09613329428001657,0.0,0.0
312,2020-12-02,0.06585931445718356,0.0,0.0,0.0,0.15,0.15,0.0,0.15,0.0,0.0,0.0,0.0,0.0,0.0,0.0,0.0,0.15,0.0,0.0,0.0,0.10537430320722876,0.0,0.0,0.0,0.0,0.0,0.15,0.07876638233558768,0.0,0.0
313,2021-01-04,0.027017466416326883,0.0,0.0,0.0,0.15,0.15,0.0,0.15,0.0,0.0,0.0,0.0,0.0,0.0,0.0,0.0,0.15,0.0,0.0,0.0,0.15,0.004073293305146311,0.0,0.0,0.0,0.0,0.15,0.0689092402785268,0.0,0.0
314,2021-02-03,0.011651161733722628,0.0,0.0,0.0,0.15,0.15,0.0,0.15,0.0,0.0,0.0,0.0,0.0,0.0,0.0,0.0,0.15,0.0,0.0,0.0,0.15,0.051204272592835484,0.0,0.0,0.0,0.0,0.15,0.03714456567344187,0.0,0.0
315,2021-03-05,0.011740274548521865,0.0,0.0,0.0,0.15,0.15,0.0,0.15,0.0,0.0,0.0,0.0,0.0,0.0,0.0,0.0,0.15,0.0,0.0,0.0,0.15,0.05093094895938408,0.0,0.0,0.0,0.0,0.15,0.037328776492094026,0.0,0.0
316,2021-04-06,0.007184354036445055,0.0,0.0,0.0,0.15,0.15,0.0,0.15,0.0,0.0,0.0,0.0,0.0,0.0,0.0,0.0,0.15,0.0,0.0,0.0,0.15,0.06490470515687341,0.0,0.0,0.0,0.0,0.15,0.02791094080668151,0.0,0.0
317,2021-05-05,0.11588649121360199,0.0,0.0,0.0,0.15,0.15,0.0,0.15,0.0,0.0,0.0,0.0,0.0,0.0,0.0,0.0,0.15,0.0,0.0,0.0,0.0,0.11825113515828042,0.0,0.0,0.0,0.0,0.15,0.015862373628117588,0.0,0.0
318,2021-06-04,0.10917444669601066,0.0,0.0,0.0,0.15,0.15,0.0,0.15,0.0,0.0,0.0,0.0,0.0,0.0,0.0,0.0,0.15,0.0,0.0,0.0,0.0,0.1388380776711911,0.0,0.0,0.0,0.0,0.15,0.001987475632798219,0.0,0.0
319,2021-07-06,0.11274401838765938,0.0,0.0,0.0,0.15,0.15,0.0,0.15,0.0,0.0,0.0,0.0,0.0,0.0,0.0,0.0,0.15,0.0,0.0,0.0,0.0,0.12788961524382078,0.0,0.0,0.0,0.0,0.15,0.00936636636851984,0.0,0.0
320,2021-08-04,0.07536957584452243,0.0,0.0,0.0,0.15,0.15,0.0,0.15,0.0,0.0,0.0,0.0,0.0,0.0,0.0,0.0,0.15,0.0,0.0,0.0,0.0,0.14489961536114007,0.0,0.02973080879433751,0.0,0.0,0.15,0.0,0.0,0.0
321,2021-09-02,0.0,0.0,0.0,0.0,0.15,0.15,0.0,0.15,0.0,0.0,0.0,0.0,0.0,0.0,0.0,0.0,0.15,0.0,0.0,0.0,0.14393743971338002,0.10257175058975511,0.0,0.0,0.0,0.0,0.15,0.003490809696864869,0.0,0.0
322,2021-10-04,0.08818580154233577,0.0,0.0,0.0,0.15,0.15,0.0,0.15,0.0,0.0,0.0,0.0,0.0,0.0,0.005719554683242445,0.0,0.15,0.006094643774421769,0.0,0.0,0.0,0.15,0.0,0.0,0.0,0.0,0.15,0.0,0.0,0.0
323,2021-11-02,0.10837600285536923,0.0,0.0,0.0,0.15,0.15,0.0,0.15,0.0,0.0,0.0,0.0,0.0,0.0,0.002257639546864559,0.0,0.15,0.0,0.0,0.0,0.0,0.1393663575977662,0.0,0.0,0.0,0.0,0.15,0.0,0.0,0.0
324,2021-12-02,0.12751103994810525,0.0,0.0,0.0,0.15,0.15,0.0,0.15,0.0,0.0,0.0,0.0,0.0,0.0,0.0,0.0,0.15,0.0,0.0,0.0,0.0,0.08259673568155768,0.0,0.0,0.0,0.0,0.15,0.03989222437033707,0.0,0.0
325,2022-01-03,0.1310215716165139,0.0,0.0,0.0,0.15,0.15,0.0,0.15,0.0,0.0,0.0,0.0,0.0,0.0,0.0,0.0,0.15,0.0,0.0,0.0,0.0,0.07182935869860281,0.0,0.0,0.0,0.0,0.15,0.0471490696848833,0.0,0.0
326,2022-02-02,0.12015659492108602,0.0,0.0,0.0,0.15,0.15,0.0,0.15,0.0,0.0,0.0,0.0,0.0,0.0,0.0,0.0,0.15,0.0,0.0,0.0,0.0,0.10515402602562415,0.0,0.0,0.0,0.0,0.15,0.02468937905328984,0.0,0.0
327,2022-03-04,0.12800545692531756,0.0,0.0,0.0,0.15,0.15,0.0,0.15,0.0,0.0,0.0,0.0,0.0,0.0,0.0,0.0,0.15,0.0,0.0,0.0,0.0,0.08108027763951096,0.0,0.0,0.0,0.0,0.15,0.04091426543517147,0.0,0.0
328,2022-04-04,0.13066434640222427,0.0,0.0,0.0,0.15,0.15,0.0,0.15,0.0,0.0,0.0,0.0,0.0,0.0,0.0,0.0,0.15,0.0,0.0,0.0,0.0,0.0729250270797449,0.0,0.0,0.0,0.0,0.15,0.046410626518030816,0.0,0.0
329,2022-05-04,0.14077342824571765,0.0,0.0,0.0,0.15,0.15,0.0,0.15,0.0,0.0,0.0,0.0,0.0,0.0,0.04927299114921089,0.0,0.15,0.0,0.0,0.0,0.0,0.0,0.0,0.0,0.0,0.0,0.15,0.059953580605071465,0.0,0.0
330,2022-06-03,0.13504296576834388,0.0,0.0,0.0,0.15,0.15,0.0,0.15,0.0,0.0,0.0,0.0,0.0,0.0,0.0699328163965848,0.0,0.15,0.0,0.0,0.0,0.0,0.0,0.0,0.0,0.0,0.0,0.15,0.04502421783507133,0.0,0.0
331,2022-07-06,0.14536298067013687,0.0,0.0,0.0,0.15,0.15,0.0,0.15,0.0,0.0,0.0,0.0,0.0,0.0,0.032726446882225715,0.0,0.15,0.0,0.0,0.0,0.0,0.0,0.0,0.0,0.0,0.0,0.15,0.0719105724476374,0.0,0.0
332,2022-08-04,0.13886576606850298,0.0,0.0,0.0,0.15,0.15,0.0,0.15,0.0,0.0,0.0,0.0,0.0,0.0,0.05615061531443216,0.0,0.15,0.0,0.0,0.0,0.0,0.0,0.0,0.0,0.0,0.0,0.15,0.054983618617064856,0.0,0.0
333,2022-09-02,0.13607298099655993,0.0,0.0,0.0,0.15,0.15,0.0,0.15,0.0,0.0,0.0,0.0,0.0,0.0,0.06621934044222688,0.0,0.15,0.0,0.0,0.0,0.0,0.0,0.0,0.0,0.0,0.0,0.15,0.04770767856121319,0.0,0.0
334,2022-10-04,0.14129402424455953,0.0,0.0,0.0,0.15,0.15,0.0,0.15,0.0,0.0,0.0,0.0,0.0,0.0,0.04739610557443889,0.0,0.15,0.0,0.0,0.0,0.0,0.0,0.0,0.0,0.0,0.0,0.15,0.061309870181001584,0.0,0.0
335,2022-11-02,0.14257568451831404,0.0,0.0,0.0,0.15,0.15,0.0,0.15,0.0,0.0,0.0,0.0,0.0,0.0,0.04277538300853443,0.0,0.15,0.0,0.0,0.0,0.0,0.0,0.0,0.0,0.0,0.0,0.15,0.06464893247315154,0.0,0.0
336,2022-12-02,0.1407938275299557,0.0,0.0,0.0,0.15,0.15,0.0,0.15,0.0,0.0,0.0,0.0,0.0,0.0,0.04919944636129999,0.0,0.15,0.0,0.0,0.0,0.0,0.0,0.0,0.0,0.0,0.0,0.15,0.06000672610874431,0.0,0.0
337,2023-01-04,0.13706821440694694,0.0,0.0,0.0,0.15,0.15,0.0,0.15,0.0,0.0,0.0,0.0,0.0,0.0,0.0,0.0,0.15,0.0,0.0,0.0,0.0,0.0,0.03999979764002687,0.0,0.0,0.0,0.15,0.07293198795302619,0.0,0.0
338,2023-02-03,0.13687509176645732,0.0,0.0,0.0,0.15,0.15,0.0,0.15,0.0,0.0,0.0,0.0,0.0,0.0,0.06332752003496524,0.0,0.15,0.0,0.0,0.0,0.0,0.0,0.0,0.0,0.0,0.0,0.15,0.04979738819857742,0.0,0.0
339,2023-03-07,0.15,0.0,0.0,0.0,0.15,0.15,0.0,0.15,0.0,0.0,0.0,0.0,0.0,0.0,0.0805454163613496,0.0,0.15,0.0,0.0,0.0,0.0,0.0,0.0,0.0,0.0,0.0,0.1259569363882551,0.043497647250395295,0.0,0.0
340,2023-04-05,0.15,0.0,0.0,0.0,0.15,0.15,0.0,0.15,0.0,0.0,0.0,0.0,0.0,0.0,0.04499299036483826,0.0,0.15,0.0,0.0,0.0,0.0,0.0,0.0,0.0,0.0,0.0,0.1392019578379358,0.06580505179722596,0.0,0.0
341,2023-05-05,0.15,0.0,0.0,0.0,0.15,0.15,0.0,0.15,0.0,0.0,0.0,0.0,0.0,0.0,0.03381498316624176,0.0,0.15,0.0,0.0,0.0,0.0,0.0,0.0,0.0,0.0,0.0,0.14336631346094234,0.0728187033728159,0.0,0.0
342,2023-06-06,0.15,0.0,0.0,0.0,0.15,0.15,0.0,0.15,0.0,0.0,0.0,0.0,0.0,0.0,0.03579008704546481,0.0,0.15,0.0,0.0,0.0,0.0,0.0,0.0,0.0,0.0,0.0,0.14263049044711415,0.07157942250742104,0.0,0.0
343,2023-07-07,0.15,0.0,0.0,0.0,0.15,0.15,0.0,0.15,0.0,0.0,0.0,0.0,0.0,0.0,0.06216327903759589,0.0,0.15,0.0,0.0,0.0,0.0,0.0,0.0,0.0,0.0,0.0,0.13280518362651628,0.055031537335887816,0.0,0.0
344,2023-08-07,0.15,0.0,0.0,0.0,0.15,0.15,0.0,0.15,0.0,0.0,0.0,0.0,0.0,0.0,0.046591264874060685,0.0,0.15,0.0,0.0,0.0,0.0,0.0,0.0,0.0,0.0,0.0,0.13860652223646078,0.06480221288947853,0.0,0.0
345,2023-09-06,0.15,0.0,0.0,0.0,0.15,0.15,0.0,0.15,0.0,0.0,0.0,0.0,0.0,0.0,0.04116143721293064,0.0,0.15,0.0,0.0,0.0,0.0,0.0,0.0,0.0,0.0,0.0,0.14062939920825432,0.06820916357881504,0.0,0.0
346,2023-10-05,0.15,0.0,0.0,0.0,0.15,0.15,0.0,0.15,0.0,0.0,0.0,0.0,0.0,0.0,0.04603990260645342,0.0,0.15,0.0,0.0,0.0,0.0,0.0,0.0,0.0,0.0,0.0,0.13881193170870662,0.06514816568483997,0.0,0.0
347,2023-11-03,0.13560882197066457,0.0,0.0,0.0,0.15,0.15,0.0,0.15,0.0,0.0,0.0,0.0,0.0,0.0,0.06789275587769168,0.0,0.15,0.0,0.0,0.0,0.0,0.0,0.0,0.0,0.0,0.0,0.15,0.04649842215164373,0.0,0.0
348,2023-12-05,0.12860186384904573,0.0,0.0,0.0,0.15,0.15,0.0,0.15,0.0,0.0,0.0,0.0,0.0,0.0,0.09315468384247544,0.0,0.15,0.0,0.0,0.0,0.0,0.0,0.0,0.0,0.0,0.0,0.15,0.02824345230847883,0.0,0.0
349,2024-01-05,0.12844997296612282,0.0,0.0,0.0,0.15,0.15,0.0,0.15,0.0,0.0,0.0,0.0,0.0,0.0,0.09370229044669753,0.0,0.15,0.0,0.0,0.0,0.0,0.0,0.0,0.0,0.0,0.0,0.15,0.02784773658717965,0.0,0.0
350,2024-02-06,0.11277042199840938,0.0,0.0,0.0,0.15,0.15,0.0,0.15,0.0,0.0,0.0,0.0,0.0,0.0,0.0,0.0,0.15,0.0,0.0,0.0,0.0,0.0,0.09594597511850833,0.0,0.0,0.0,0.15,0.04128360288308229,0.0,0.0
351,2024-03-07,0.10986088460511043,0.0,0.0,0.0,0.15,0.15,0.0,0.15,0.0,0.0,0.0,0.0,0.0,0.0,0.0,0.0,0.15,0.0,0.0,0.0,0.0,0.0,0.10264524609131431,0.0,0.0,0.0,0.15,0.03749386930357525,0.0,0.0
352,2024-04-08,0.10417246525492443,0.0,0.0,0.0,0.15,0.15,0.0,0.15,0.0,0.0,0.0,0.0,0.0,0.0,0.0,0.0,0.15,0.0,0.0,0.0,0.0,0.0,0.11574295114972577,0.0,0.0,0.0,0.15,0.030084583595349795,0.0,0.0
353,2024-05-07,0.11717374160095345,0.0,0.0,0.0,0.15,0.15,0.0,0.15,0.0,0.0,0.0,0.0,0.0,0.0,0.0,0.0,0.15,0.0,0.0,0.0,0.0,0.0,0.08580723922693625,0.0,0.0,0.0,0.15,0.047019019172110293,0.0,0.0
354,2024-06-06,0.11927438652437293,0.0,0.0,0.0,0.15,0.15,0.0,0.15,0.0,0.0,0.0,0.0,0.0,0.0,0.0,0.0,0.15,0.0,0.0,0.0,0.0,0.0,0.08097046015956703,0.0,0.0,0.0,0.15,0.049755153316060036,0.0,0.0
355,2024-07-09,0.11977625762626187,0.0,0.0,0.0,0.15,0.15,0.0,0.15,0.0,0.0,0.0,0.0,0.0,0.0,0.0,0.0,0.15,0.0,0.0,0.0,0.0,0.0,0.0798148914039572,0.0,0.0,0.0,0.15,0.05040885096978092,0.0,0.0
356,2024-08-07,0.09850650500044252,0.0,0.0,0.0,0.15,0.15,0.0,0.15,0.0,0.0,0.0,0.0,0.0,0.0,0.0,0.0,0.15,0.0,0.0,0.0,0.0,0.0,0.12878894366844884,0.0,0.0,0.0,0.15,0.022704551331108644,0.0,0.0
357,2024-09-06,0.09383291243346376,0.0,0.0,0.0,0.15,0.15,0.0,0.15,0.0,0.0,0.0,0.0,0.0,0.0,0.0,0.0,0.15,0.0,0.0,0.0,0.0,0.0,0.13954998873863525,0.0,0.0,0.0,0.15,0.016617098827901005,0.0,0.0
358,2024-10-07,0.09194098204058515,0.0,0.0,0.0,0.15,0.15,0.0,0.15,0.0,0.0,0.0,0.0,0.0,0.0,0.0,0.0,0.15,0.0,0.0,0.0,0.0,0.0,0.14390619821467507,0.0,0.0,0.0,0.15,0.014152819744739795,0.0,0.0
359,2024-11-05,0.0938699912419794,0.0,0.0,0.0,0.15,0.15,0.0,0.15,0.0,0.0,0.0,0.0,0.0,0.0,0.0,0.0,0.15,0.0,0.0,0.0,0.0,0.0,0.13946461400306143,0.0,0.0,0.0,0.15,0.016665394754959185,0.0,0.0
360,2024-12-05,0.12697604559634357,0.0,0.0,0.0,0.15,0.15,0.0,0.15,0.0,0.0,0.0,0.0,0.0,0.0,0.09901618649037536,0.0,0.15,0.0,0.0,0.0,0.0,0.0,0.0,0.0,0.0,0.0,0.15,0.02400776791328108,0.0,0.0
361,2025-01-07,0.12861874159351067,0.0,0.0,0.0,0.15,0.15,0.0,0.15,0.0,0.0,0.0,0.0,0.0,0.0,0.09309383513216767,0.0,0.15,0.0,0.0,0.0,0.0,0.0,0.0,0.0,0.0,0.0,0.15,0.028287423274321672,0.0,0.0
362,2025-02-07,0.12303710155521028,0.0,0.0,0.0,0.15,0.15,0.0,0.15,0.0,0.0,0.0,0.0,0.0,0.0,0.11321711632288224,0.0,0.15,0.0,0.0,0.0,0.0,0.0,0.0,0.0,0.0,0.0,0.15,0.013745782121907484,0.0,0.0
363,2025-03-11,0.031061467671380804,0.0,0.0,0.0,0.15,0.15,0.0,0.15,0.0,0.0,0.0,0.0,0.0,0.0,0.0,0.0,0.15,0.022515274493944047,0.0,0.0,0.0,0.0,0.15,0.0,0.0,0.0,0.15,0.04642325783467514,0.0,0.0
364,2025-04-09,0.0956065896428046,0.0,0.08980130136579256,0.0,0.0,0.15,0.0,0.0,0.0,0.0,0.06423092396094547,0.0,0.0,0.0,0.01312395866123458,0.0,0.0,0.0,0.0,0.0,0.0,0.13723722636922264,0.15,0.0,0.0,0.15,0.15,0.0,0.0,0.0
365,2025-05-09,0.13990942903555526,0.0,0.15,0.062169675694881334,0.0,0.15,0.0,0.0,0.0,0.0,0.1304184261976444,0.0,0.0,0.0,0.04170562886113056,0.0,0.0,0.0,0.0,0.025796840210788482,0.0,0.0,0.0,0.0,0.0,0.15,0.15,0.0,0.0,0.0
366,2025-06-10,0.11447475665461475,0.0,0.15,0.10487724509065173,0.0,0.15,0.0,0.0,0.0,0.0,0.11351459327142746,0.0,0.0,0.0,0.01665254586405508,0.0,0.0,0.0,0.0,0.03534247758494331,0.0,0.015138381534307714,0.0,0.0,0.0,0.15,0.15,0.0,0.0,0.0
367,2025-07-11,0.09811565678515799,0.0,0.15,0.0,0.0,0.0,0.15,0.0,0.0,0.0,0.15,0.01586572321077812,0.0,0.0,0.0,0.0,0.0,0.004631205262151281,0.0,0.0,0.0,0.0,0.0,0.05941521133815291,0.0,0.15,0.0,0.0,0.0719722034037597,0.15
368,2025-08-11,0.08871728067430835,0.0,0.15,0.0,0.0,0.0,0.15,0.0,0.0,0.007242456974082334,0.15,0.0,0.0,0.0,0.0,0.0,0.0,0.016007038604938295,0.0,0.0,0.0,0.0,0.0,0.04386244514109592,0.0,0.15,0.0,0.0,0.0941707786055751,0.15
369,2025-09-10,0.09256886790341012,0.0,0.15,0.0,0.0,0.0,0.15,0.0,0.0,0.008316672351746398,0.15,0.0,0.0,0.0,0.0,0.0,0.0,0.01708453918563418,0.0,0.0,0.0,0.0,0.0,0.036236603894661004,0.0,0.15,0.0,0.0,0.09579331666454831,0.15
370,2025-10-09,0.11118469998891095,0.0,0.15,0.0,0.0,0.0,0.15,0.0,0.0,0.0,0.15,0.0,0.0,0.0,0.0,0.0,0.0,0.03318878098268547,0.0,0.0,0.0,0.0,0.0,0.01496892506354607,0.0,0.15,0.0,0.0,0.09065759396485751,0.15
371,2025-11-07,0.11054822596341905,0.0,0.15,0.0,0.0,0.0,0.15,0.0,0.0,0.0,0.15,0.0,0.0,0.0,0.0,0.0,0.0,0.032871148984512336,0.0,0.0,0.0,0.0,0.0,0.01601638196059248,0.0,0.15,0.0,0.0,0.09056424309147613,0.15
372,2025-12-09,0.11232767981879432,0.0,0.15,0.0,0.0,0.0,0.15,0.07757539449291723,0.0,0.0,0.15,0.0,0.0,0.0,0.0,0.0,0.0,0.028701575164634133,0.0,0.0,0.0,0.0,0.0,0.0,0.0,0.15,0.0,0.0,0.03139535052365432,0.15
373,2026-01-09,0.11703674365379976,0.0,0.15,0.0,0.0,0.0,0.14738248378207722,0.09077420933856822,0.0,0.0,0.15,0.0,0.0,0.0,0.0,0.0,0.0,0.03126703860148132,0.0,0.0,0.0,0.0,0.0,0.0,0.0,0.15,0.0,0.0,0.013539524624073436,0.15
374,2026-02-10,0.15,0.0,0.15,0.0,0.0,0.0,0.10440705573780991,0.0,0.0,0.0,0.15,0.0,0.0,0.0,0.0,0.0,0.0,0.033593492880961764,0.0,0.0710110525297748,0.0,0.0,0.0,0.1167383863882521,0.0,0.15,0.0,0.0,0.0,0.0742500124632014
375,2026-03-12,0.15,0.04969746417877651,0.15,0.0,0.0,0.0,0.11591346814017292,0.0063541008030975395,0.0,0.0,0.15,0.0,0.0,0.0,0.0,0.0,0.0,0.00782196165757871,0.0,0.15,0.0,0.0,0.0,0.0,0.0,0.15,0.0,0.0,0.0,0.07021300522037428
376,2026-04-13,0.13277342170705203,0.0,0.15,0.0,0.0,0.0,0.1337184127943697,0.15,0.0,0.0,0.15,0.0,0.0,0.0,0.0,0.0,0.0,0.038174356361096985,0.0,0.00019798845898905248,0.0,0.0,0.0,0.0,0.0,0.15,0.0,0.0,0.0,0.09513582067849234
377,2026-05-12,0.15,0.0,0.15,0.0,0.0,0.0,0.11330676305049041,0.09723768929484913,0.0,0.0,0.15,0.0,0.062243347991465275,0.0,0.0,0.0,0.0,0.008793499956959092,0.0,0.09433551295032247,0.0,0.0,0.02408318675591355,0.0,0.0,0.15,0.0,0.0,0.0,0.0
378,2026-06-11,0.15,0.0,0.15,0.0,0.0,0.0,0.11404163721504314,0.1459717534722254,0.0,0.0,0.15,0.0,0.053423244427473815,0.0,0.0,0.0,0.0,0.01309274229717928,0.0,0.07347062258807835,0.0,0.0,0.0,0.0,0.0,0.15,0.0,0.0,0.0,0.0
