Date,Food,Beer,Smoke,Games,Books,Hshld,Clths,Hlth,Chems,Txtls,Cnstr,Steel,FabPr,ElcEq,Autos,Carry,Mines,Coal,Oil,Util,Telcm,Servs,BusEq,Paper,Trans,Whlsl,Rtail,Meals,Fin,Other
1990-12-31,0.15,0.10765545105932253,0.15,0.0,0.0,0.0,0.0,0.15,0.0,0.0,0.0,0.0,0.0,0.0,0.0,0.0,0.15,0.0,0.0706683718185687,0.15,0.0,0.0,0.07167617712210876,0.0,0.0,0.0,0.0,0.0,0.0,0.0
1991-01-30,0.09937233942833651,0.0,0.15,0.0,0.0,0.0,0.0,0.15,0.0,0.0,0.0,0.10575603551533484,0.0,0.0,0.0,0.0,0.04487162505632864,0.0,0.15,0.15,0.0,0.0,0.15,0.0,0.0,0.0,0.0,0.0,0.0,0.0
1991-03-04,0.046938594372268355,0.0,0.15,0.0,0.0,0.0,0.0,0.15,0.0,0.0,0.0,0.1332694520673343,0.0,0.0,0.0,0.0,0.07117591667741442,0.0,0.15,0.14861603688298297,0.0,0.0,0.15,0.0,0.0,0.0,0.0,0.0,0.0,0.0
1991-04-03,0.10068078507614943,0.0,0.15,0.0,0.0,0.0,0.0,0.15,0.0,0.0,0.0,0.046171127677743715,0.0,0.0,0.0,0.0,0.15,0.0,0.10314808724610684,0.15,0.0,0.0,0.15,0.0,0.0,0.0,0.0,0.0,0.0,0.0
1991-05-02,0.03555190485410798,0.0,0.15,0.0,0.0,0.0,0.0,0.15,0.0,0.0,0.0,0.15,0.0,0.0,0.0,0.0,0.15,0.0,0.12230551474026388,0.15,0.0,0.0,0.09214258040562813,0.0,0.0,0.0,0.0,0.0,0.0,0.0
1991-06-03,0.0025153156247104103,0.0,0.15,0.0,0.0,0.0,0.0,0.15,0.0,0.0,0.0,0.15,0.0,0.0,0.0,0.0,0.15,0.0,0.1256660608883754,0.15,0.0,0.0,0.0,0.12181862348691419,0.0,0.0,0.0,0.0,0.0,0.0
1991-07-02,0.0,0.0,0.11170388638816842,0.0,0.0,0.0,0.0,0.15,0.0,0.0,0.0,0.15,0.0,0.0,0.0,0.0,0.15,0.016331455465251478,0.12196465814658013,0.15,0.0,0.0,0.0,0.15,0.0,0.0,0.0,0.0,0.0,0.0
1991-08-01,0.021132966815742872,0.0,0.15,0.0,0.0,0.0,0.0,0.15,0.0,0.0,0.0,0.02501849345362726,0.0,0.0,0.0,0.0,0.15,0.0,0.05384853973062985,0.15,0.0,0.0,0.0,0.0,0.0,0.15,0.0,0.0,0.15,0.0
1991-08-30,0.14348462123841413,0.0,0.11806059872618122,0.0,0.0,0.0,0.0,0.0,0.0,0.0,0.0,0.0,0.0,0.0,0.0,0.0,0.0,0.1445516257421892,0.14177328429102082,0.15,0.15,0.0,0.0,0.0,0.01654321356832891,0.13558665643386572,0.0,0.0,0.0,0.0
1991-10-01,0.0,0.0,0.15,0.0,0.0,0.0,0.0,0.052181429403209995,0.0,0.003371567084590226,0.0,0.0,0.0,0.0,0.0,0.1466108016449007,0.0,0.10733928337099305,0.0708163138259696,0.15,0.07540821539106779,0.0,0.0,0.0,0.15,0.0,0.09427238927926865,0.0,0.0,0.0
1991-10-30,0.15,0.0,0.0,0.0,0.07131126334424844,0.08071784222858558,0.0,0.0,0.0,0.15,0.0,0.15,0.0,0.0,0.0,0.06742083851174548,0.15,0.0,0.03055005591542045,0.15,0.0,0.0,0.0,0.0,0.0,0.0,0.0,0.0,0.0,0.0
1991-11-29,0.04126293734652061,0.0,0.0,0.0,0.08966410041053101,0.0,0.03655856187215068,0.0,0.0,0.1286369880545408,0.0,0.10891882514102716,0.0,0.0,0.0,0.0,0.15,0.15,0.0,0.15,0.0,0.0,0.0,0.0,0.0,0.14495858717522977,0.0,0.0,0.0,0.0
1991-12-31,0.028064329433806528,0.0,0.0,0.0,0.13616583152167339,0.0,0.10681075855657242,0.0,0.0,0.15,0.02502683179647247,0.04638929815159372,0.0,0.0,0.0,0.0,0.15,0.15,0.0,0.15,0.0,0.0,0.0,0.0,0.0,0.057542950539881496,0.0,0.0,0.0,0.0
1992-01-30,0.08120474678930306,0.0,0.0,0.0,0.14494147343024133,0.0,0.0,0.0,0.0,0.14282453318600838,0.031029246594447252,0.0,0.0,0.0,0.0,0.0,0.15,0.15,0.0,0.15,0.0,0.0,0.0,0.0,0.0,0.15,0.0,0.0,0.0,0.0
1992-03-02,0.03388604283102375,0.0,0.0,0.025252321388335934,0.15,0.0,0.06805533695506473,0.0,0.0,0.15,0.0,0.0,0.0,0.0,0.0,0.0,0.15,0.15,0.0,0.15,0.0,0.0,0.0,0.0,0.0,0.12280629882557557,0.0,0.0,0.0,0.0
1992-03-31,0.0,0.00984834226243788,0.0,0.13810118961470308,0.15,0.0,0.0,0.0,0.0,0.15,0.0,0.09207084672196846,0.0,0.0,0.0,0.0,0.15,0.1305990390000253,0.0,0.15,0.0,0.0,0.0,0.0,0.0,0.029380582400865263,0.0,0.0,0.0,0.0
1992-04-30,0.0,0.0,0.0619231946780682,0.15,0.15,0.0,0.0,0.0,0.0,0.15,0.02586487349820676,0.04358582103278132,0.0,0.0,0.029282898669621117,0.0,0.15,0.08934321212132255,0.0,0.15,0.0,0.0,0.0,0.0,0.0,0.0,0.0,0.0,0.0,0.0
1992-06-01,0.0,0.0,0.014356242425804739,0.15,0.06348405064177423,0.0,0.0,0.0,0.0,0.15,0.0,0.11648896802511992,0.0,0.0,0.030643850770123934,0.0,0.15,0.15,0.0011920565018463981,0.15,0.021440113935284152,0.0,0.0,0.0,0.0,0.0,0.0,0.0,0.0023947177000466884,0.0
1992-06-30,0.0,0.0,0.0,0.07474678031744308,0.15,0.0,0.0,0.0,0.0,0.1370708781135763,0.02744205046330773,0.15,0.0,0.0,0.0,0.0,0.15,0.09300914105005915,0.0,0.15,0.0,0.0,0.0,0.0,0.0,0.0,0.0,0.0,0.06773115005561374,0.0
1992-07-30,0.0,0.0,0.0,0.01864814023778687,0.15,0.0,0.0,0.0,0.0,0.11662886491758065,0.004769944907167512,0.15,0.0,0.0,0.0,0.0,0.15,0.1445548783926281,0.0,0.15,0.0,0.0,0.0,0.0,0.0,0.0,0.0,0.0,0.11539817154483695,0.0
1992-08-28,0.0,0.0,0.0,0.15,0.15,0.0,0.0,0.0,0.0,0.09967956321139931,0.0,0.04303485328287987,0.0,0.0,0.0,0.0,0.15,0.1292798659017302,0.008185301734069285,0.15,0.11982041586992138,0.0,0.0,0.0,0.0,0.0,0.0,0.0,0.0,0.0
1992-09-29,0.0,0.0,0.0,0.11402236996655139,0.15,0.0,0.0,0.0,0.0,0.08459294228222457,0.011608558608751924,0.03650379754185098,0.0,0.0,0.0,0.0,0.15,0.15,0.0,0.15,0.15,0.0,0.0,0.0,0.0,0.0,0.0,0.0,0.0,0.0032723316006211256
1992-10-28,0.0,0.0,0.0,0.15,0.15,0.0,0.0,0.0,0.0,0.11996216815146293,0.029737125422382917,0.07698054217726302,0.0,0.0,0.0,0.0,0.15,0.08935167231518072,0.0,0.15,0.08396849193371043,0.0,0.0,0.0,0.0,0.0,0.0,0.0,0.0,0.0
1992-11-27,0.11072839665876234,0.0,0.0,0.0,0.0,0.0,0.0,0.0,0.0,0.05714409716178683,0.0,0.0,0.0,0.0,0.10847425658518216,0.09369933461361758,0.0,0.0,0.15,0.15,0.15,0.0,0.0,0.10902040408362143,0.0,0.0,0.0,0.07093351089702968,0.0,0.0
1992-12-29,0.0,0.0,0.0,0.0,0.0,0.0,0.0,0.0,0.0,0.0,0.0,0.006423327070470312,0.0,0.0,0.09157931812541449,0.0820842264838243,0.0,0.0,0.15,0.15,0.15,0.0,0.0,0.14145483452317534,0.0,0.0,0.0,0.12438342332935241,0.10407487046776319,0.0
1993-01-28,0.15,0.0,0.0,0.0,0.0,0.0,0.0,0.0,0.0,0.03154464335425005,0.0,0.0,0.0,0.0,0.14100425680303005,0.12916522212317644,0.0,0.013464072780048892,0.15,0.15,0.15,0.0,0.0,0.03684406931311159,0.0,0.0,0.0,0.04233892042376244,0.005638815202619861,0.0
1993-03-01,0.0,0.04828888613007404,0.0,0.0,0.0,0.0,0.0,0.0,0.0,0.0,0.0,0.0,0.0,0.0,0.11656272167477717,0.15,0.15,0.05075511419207442,0.15,0.15,0.15,0.0,0.0,0.034393278003074367,0.0,0.0,0.0,0.0,0.0,0.0
1993-03-30,0.0,0.0,0.0,0.0,0.0,0.0,0.0,0.0,0.0,0.02959454404846709,0.0,0.0,0.0,0.0,0.09867742416976794,0.15,0.15,0.1031961512017646,0.15,0.15,0.15,0.0,0.0,0.018531880580000368,0.0,0.0,0.0,0.0,0.0,0.0
1993-04-29,0.0,0.01129904957245978,0.0,0.0,0.15,0.0,0.0,0.0,0.037110267815063006,0.0,0.0,0.015816924369866817,0.0,0.0,0.0,0.15,0.14990686205024953,0.0,0.15,0.15,0.15,0.0,0.0,0.0,0.0,0.03586689619236086,0.0,0.0,0.0,0.0
1993-05-28,0.0,0.010674958165537811,0.0,0.0,0.15,0.0,0.0,0.0,0.038524677651471606,0.0,0.0,0.01546508294747907,0.0,0.0,0.0,0.15,0.14975254464429713,0.0,0.15,0.15,0.15,0.0,0.0,0.0,0.0,0.035582736591214435,0.0,0.0,0.0,0.0
1993-06-29,0.0,0.07228128297104046,0.0,0.0,0.046159905753764455,0.0,0.0,0.0,0.0,0.025662069137588506,0.0,0.0,0.0,0.0,0.0,0.15,0.15,0.021962652247347655,0.15,0.15,0.15,0.0,0.0,0.0,0.0,0.08393408989025893,0.0,0.0,0.0,0.0
1993-07-29,0.0,0.06989639408396295,0.0,0.0,0.05530280646979485,0.0,0.0,0.0,0.0,0.0,0.0,0.0,0.0,0.0,0.0,0.15,0.15,0.03450734297471114,0.15,0.15,0.15,0.0,0.0,0.0,0.0,0.0902934564715311,0.0,0.0,0.0,0.0
1993-08-27,0.0,0.04734519280161772,0.0,0.0,0.054397790343852656,0.0,0.0,0.0,0.0,0.015059510878230636,0.0,0.0,0.0,0.0,0.0,0.15,0.15,0.045846515482981874,0.15,0.15,0.15,0.0,0.0,0.0,0.0,0.08735099049331714,0.0,0.0,0.0,0.0
1993-09-28,0.0,0.0331611085156383,0.0,0.0,0.1494383785880555,0.0,0.0,0.0,0.0,0.0,0.0,0.0,0.0,0.0,0.0,0.15,0.10696979939348111,0.06625031596453852,0.15,0.15,0.15,0.0,0.0,0.0,0.0,0.013378895122059744,0.0,0.0,0.030801502416226884,0.0
1993-10-27,0.0,0.15,0.0,0.0,0.07186643210422723,0.0,0.0,0.0,0.0,0.0,0.0,0.0,0.0,0.054925727988790814,0.0,0.15,0.10902740466297034,0.0663434865205256,0.15,0.15,0.09783694872348597,0.0,0.0,0.0,0.0,0.0,0.0,0.0,0.0,0.0
1993-11-26,0.0,0.15,0.0,0.0,0.09154959180072333,0.0,0.0,0.0,0.0,0.0,0.0,0.0,0.0,0.05727362474358437,0.0,0.15,0.11131026847696156,0.07536456201537202,0.15,0.15,0.06450195296335892,0.0,0.0,0.0,0.0,0.0,0.0,0.0,0.0,0.0
1993-12-28,0.0,0.15,0.0,0.0,0.0931717568678403,0.0,0.0,0.0,0.0,0.0,0.0,0.0,0.0,0.05555412045015749,0.0,0.15,0.11124706396868829,0.07532982700682682,0.15,0.15,0.06469723170648713,0.0,0.0,0.0,0.0,0.0,0.0,0.0,0.0,0.0
1994-01-26,0.0,0.15,0.0,0.0,0.078526303295629,0.0,0.0,0.0,0.0,0.0,0.0,0.0,0.0,0.06428389346317412,0.0,0.15,0.11382566329396693,0.07121663017543477,0.15,0.15,0.07214750977179517,0.0,0.0,0.0,0.0,0.0,0.0,0.0,0.0,0.0
1994-02-25,0.10552348974082776,0.0,0.0,0.0,0.15,0.0,0.0,0.0,0.0,0.0,0.0,0.0,0.0,0.0,0.15,0.08009462067138493,0.0,0.15,0.15,0.0,0.0,0.0,0.0,0.0,0.15,0.06438188958778732,0.0,0.0,0.0,0.0
1994-03-28,0.08639261067342972,0.0,0.0,0.0,0.15,0.0,0.0,0.0,0.0,0.0,0.0,0.0,0.0,0.0,0.15,0.1163991761744885,0.0,0.15,0.1181962690315869,0.0,0.0,0.0,0.0,0.0,0.15,0.07901194412049488,0.0,0.0,0.0,0.0
1994-04-28,0.15,0.15,0.0,0.0,0.06289797038284169,0.15,0.0,0.0,0.0,0.0,0.0,0.0,0.052121728792829995,0.0,0.03629025381216685,0.15,0.0,0.0066511495908649606,0.10480129669294508,0.0,0.048325215329332975,0.0,0.0,0.0,0.0,0.08891238539901847,0.0,0.0,0.0,0.0
1994-05-27,0.15,0.15,0.0,0.0,0.0,0.15,0.0,0.0,0.14775301385113768,0.0,0.0,0.0,0.0,0.0,0.0011389493363186973,0.15,0.0,0.0,0.15,0.027984606505014338,0.019111963505063903,0.0,0.0,0.0,0.0,0.054011466802465435,0.0,0.0,0.0,0.0
1994-06-28,0.15,0.10592770716978611,0.0,0.0,0.0,0.12134864319372503,0.0,0.0,0.13989858816513798,0.0,0.0,0.0,0.0,0.0,0.020807431802558854,0.15,0.0,0.0,0.15,0.0,0.0,0.0,0.0,0.13022299421874822,0.0,0.03179463545004385,0.0,0.0,0.0,0.0
1994-07-28,0.15,0.10791257576327964,0.023154498784388695,0.0,0.0,0.15,0.12121173676697147,0.0,0.01421129150766611,0.0,0.0,0.0,0.0,0.0,0.0813329831706382,0.15,0.0,0.05217691400705589,0.15,0.0,0.0,0.0,0.0,0.0,0.0,0.0,0.0,0.0,0.0,0.0
1994-08-26,0.14517648583444,0.15,0.04574538053402827,0.0,0.0,0.1179422768667298,0.15,0.0,0.0,0.0,0.0,0.0,0.0,0.0,0.0819436184168107,0.15,0.0,0.0643284819647496,0.09486375638324168,0.0,0.0,0.0,0.0,0.0,0.0,0.0,0.0,0.0,0.0,0.0
1994-09-27,0.08012522090866037,0.15,0.09577765676415427,0.0,0.0,0.15,0.15,0.0,0.04337667705388298,0.0,0.0,0.0,0.0,0.0,0.01892171028647577,0.15,0.0,0.07093115357888341,0.04193184195076361,0.0,0.0,0.0,0.0,0.0489357394571796,0.0,0.0,0.0,0.0,0.0,0.0
1994-10-26,0.15,0.15,0.09382846101189228,0.0,0.0,0.15,0.11755161893840273,0.0,0.08131718674949728,0.0,0.0,0.0,0.0,0.0,0.021830327549069776,0.07397166673525235,0.0,0.09197348040727026,0.05729088088217753,0.0,0.0,0.0,0.0,0.012236377726437882,0.0,0.0,0.0,0.0,0.0,0.0
1994-11-25,0.15,0.15,0.0,0.0,0.0,0.15,0.0,0.0,0.09322864782819432,0.0,0.0,0.036371514720555755,0.0,0.0,0.0,0.0,0.0,0.004672708489222562,0.15,0.15,0.0,0.0,0.11572712896202737,0.0,0.0,0.0,0.0,0.0,0.0,0.0
1994-12-27,0.15,0.0921170255993499,0.0,0.0,0.0,0.15,0.15,0.0,0.15,0.0,0.0,0.0,0.0,0.0,0.0,0.15,0.0,0.007882974400650083,0.15,0.0,0.0,0.0,0.0,0.0,0.0,0.0,0.0,0.0,0.0,0.0
1995-01-26,0.15,0.15,0.0,0.0,0.0,0.15,0.0,0.03350400712377558,0.15,0.0,0.0,0.0,0.0,0.0,0.0,0.15,0.0,0.0664959928762244,0.15,0.0,0.0,0.0,0.0,0.0,0.0,0.0,0.0,0.0,0.0,0.0
1995-02-27,0.05226659177633185,0.15,0.0,0.0,0.0,0.15,0.07394257973272247,0.07327755217108646,0.009347173649094404,0.0,0.0,0.0,0.0,0.0,0.0,0.14689783421710523,0.0,0.04426826845365965,0.0,0.15,0.0,0.0,0.0,0.0,0.0,0.0,0.0,0.0,0.15,0.0
1995-03-28,0.09583102198958202,0.15,0.0,0.0,0.0,0.15,0.019826422290657193,0.11246377982211428,0.0,0.0,0.0,0.0,0.0,0.0,0.0340749688565659,0.06386254231438236,0.0,0.07089343561765225,0.003047829109046002,0.15,0.0,0.0,0.0,0.0,0.0,0.0,0.0,0.0,0.15,0.0
1995-04-27,0.0,0.15,0.0,0.05087468384580869,0.0,0.15,0.0,0.10882033595986035,0.0,0.11732580544788156,0.0,0.0,0.0,0.06685204897169697,0.0,0.05612712577475244,0.0,0.0,0.15,0.15,0.0,0.0,0.0,0.0,0.0,0.0,0.0,0.0,0.0,0.0
1995-05-26,0.13422946593339527,0.15,0.0,0.0,0.0,0.15,0.0,0.0,0.0,0.15,0.0,0.0,0.0,0.02294459593404831,0.0,0.0,0.008014229860036538,0.0,0.08481170827251987,0.15,0.0,0.0,0.0,0.0,0.0,0.15,0.0,0.0,0.0,0.0
1995-06-27,0.0,0.13167258277408297,0.0,0.0,0.15,0.0,0.0,0.0,0.0,0.07698857471648003,0.0,0.0,0.0,0.0,0.0,0.15,0.0007533808424319758,0.05864219507782851,0.13194326658917652,0.15,0.0,0.0,0.0,0.0,0.0,0.15,0.0,0.0,0.0,0.0
1995-07-27,0.0,0.15,0.0,0.007785554282374744,0.15,0.0,0.0,0.0025899979959688076,0.0,0.04476936121000922,0.0,0.0,0.0,0.0,0.0,0.15,0.0,0.04485508651164723,0.15,0.15,0.0,0.0,0.0,0.0,0.0,0.15,0.0,0.0,0.0,0.0
1995-08-25,0.0,0.15,0.0,0.037002142908069906,0.15,0.0,0.0,0.0,0.0,0.15,0.0,0.0,0.0,0.0,0.0,0.15,0.0,0.009340465555866663,0.15,0.15,0.0055633917202534446,0.0,0.0,0.0,0.0,0.048093999815809974,0.0,0.0,0.0,0.0
1995-09-26,0.0,0.0,0.0,0.023371334866209355,0.15,0.0,0.07566047924385799,0.0,0.0,0.15,0.0,0.0,0.0,0.0,0.0,0.15,0.0,0.000968185889932631,0.15,0.15,0.15,0.0,0.0,0.0,0.0,0.0,0.0,0.0,0.0,0.0
1995-10-25,0.0,0.15,0.0,0.08108976220236296,0.07482098615572931,0.0,0.0,0.0,0.0,0.0,0.0,0.0,0.0,0.0,0.0,0.0,0.0,0.09408925164190775,0.15,0.15,0.15,0.0,0.0,0.0,0.0,0.15,0.0,0.0,0.0,0.0
1995-11-24,0.0,0.15,0.11382035772826464,0.0,0.15,0.0,0.04218113476472857,0.0,0.0,0.0049898156500628454,0.0,0.0,0.0,0.0,0.0,0.08729006405884208,0.016984375548244234,0.0469029247072937,0.052191455822387225,0.15,0.15,0.03563987172017674,0.0,0.0,0.0,0.0,0.0,0.0,0.0,0.0
1995-12-26,0.0,0.15,0.0,0.0,0.15,0.0,0.0,0.0,0.0,0.07178124083221851,0.0,0.0,0.0,0.12430957192311079,0.0,0.003275590064140376,0.0677295254250926,0.004937483205159301,0.02098652200086279,0.15,0.15,0.0,0.0,0.10698006654941566,0.0,0.0,0.0,0.0,0.0,0.0
1996-01-25,0.07880140872227555,0.15,0.0,0.0,0.08834611246275775,0.0,0.0,0.0,0.0,0.0,0.0,0.0,0.0,0.01153251444189805,0.0,0.06335232589989627,0.15,0.0,0.0,0.15,0.14295156688414168,0.0,0.0,0.15,0.0,0.0,0.015016071589030682,0.0,0.0,0.0
1996-02-26,0.09317048026289361,0.15,0.019159063460853623,0.0,0.15,0.0,0.0,0.0,0.0,0.12050583136758984,0.0,0.0,0.0,0.022808928242144897,0.0,0.0,0.14435569666651804,0.0,0.0,0.15,0.0,0.0,0.0,0.15,0.0,0.0,0.0,0.0,0.0,0.0
1996-03-26,0.0,0.0,0.0,0.0,0.0,0.0,0.0,0.0,0.15,0.0,0.0,0.15,0.15,0.0,0.0,0.0,0.15,0.0,0.0,0.0,0.0,0.0,0.06928833019745256,0.15,0.0,0.15,0.0,0.0,0.0,0.030711669802547414
1996-04-25,0.0,0.0,0.0,0.0,0.0,0.0,0.0,0.0,0.15,0.0,0.0,0.15,0.15,0.0,0.0,0.0,0.15,0.0,0.0,0.0,0.0,0.0,0.059017995751031505,0.15,0.0,0.15,0.0,0.0,0.0,0.04098200424896848
1996-05-24,0.0,0.0,0.0,0.0,0.0,0.0,0.0,0.0,0.15,0.0,0.0,0.15,0.15,0.0,0.0,0.0,0.15,0.0,0.0,0.0,0.0,0.0,0.007200000000000017,0.15,0.0,0.15,0.0,0.0,0.0,0.09279999999999997
1996-06-25,0.0,0.0,0.0,0.0,0.0,0.0,0.0,0.0,0.15,0.0,0.0,0.0,0.08791725434884805,0.0,0.0,0.01208274565115193,0.15,0.0,0.0,0.0,0.0,0.0,0.0,0.15,0.15,0.15,0.0,0.0,0.0,0.15
1996-07-25,0.0,0.0,0.10765647315062536,0.0,0.0,0.0,0.0,0.0,0.12455864127282248,0.0,0.0,0.024403210011671096,0.0,0.0,0.0,0.15,0.15,0.15,0.0,0.14338167556488107,0.0,0.0,0.0,0.15,0.0,0.0,0.0,0.0,0.0,0.0
1996-08-23,0.0,0.0,0.0,0.0,0.0,0.0,0.0,0.0,0.0,0.0,0.0,0.06426780950144259,0.0,0.002294621779036062,0.15,0.15,0.15,0.024133785739695924,0.15,0.15,0.0,0.0,0.0,0.15,0.0,0.009303782979825401,0.0,0.0,0.0,0.0
1996-09-24,0.0,0.0,0.036510348329516475,0.0,0.0,0.0,0.0,0.0,0.0,0.0,0.0,0.08293894766194759,0.0,0.0,0.15,0.08297697394936127,0.15,0.15,0.04757373005917463,0.15,0.0,0.0,0.0,0.15,0.0,0.0,0.0,0.0,0.0,0.0
1996-10-23,0.0,0.0,0.08837972433134149,0.0,0.0,0.0,0.0,0.0,0.0,0.0,0.0,0.05431116924030428,0.0,0.0,0.15,0.0,0.15,0.15,0.10730910642835426,0.15,0.0,0.0,0.0,0.15,0.0,0.0,0.0,0.0,0.0,0.0
1996-11-21,0.0,0.0,0.08452695298660658,0.0,0.0,0.0,0.0,0.0,0.0,0.0,0.0,0.022124475297831465,0.0,0.0,0.15,0.0,0.15,0.15,0.14334857171556187,0.15,0.0,0.0,0.0,0.15,0.0,0.0,0.0,0.0,0.0,0.0
1996-12-23,0.0,0.0,0.08672783183625038,0.0,0.0,0.0,0.0,0.0,0.0,0.0,0.0,0.04051098402089737,0.0,0.0,0.15,0.0,0.15,0.15,0.12276118414285223,0.15,0.0,0.0,0.0,0.15,0.0,0.0,0.0,0.0,0.0,0.0
1997-01-23,0.0,0.0,0.08668087668641307,0.0,0.0,0.0,0.0,0.0,0.0,0.0,0.0,0.039469860568140405,0.0,0.0,0.15,0.0,0.15,0.15,0.12968893349186578,0.14416032925358072,0.0,0.0,0.0,0.15,0.0,0.0,0.0,0.0,0.0,0.0
1997-02-25,0.0,0.0,0.09065657230349575,0.0,0.0,0.0,0.0,0.0,0.0,0.0,0.0,0.04505816759111188,0.0,0.0,0.15,0.0,0.15,0.1142852601053923,0.15,0.15,0.0,0.0,0.0,0.15,0.0,0.0,0.0,0.0,0.0,0.0
1997-03-26,0.08986624051865748,0.0,0.07259421881221448,0.0,0.0,0.0,0.0,0.0,0.0,0.0,0.0,0.0,0.0,0.0,0.15,0.0,0.15,0.15,0.15,0.15,0.0,0.0,0.0,0.0,0.0,0.0,0.0,0.0,0.087539540669128,0.0
1997-04-25,0.1453884841948097,0.0,0.07974189593266265,0.0,0.0,0.0,0.0,0.0,0.04743289443992163,0.0,0.0,0.0,0.0,0.0,0.15,0.02919398336047823,0.0982427420721278,0.15,0.15,0.15,0.0,0.0,0.0,0.0,0.0,0.0,0.0,0.0,0.0,0.0
1997-05-27,0.004789986102944242,0.0,0.08481783740887194,0.0,0.0,0.0,0.0,0.0,0.009780188500354918,0.0,0.008085130263637398,0.0,0.0,0.0,0.15,0.0,0.15,0.1425268577241915,0.15,0.15,0.0,0.0,0.0,0.15,0.0,0.0,0.0,0.0,0.0,0.0
1997-06-25,0.0003195005415806583,0.0,0.08568431133619078,0.0,0.0,0.0,0.0,0.0,0.0,0.0,0.02859716198512674,0.0,0.0,0.0,0.15,0.0,0.15,0.1353990261371018,0.15,0.15,0.0,0.0,0.0,0.15,0.0,0.0,0.0,0.0,0.0,0.0
1997-07-25,0.0,0.0,0.08184094087259484,0.0,0.0,0.0,0.0,0.0,0.04679058197897847,0.06387741060397424,0.0,0.15,0.0016908348082012431,0.0,0.15,0.0,0.10574899067679958,0.10005124105945161,0.0,0.15,0.0,0.0,0.0,0.0,0.0,0.0,0.0,0.0,0.0,0.15
1997-08-25,0.0,0.0,0.0838820063022884,0.0,0.0,0.0,0.0,0.0,0.02097533658940956,0.01589990585581905,0.0,0.15,0.012174080114648662,0.0,0.15,0.0,0.15,0.11706867113783424,0.0,0.15,0.0,0.0,0.0,0.0,0.0,0.0,0.0,0.0,0.0,0.15
1997-09-24,0.0,0.0,0.08422974278186092,0.0,0.0,0.0,0.0,0.0,0.020948047907624785,0.03204039185299725,0.0,0.15,0.0,0.0,0.15,0.0,0.15,0.112781817457517,0.0,0.15,0.0,0.0,0.0,0.0,0.0,0.0,0.0,0.0,0.0,0.15
1997-10-23,0.0,0.0,0.08870159914130661,0.0,0.0,0.0,0.0,0.0,0.06059833802470302,0.026591412725347992,0.0,0.09582657567455999,0.0009746966294360228,0.0,0.15,0.0,0.15,0.12730737780464635,0.0,0.15,0.0,0.0,0.0,0.0,0.0,0.0,0.0,0.0,0.0,0.15
1997-11-21,0.0,0.15,0.0,0.0,0.15,0.0,0.11581116523042342,0.0,0.0,0.15,0.0,0.0,0.0,0.13418883476957658,0.0,0.0,0.0,0.15,0.0,0.15,0.0,0.0,0.0,0.0,0.0,0.0,0.0,0.0,0.0,0.0
1997-12-24,0.0,0.15,0.15,0.0,0.15,0.0,0.036115307150050194,0.0,0.0,0.15,0.0,0.0,0.0,0.06388469284994978,0.0,0.0,0.0,0.15,0.0,0.15,0.0,0.0,0.0,0.0,0.0,0.0,0.0,0.0,0.0,0.0
1998-01-27,0.0,0.15,0.0,0.0,0.15,0.0,0.0,0.0,0.0,0.10367892976588637,0.0,0.0,0.0,0.15,0.0,0.0,0.0,0.15,0.0,0.15,0.14632107023411361,0.0,0.0,0.0,0.0,0.0,0.0,0.0,0.0,0.0
1998-02-26,0.0,0.15,0.0,0.0,0.15,0.0,0.0,0.0,0.0,0.15,0.0,0.0,0.0,0.15,0.13395882818685662,0.0,0.0,0.11604117181314338,0.0,0.15,0.0,0.0,0.0,0.0,0.0,0.0,0.0,0.0,0.0,0.0
1998-03-27,0.0,0.15,0.0,0.0,0.15,0.0,0.03483895319577251,0.0,0.0,0.15,0.0,0.0,0.0,0.06516104680422746,0.15,0.0,0.0,0.15,0.0,0.15,0.0,0.0,0.0,0.0,0.0,0.0,0.0,0.0,0.0,0.0
1998-04-28,0.0,0.15,0.0,0.0,0.15,0.0,0.09670181130035131,0.0,0.0,0.15,0.0,0.0,0.0,0.0,0.15,0.0,0.0,0.15,0.0,0.15,0.003298188699648666,0.0,0.0,0.0,0.0,0.0,0.0,0.0,0.0,0.0
1998-05-28,0.0,0.15,0.0,0.0,0.15,0.0,0.05595331759769195,0.0,0.0,0.15,0.0,0.0,0.0,0.0,0.15,0.0,0.0,0.15,0.0,0.15,0.0,0.0,0.0,0.0,0.0,0.0,0.04404668240230803,0.0,0.0,0.0
1998-06-26,0.0,0.15,0.0,0.0,0.15,0.0,0.15,0.0,0.0,0.15,0.0,0.0,0.0,0.0,0.15,0.0,0.0,0.08709802703122567,0.0,0.15,0.012901972968774298,0.0,0.0,0.0,0.0,0.0,0.0,0.0,0.0,0.0
1998-07-28,0.0,0.15,0.0,0.0,0.15,0.0,0.13464110127826937,0.0,0.0,0.0,0.0,0.0,0.0,0.0,0.15,0.0,0.0,0.15,0.0,0.15,0.11535889872173063,0.0,0.0,0.0,0.0,0.0,0.0,0.0,0.0,0.0
1998-08-26,0.0,0.15,0.08889585027522179,0.0,0.15,0.15,0.0,0.0,0.0,0.0,0.0,0.0,0.0,0.0,0.0,0.0,0.0,0.07376055632002991,0.0,0.15,0.06522706774906585,0.0,0.0,0.0,0.0,0.0,0.0,0.02211652565568245,0.0,0.15
1998-09-25,0.15,0.0,0.15,0.0,0.15,0.0,0.0,0.0,0.0,0.0,0.0,0.0,0.0,0.0,0.010152284263959383,0.0,0.0,0.0,0.15,0.15,0.15,0.0,0.0,0.0,0.0,0.0,0.0,0.0,0.0,0.0898477157360406
1998-10-26,0.15,0.0,0.15,0.0,0.055205247566652633,0.0,0.0,0.0,0.044794752433347344,0.0,0.0,0.0,0.0,0.0,0.0,0.0,0.0,0.0,0.15,0.15,0.15,0.0,0.0,0.0,0.0,0.0,0.0,0.0,0.0,0.15
1998-11-24,0.15,0.0,0.15,0.0,0.15,0.0,0.0,0.0,0.021891819160387533,0.0,0.0,0.0,0.0,0.0,0.07810818083961245,0.0,0.0,0.0,0.15,0.15,0.0,0.0,0.0,0.0,0.0,0.0,0.0,0.0,0.0,0.15
1998-12-24,0.11451612903225791,0.0,0.15,0.0,0.15,0.0,0.0,0.0,0.0,0.0,0.0,0.0,0.0,0.0,0.1354838709677421,0.0,0.0,0.0,0.15,0.15,0.15,0.0,0.0,0.0,0.0,0.0,0.0,0.0,0.0,0.0
1999-01-27,0.0402347171133299,0.0,0.15,0.0,0.15,0.0,0.0,0.0,0.0,0.0,0.0,0.0,0.0,0.0,0.15,0.0,0.0,0.0,0.15,0.15,0.15,0.05976528288667009,0.0,0.0,0.0,0.0,0.0,0.0,0.0,0.0
1999-02-26,0.035249307479224216,0.0,0.15,0.0,0.15,0.0,0.0,0.0,0.0,0.0,0.0,0.0,0.0,0.15,0.15,0.0,0.0,0.06475069252077575,0.0,0.15,0.15,0.0,0.0,0.0,0.0,0.0,0.0,0.0,0.0,0.0
1999-03-29,0.0,0.0,0.15,0.0,0.15,0.0,0.0,0.0,0.0,0.0,0.0,0.0,0.0,0.1295199380565234,0.0,0.0,0.0,0.15,0.1204800619434766,0.15,0.15,0.0,0.0,0.0,0.0,0.0,0.0,0.0,0.0,0.0
1999-04-28,0.10338044510072769,0.0,0.15,0.0,0.15,0.0,0.0,0.0,0.0,0.0,0.0,0.0,0.0,0.0,0.0,0.0,0.0,0.1466195548992723,0.15,0.15,0.15,0.0,0.0,0.0,0.0,0.0,0.0,0.0,0.0,0.0
1999-05-27,0.13582537809717904,0.0,0.15,0.0,0.15,0.0,0.0,0.0,0.0,0.0,0.0,0.0,0.0,0.0,0.0,0.0,0.0,0.11417462190282095,0.15,0.15,0.15,0.0,0.0,0.0,0.0,0.0,0.0,0.0,0.0,0.0
1999-06-28,0.0,0.0,0.15,0.0,0.0,0.0,0.0,0.0,0.0,0.0,0.0,0.15,0.0,0.0,0.0,0.0,0.14095781466113413,0.10904218533886587,0.15,0.15,0.15,0.0,0.0,0.0,0.0,0.0,0.0,0.0,0.0,0.0
1999-07-28,0.0,0.0,0.0,0.0,0.15,0.0,0.0,0.0,0.0,0.0,0.0,0.15,0.0,0.0,0.0,0.014317602040816698,0.08568239795918328,0.0,0.15,0.15,0.15,0.0,0.0,0.15,0.0,0.0,0.0,0.0,0.0,0.0
1999-08-26,0.0,0.0,0.0,0.0,0.0,0.0,0.0,0.0,0.11230743469524461,0.0,0.0,0.15,0.0,0.0,0.0,0.0,0.15,0.0,0.15,0.15,0.13769256530475538,0.0,0.0,0.15,0.0,0.0,0.0,0.0,0.0,0.0
1999-09-27,0.0024092998580656096,0.0,0.0,0.06794821087925323,0.0,0.11958081285236852,0.0,0.0,0.0,0.0,0.0,0.0,0.0,0.15,0.0,0.0,0.11344690287215313,0.0,0.0056487260096217086,0.09096604752853786,0.15,0.0,0.0,0.15,0.0,0.0,0.0,0.15,0.0,0.0
1999-10-26,0.0,0.0,0.0,0.10097732201096322,0.12011886046874111,0.032898578025165104,0.0,0.0,0.0,0.0,0.0,0.15,0.055624856757175635,0.13156946358805036,0.0,0.0,0.014183811740814945,0.0,0.04612970832167804,0.0,0.006060180328043829,0.0,0.15,0.04243721875936813,0.0,0.0,0.0,0.15,0.0,0.0
1999-11-24,0.0,0.0,0.0,0.0976141888126551,0.12334844235274997,0.0,0.0,0.0,0.0,0.007030112513103037,0.0,0.15,0.0,0.009191777567900761,0.0,0.0,0.0,0.0,0.08578962451175634,0.0,0.14882326690643127,0.0,0.15,0.07820258733540356,0.0,0.0,0.0,0.15,0.0,0.0
1999-12-27,0.0,0.0,0.0,0.1114171535719532,0.0,0.015747927881303414,0.0,0.0,0.0,0.0,0.0,0.15,0.11268449389569739,0.15,0.0,0.0,0.0479728823607216,0.0,0.15,0.09949632826865666,0.0,0.0,0.11790200304304142,0.0,0.0,0.0,0.0,0.04477921097862633,0.0,0.0
2000-01-27,0.0,0.0,0.0,0.15,0.0,0.11527897539510605,0.0,0.0,0.0,0.0,0.0,0.15,0.15,0.0,0.0,0.0,0.0251407315399511,0.06031287210561635,0.15,0.15,0.0,0.0,0.04926742095932649,0.0,0.0,0.0,0.0,0.0,0.0,0.0
2000-02-28,0.0,0.0,0.0,0.15,0.0,0.0,0.0,0.0691076921011835,0.0,0.0,0.0,0.15,0.15,0.0,0.0,0.0,0.01030239250140407,0.020589915397412423,0.15,0.15,0.0,0.0,0.15,0.0,0.0,0.0,0.0,0.0,0.0,0.0
2000-03-28,0.0,0.0,0.00946588396749017,0.15,0.0,0.0,0.0,0.054037525296297906,0.0,0.0,0.0,0.15,0.06986392026424844,0.0,0.0,0.0,0.0,0.0,0.15,0.15,0.0,0.0,0.11663267047196348,0.0,0.0,0.15,0.0,0.0,0.0,0.0
2000-04-27,0.0,0.04774399793328804,0.0,0.08573968593355896,0.0,0.0,0.0,0.0,0.0,0.0,0.0,0.0,0.0,0.15,0.0,0.0,0.15,0.11651631613315298,0.15,0.15,0.0,0.0,0.15,0.0,0.0,0.0,0.0,0.0,0.0,0.0
2000-05-26,0.0,0.15,0.0,0.15,0.0,0.0,0.0,0.0,0.0,0.0,0.0,0.0,0.0,0.15,0.0,0.0,0.15,0.07912684213070993,0.15,0.07944372521029566,0.0,0.0,0.09142943265899439,0.0,0.0,0.0,0.0,0.0,0.0,0.0
2000-06-27,0.0,0.15,0.0,0.15,0.0,0.0,0.0,0.0902493097394498,0.0,0.0,0.0,0.07391542178995161,0.0,0.15,0.0,0.0,0.11935077654135856,0.09916126238156729,0.15,0.017323229547672746,0.0,0.0,0.0,0.0,0.0,0.0,0.0,0.0,0.0,0.0
2000-07-27,0.0,0.15,0.0,0.15,0.0,0.0,0.0,0.0,0.0,0.0,0.0,0.11458712811596301,0.0,0.09711664880301726,0.0,0.0,0.08212717170913005,0.13542354379087526,0.15,0.12074550758101443,0.0,0.0,0.0,0.0,0.0,0.0,0.0,0.0,0.0,0.0
2000-08-25,0.0,0.11987806765110051,0.0,0.15,0.0,0.0,0.0,0.0,0.0,0.0,0.0,0.10660965382162012,0.0,0.07150548495686479,0.0,0.0,0.11753501535565504,0.13447177821475959,0.15,0.15,0.0,0.0,0.0,0.0,0.0,0.0,0.0,0.0,0.0,0.0
2000-09-26,0.0,0.15,0.0,0.010866226281931582,0.0,0.0,0.0,0.0,0.0,0.0,0.0,0.09933530486754019,0.0,0.0,0.0,0.0,0.15,0.13902970042071677,0.15,0.15,0.0,0.0,0.0,0.0,0.0,0.0,0.0,0.029843482648086186,0.0,0.12092528578172514
2000-10-25,0.0,0.15,0.034972012390630976,0.0,0.0,0.0,0.0,0.0,0.0,0.0,0.0,0.0025677952285201922,0.0,0.0,0.0,0.15,0.15,0.15,0.15,0.15,0.0,0.0,0.0,0.0,0.0,0.0,0.0,0.0,0.0,0.06246019238084881
2000-11-24,0.0,0.15,0.014247311153503655,0.0,0.0,0.0,0.0,0.0,0.0,0.0,0.0,0.0,0.0,0.0,0.0,0.14430272176912903,0.15,0.15,0.15,0.15,0.0,0.0,0.0,0.0,0.0,0.0,0.0,0.07565329722877767,0.0,0.01579666984858962
2000-12-26,0.0,0.15,0.0813984242026667,0.0,0.0,0.0,0.0,0.0,0.0,0.0,0.0,0.0,0.0,0.0,0.0,0.06451645674722974,0.15,0.10408511905010356,0.15,0.15,0.0,0.0,0.0,0.0,0.0,0.0,0.0,0.15,0.0,0.0
2001-01-26,0.0,0.15,0.0698099145466672,0.0,0.0,0.0,0.0,0.0,0.0,0.0,0.0,0.0,0.0,0.0,0.0,0.0851386478826046,0.15,0.12099696568116672,0.15,0.1240544718895615,0.0,0.0,0.0,0.0,0.0,0.0,0.0,0.15,0.0,0.0
2001-02-27,0.0,0.15,0.0,0.0,0.0,0.0,0.0,0.0,0.0,0.07591152827217046,0.0,0.0,0.0,0.0,0.0,0.058355148215676285,0.15,0.11573332351215326,0.15,0.15,0.0,0.0,0.0,0.0,0.0,0.0,0.0,0.15,0.0,0.0
2001-03-28,0.0,0.126406517274591,0.018958220375974333,0.0,0.0,0.0,0.0,0.0,0.0,0.0,0.0,0.0,0.0,0.0,0.0,0.10463526234943465,0.15,0.15,0.15,0.15,0.0,0.0,0.0,0.0,0.0,0.0,0.0,0.15,0.0,0.0
2001-04-27,0.15,0.0,0.10170151210154721,0.0,0.15,0.0,0.0,0.0,0.0,0.09210467839081012,0.0,0.0,0.0,0.0,0.0,0.03089530427690666,0.12426909498747428,0.07115909671983792,0.008931066248874183,0.15,0.0,0.0,0.0,0.0,0.0699820933504851,0.0,0.0,0.050957153924064524,0.0,0.0
2001-05-29,0.1401030090064669,0.0,0.06527734392405944,0.0,0.15,0.0,0.0,0.0,0.0,0.09982771894657763,0.0,0.0,0.0,0.0,0.0,0.020142844938518138,0.15,0.07704592103508415,0.0,0.15,0.0,0.0,0.0,0.0015270822309541683,0.05919588404461169,0.0,0.0,0.08688019587372833,0.0,0.0
2001-06-27,0.13545651159252078,0.0,0.05658961283727146,0.0,0.10747302606024937,0.0,0.0,0.0,0.0,0.11950122467879479,0.09476039094017279,0.0,0.0,0.0,0.0,0.0,0.15,0.07227275011041343,0.0,0.15,0.0,0.0,0.0,0.0,0.007191019182463783,0.0,0.0,0.10675546459811347,0.0,0.0
2001-07-27,0.15,0.0,0.03558916459193901,0.0,0.14224937942283505,0.05525049638358507,0.0,0.0,0.0,0.09275049376668817,0.0,0.0,0.0,0.0,0.007900389989430781,0.0,0.15,0.056804186025233246,0.06178190113268391,0.15,0.0,0.0,0.0,0.0,0.0,0.0,0.0,0.0976739886876047,0.0,0.0
2001-08-27,0.15,0.024581561934896627,0.020606584033030357,0.0,0.13253384887521258,0.07463399698165875,0.0,0.0,0.0,0.115909772123726,0.0,0.0,0.0,0.0,0.008739159953187477,0.0,0.15,0.05368934911921055,0.05233920858030381,0.12447469517010826,0.0,0.0,0.0,0.0,0.0,0.0,0.0,0.09249182322866571,0.0,0.0
2001-10-02,0.15,0.05978622387840771,0.1126989232154891,0.0,0.15,0.0,0.0,0.002939387418234884,0.0,0.0,0.0,0.0,0.0,0.0,0.0,0.0,0.15,0.11362497788131777,0.029144771446641102,0.15,0.0,0.0,0.0,0.04382945663957782,0.0,0.0,0.037976259520331616,0.0,0.0,0.0
2001-10-31,0.15,0.07714164937839975,0.08669850786389031,0.0,0.15,0.0,0.0,0.0,0.0,0.015022821422483955,0.0011549163920507068,0.0,0.0,0.0,0.0,0.0,0.15,0.12014892825383201,0.06226181740622784,0.15,0.0,0.0,0.0,0.0,0.0,0.0,0.03757135928311543,0.0,0.0,0.0
2001-11-30,0.15,0.05591800413716347,0.11239795941301148,0.0,0.15,0.0,0.0,0.0,0.0,0.028354246377360542,0.0032459963194864066,0.0,0.0,0.0,0.0,0.0,0.15,0.125934212165216,0.03678384017785387,0.15,0.0,0.0,0.0,0.0,0.0,0.0,0.03736574140990821,0.0,0.0,0.0
2002-01-02,0.15,0.0,0.15,0.0,0.14998771630546628,0.03097474606339634,0.0,0.0,0.0,0.037457969374424124,0.0,0.0,0.0,0.0,0.0,0.0,0.15,0.13528793799918423,0.0,0.14117009848773274,0.0,0.0,0.0,0.0,0.0,0.0,0.055121531769796325,0.0,0.0,0.0
2002-02-01,0.15,0.0,0.15,0.0,0.15,0.04709788295396635,0.0,0.0,0.0,0.029270249073261333,0.0,0.0,0.0,0.0,0.0,0.0,0.15,0.13166080321250154,0.0,0.15,0.0,0.0,0.0,0.0,0.0,0.0,0.0,0.04197106476027082,0.0,0.0
2002-03-05,0.15,0.10031471756342755,0.15,0.0,0.0,0.0,0.0,0.0,0.0,0.0,0.01657948466373558,0.0,0.15,0.0,0.0,0.0,0.15,0.0,0.1295843967281586,0.08133337501739327,0.0,0.0,0.0,0.0,0.0,0.0,0.0,0.07218802602728507,0.0,0.0
2002-04-04,0.14104621308517717,0.05587973279126177,0.15,0.0,0.0845457009889732,0.0,0.0,0.0,0.0,0.0,0.0,0.0,0.0,0.0,0.0,0.0,0.15,0.018569650264316027,0.15,0.15,0.0,0.0,0.0,0.0,0.0,0.0,0.0,0.09995870287027168,0.0,0.0
2002-05-03,0.15,0.15,0.15,0.005899337520093335,0.10234305440895665,0.0,0.0,0.0,0.0,0.0,0.0,0.0,0.0,0.0,0.0,0.0,0.14135277028127544,0.00040483778967457775,0.0,0.15,0.0,0.0,0.0,0.0,0.0,0.0,0.0,0.15,0.0,0.0
2002-06-04,0.15,0.15,0.15,0.0,0.05408776532907712,0.07666553990076794,0.0,0.0,0.0,0.0,0.0,0.0,0.0,0.0,0.0,0.0,0.15,0.07163433829022303,0.0,0.0,0.0,0.0,0.0,0.0,0.047612356479931936,0.0,0.0,0.15,0.0,0.0
2002-07-03,0.15,0.15,0.15,0.0,0.0,0.07602642334334275,0.11085852986163576,0.0,0.0,0.0,0.0,0.0,0.0,0.0,0.0,0.0,0.05226374362057026,0.15,0.010851303174451224,0.0,0.0,0.0,0.0,0.0,0.0,0.0,0.0,0.15,0.0,0.0
2002-08-02,0.05308889899884998,0.15,0.15,0.0,0.0,0.15,0.03152910704646058,0.0,0.0,0.0,0.15,0.0,0.0,0.0,0.0,0.0,0.15,0.0,0.0,0.0,0.0,0.0,0.0,0.0,0.15,0.0,0.0,0.0,0.015381993954689432,0.0
2002-09-03,0.011933830283000707,0.15,0.15,0.0,0.0,0.15,0.15,0.0,0.0,0.0,0.0,0.0,0.0,0.016878135245500855,0.0,0.0,0.15,0.0,0.0,0.0,0.0,0.0,0.0,0.0,0.07118803447149841,0.0,0.0,0.0,0.15,0.0
2002-10-02,0.0,0.03740404035915383,0.043905636955447816,0.051499384764237925,0.15,0.047105488168764614,0.15,0.0,0.0,0.0,0.0,0.0,0.0,0.15,0.0,0.0,0.15,0.0,0.0,0.0,0.0,0.0,0.0,0.0,0.15,0.0,0.0,0.047022021020942655,0.023063428731453152,0.0
2002-10-31,0.05415553057667269,0.0,0.041211525283554644,0.05604808991656872,0.15,0.030959505540298634,0.15,0.0,0.0,0.0,0.0,0.0,0.0,0.1255874502797771,0.0,0.0,0.15,0.0,0.0,0.0,0.0,0.019975023668333404,0.0,0.0,0.15,0.0,0.0,0.04297988558502699,0.029082989149767854,0.0
2002-12-02,0.0,0.0,0.046480134781698094,0.11460398507636045,0.1213687852835309,0.09485984151265103,0.15,0.0,0.0,0.0,0.0,0.0,0.0,0.13179052808386996,0.0,0.0,0.15,0.0,0.0,0.0,0.0,0.0,0.0,0.0,0.15,0.0,0.0,0.012544505922938329,0.028352219338951424,0.0
2003-01-02,0.0,0.0,0.04975289263528204,0.11221208511987041,0.15,0.08537136277333078,0.15,0.0,0.0,0.0,0.0,0.0,0.0,0.12730708178980288,0.0,0.0,0.15,0.0,0.0,0.0,0.0,0.0,0.0,0.0,0.15,0.0,0.0,0.007254254292681377,0.018102323389032497,0.0
2003-02-03,0.0,0.15,0.0,0.0,0.15,0.15,0.0,0.0,0.1001098901098903,0.0,0.0,0.0,0.0,0.0,0.0,0.0,0.15,0.0,0.1498901098901097,0.0,0.0,0.0,0.0,0.15,0.0,0.0,0.0,0.0,0.0,0.0
2003-03-05,0.0,0.1496428571428533,0.0,0.0,0.0,0.15,0.15,0.0,0.0,0.0,0.0,0.0,0.0,0.0,0.0,0.0,0.15,0.15,0.15,0.0,0.0,0.0,0.0,0.1003571428571467,0.0,0.0,0.0,0.0,0.0,0.0
2003-04-03,0.0,0.0,0.0,0.0,0.15,0.15,0.15,0.0,0.15,0.0,0.15,0.0,0.0,0.0,0.0,0.0,0.0,0.0,0.0997058823529417,0.0,0.0,0.0,0.0,0.15,0.0,0.0,0.0,0.0,0.0002941176470582785,0.0
2003-05-05,0.0,0.0,0.0,0.0,0.15,0.15,0.0,0.09986666666666569,0.15,0.0,0.0,0.0,0.0,0.0,0.0,0.0,0.0,0.0,0.0,0.0,0.0,0.15,0.0,0.0,0.15,0.0,0.0,0.0,0.0001333333333342901,0.15
2003-06-04,0.0,0.0,0.038590324208874566,0.0,0.15,0.10996589564049222,0.15,0.0,0.0,0.0,0.023488289354052196,0.0,0.0,0.0,0.0,0.0,0.12471399511596729,0.0,0.0,0.0,0.0,0.14876330345202815,0.0,0.0,0.15,0.0,0.0,0.02459277025059507,0.07988542197799053,0.0
2003-07-03,0.0,0.02547665490667467,0.055371701188970425,0.0,0.15,0.07802598672276506,0.08716840663996892,0.0,0.0,0.0,0.0,0.0,0.0,0.0,0.0,0.0,0.15,0.0,0.0,0.0,0.0,0.12821224106511175,0.0,0.0,0.15,0.005333730884907697,0.0,0.10641548313495226,0.0639957954566495,0.0
2003-08-04,0.15,0.05653957274321594,0.07266729631015431,0.06902637546826113,0.06115822687153287,0.15,0.15,0.0,0.0,0.039377352746438964,0.0,0.0,0.0,0.0,0.0,0.0,0.15,0.06948957950398713,0.0,0.03174159635640972,0.0,0.0,0.0,0.0,0.0,0.0,0.0,0.0,0.0,0.0
2003-09-03,0.15,0.0,0.0,0.0,0.1402815362281606,0.15,0.15,0.0,0.0,0.0,0.0,0.0,0.0,0.0,0.0,0.0,0.15,0.02454040059124694,0.15,0.0019212117179066898,0.0,0.0,0.0,0.0,0.027373474358737028,0.0,0.0,0.0,0.05588337710394873,0.0
2003-10-02,0.15,0.022638273709132507,0.0,0.0,0.15,0.15,0.026930945085154923,0.0016751106221877833,0.0,0.0,0.0,0.0,0.0,0.0,0.0,0.0,0.15,0.1310322070033369,0.15,0.0,0.0,0.0,0.0,0.0,0.0,0.0,0.0,0.0,0.0677234635801879,0.0
2003-10-31,0.15,0.0,0.008370131486218301,0.0,0.0,0.15,0.016790720335926643,0.0,0.0,0.0,0.0,0.0,0.0,0.0,0.0,0.0,0.15,0.07520346164108904,0.15,0.149635686536766,0.0,0.0,0.0,0.0,0.0,0.0,0.0,0.0,0.15,0.0
2003-12-02,0.15,0.15,0.003967932923914244,0.0,0.0,0.15,0.0,0.0,0.0,0.0,0.0,0.0,0.0,0.0,0.0,0.0,0.15,0.047165860699444756,0.15,0.15,0.0,0.0,0.0,0.0,0.0,0.0,0.0,0.0,0.04886620637664098,0.0
2004-01-02,0.15,0.15,0.0,0.0,0.0,0.15,0.0,0.0,0.0,0.0,0.0,0.0,0.0,0.0,0.0,0.0,0.15,0.09828173184390226,0.15,0.04502244094257828,0.0,0.0,0.0,0.0,0.0,0.0,0.0,0.0,0.10669582721351943,0.0
2004-02-03,0.09999999999999998,0.15,0.0,0.0,0.0,0.15,0.0,0.0,0.0,0.0,0.0,0.0,0.0,0.0,0.0,0.0,0.15,0.15,0.15,0.15,0.0,0.0,0.0,0.0,0.0,0.0,0.0,0.0,0.0,0.0
2004-03-04,0.09999999999999998,0.15,0.0,0.0,0.0,0.15,0.0,0.0,0.0,0.0,0.0,0.0,0.0,0.0,0.0,0.0,0.15,0.15,0.15,0.15,0.0,0.0,0.0,0.0,0.0,0.0,0.0,0.0,0.0,0.0
2004-04-02,0.15,0.0,0.011796085762382445,0.0,0.15,0.11989322471275475,0.0,0.0,0.0,0.0011726074622029072,0.007302215707107878,0.0,0.0,0.0,0.0,0.07324460407225906,0.15,0.04527880149155828,0.12683870317466028,0.15,0.0,0.0,0.0,0.0,0.0,0.0,0.0,0.014473757617074349,0.0,0.0
2004-05-04,0.15,0.021584140400429296,0.0,0.0,0.15,0.14753026245668538,0.0,0.0,0.0,0.0,0.15,0.0,0.0,0.0,0.0,0.0,0.0,0.01698321765955531,0.0,0.14523205135267622,0.0,0.0,0.0,0.0,0.062131656055998775,0.12709316034386064,0.0,0.02944551173079448,0.0,0.0
2004-06-03,0.15,0.08154123145107116,0.0,0.0,0.15,0.15,0.0,0.0,0.0,0.0,0.0,0.0,0.0,0.0,0.0,0.027650827079274548,0.013734872056159999,0.011997339017113614,0.015616441837542435,0.15,0.0,0.0,0.09945928855883826,0.0,0.0,0.15,0.0,0.0,0.0,0.0
2004-07-06,0.15,0.0432701365779612,0.0,0.0,0.15,0.15,0.0,0.0,0.0,0.0,0.0,0.0,0.0,0.0,0.0,0.03722015738964687,0.0,0.016414702686355212,0.03271579202227503,0.1406429126850673,0.0,0.0,0.12714779114786973,0.09954309946652307,0.0,0.053045408024301674,0.0,0.0,0.0,0.0
2004-08-04,0.15,0.0,0.0,0.0,0.15,0.15,0.031498077202158914,0.0,0.0,0.0,0.0,0.0,0.0,0.0,0.0,0.15,0.0032631856819827485,0.015198418070623377,0.045832039934852416,0.03121868002531916,0.0,0.0,0.09854650531262799,0.15,0.0,0.0,0.0,0.024443093772435386,0.0,0.0
2004-09-02,0.15,0.09173329486376461,0.1175167305224849,0.0,0.15,0.15,0.0,0.0,0.0,0.0,0.0,0.0,0.0,0.0,0.0,0.11683480138134097,0.026003420235196084,0.04536140990983298,0.0,0.039622020300289114,0.0,0.0,0.06395996292946078,0.0,0.0,0.0,0.0,0.04896835985763062,0.0,0.0
2004-10-04,0.15,0.0,0.06889890769179219,0.0,0.0723725784306379,0.1445262152847003,0.0,0.0,0.0,0.0,0.0,0.022636454255017233,0.0,0.0,0.0,0.15,0.03804903173907192,0.006952756570073147,0.15,0.08734458565793303,0.0,0.0,0.10921947037077442,0.0,0.0,0.0,0.0,0.0,0.0,0.0
2004-11-02,0.15,0.0,0.011515844289019814,0.0,0.0,0.0,0.0,0.0,0.0,0.12878931565980983,0.0,0.0,0.0,0.0,0.0,0.09717609821601718,0.0,0.0,0.10828608308056739,0.15,0.0,0.12425159545912469,0.07998106329546116,0.0,0.0,0.0,0.0,0.0,0.0,0.15
2004-12-02,0.15,0.0,0.10795615052258647,0.0,0.0,0.050978176409770225,0.0,0.0,0.0,0.15,0.0,0.0,0.0,0.0,0.0,0.15,0.0,0.003665872043974451,0.01001096904787991,0.07250926577055179,0.0,0.15,0.03229712053991823,0.0,0.0,0.0,0.0,0.07903776434230145,0.0,0.043544681323017864
2005-01-03,0.15,0.0,0.12548064761325875,0.0,0.12978160988214518,0.08763929810695227,0.0,0.0,0.0,0.12546167820706436,0.0,0.0,0.0,0.0,0.0,0.10294125006356139,0.0,0.0,0.0,0.10530534237853789,0.0,0.0,0.09416196987362001,0.0,0.0,0.0,0.0,0.07922820387486014,0.0,0.0
2005-02-02,0.15,0.0,0.15,0.0,0.0,0.1314030647607245,0.0,0.0,0.0,0.08301831816973725,0.0,0.0,0.0,0.0,0.0,0.032968132489652135,0.0,0.0,0.15,0.0,0.0,0.0,0.0648051832096178,0.0,0.06821357619266283,0.0,0.01959172517760553,0.15,0.0,0.0
2005-03-04,0.15,0.086898491589853,0.15,0.0,0.0,0.0,0.0,0.0,0.0,0.0,0.0,0.0,0.0,0.0,0.0,0.15,0.04707651707890023,0.0020960859911209498,0.15,0.016967455921716123,0.0,0.0,0.045493507030200324,0.0,0.15,0.0,0.0,0.051467942388209384,0.0,0.0
2005-04-05,0.07459759627841228,0.15,0.15,0.0,0.0,0.0,0.0,0.0,0.0,0.0,0.0,0.0,0.0,0.0,0.0,0.15,0.01639000175265747,0.009206708541102225,0.15,0.0,0.0,0.0,0.0065969290632950485,0.0,0.0,0.0,0.0,0.143208764364533,0.0,0.15
2005-05-04,0.11872126035422713,0.06811132450095417,0.09881294801855894,0.0,0.0,0.0,0.0,0.09246174609987946,0.0,0.0,0.0,0.0,0.0,0.0,0.0,0.15,0.029408715283776227,0.0,0.15,0.105337501262222,0.0,0.0,0.03714650448038209,0.0,0.0,0.0,0.0,0.0,0.0,0.15
2005-06-03,0.15,0.0,0.12926612583128502,0.0,0.0,0.0,0.0,0.06994531016160402,0.0,0.038160206732328276,0.0,0.0,0.0,0.0,0.0,0.08139389703733249,0.1379944962233759,0.0,0.0,0.15,0.09323996401407433,0.0,0.0,0.0,0.0,0.0,0.0,0.15,0.0,0.0
2005-07-05,0.07605313646480022,0.0,0.15,0.0,0.0,0.0,0.0,0.08061270507294856,0.0,0.04067836312467924,0.0,0.0,0.0,0.0,0.0,0.0783647280972149,0.12429106724035703,0.0,0.0,0.15,0.15,0.0,0.0,0.0,0.0,0.0,0.0,0.15,0.0,0.0
2005-08-03,0.14093143440172656,0.0,0.06339187348697571,0.0,0.0,0.0,0.0,0.15,0.0,0.0,0.10592053581524277,0.0,0.0,0.0,0.0,0.0,0.08757889951292046,0.0,0.0,0.15,0.08964873552879594,0.0,0.07363141053350096,0.0,0.0,0.0,0.0,0.13889711072083766,0.0,0.0
2005-09-01,0.0,0.0,0.15,0.0,0.0,0.0,0.0,0.15,0.0,0.0,0.0,0.0,0.0,0.0,0.0,0.0,0.09078624348320839,0.06872621471173691,0.0,0.15,0.15,0.0,0.07822741511968669,0.0,0.0,0.0,0.0,0.11865385453542569,0.0,0.04360627214994231
2005-10-03,0.15,0.13368342622965937,0.15,0.0,0.0,0.0,0.0,0.10953785006071474,0.0,0.0,0.0,0.0,0.0,0.0,0.0,0.0,0.08208335021624145,0.058223642891346364,0.0,0.15,0.0,0.0,0.05470193598193949,0.0,0.0,0.0,0.0,0.11176979462009864,0.0,0.0
2005-11-01,0.009804929606899354,0.15,0.15,0.0,0.0,0.0,0.0,0.15,0.0,0.0,0.0,0.0,0.007882380289748322,0.0,0.0,0.014156212779258428,0.027401681385881303,0.07701503824176176,0.0,0.0,0.0,0.0,0.15,0.0,0.0,0.09910298713582444,0.0,0.014636770560626537,0.15,0.0
2005-12-01,0.0,0.15,0.15,0.0,0.0,0.0,0.0,0.15,0.0,0.0,0.0,0.0,0.0,0.0,0.0,0.02746627437616801,0.014427166455294176,0.09193799971789632,0.0,0.0,0.0,0.0,0.13805968730163265,0.0,0.0336218847963283,0.05863193293979423,0.0,0.03585505441288632,0.15,0.0
2006-01-03,0.0,0.15,0.15,0.0,0.0,0.0,0.0,0.07600441149628695,0.0,0.0,0.0,0.0,0.023625959654783216,0.0,0.0,0.15,0.15,0.03152716739441621,0.0,0.0,0.0,0.0,0.033688929316505925,0.0,0.08441386346596957,0.0,0.0,0.0007396686720381475,0.15,0.0
2006-02-02,0.0,0.15,0.15,0.0,0.0,0.0,0.0,0.11208659155597211,0.0,0.0,0.0,0.0,0.08668262142101042,0.0,0.0,0.15,0.14055889281068557,0.0,0.0,0.0,0.0,0.0,0.015411561134543336,0.0,0.13937616192616917,0.024956055205051886,0.0,0.030928115946567445,0.0,0.0
2006-03-06,0.0,0.15,0.14366835760411262,0.0,0.0,0.0,0.0,0.1421717086772188,0.0,0.0,0.0,0.0,0.10129349229011472,0.0,0.0,0.06668297923796564,0.034723445047698746,0.0,0.0,0.09011374198921618,0.0,0.0,0.04690241159908608,0.0,0.15,0.004783525350775053,0.0,0.03123190040935357,0.03842843779445821,0.0
2006-04-04,0.09073476986573613,0.05651557336254401,0.13639499928185234,0.0,0.0,0.0,0.0,0.11387121176939505,0.0,0.0,0.0,0.0,0.15,0.0,0.0,0.04843108509465875,0.04907337588739542,0.0,0.0,0.0,0.0,0.0,0.054978984738418356,0.0,0.15,0.0,0.0,0.0,0.15,0.0
2006-05-04,0.0,0.06559257971154392,0.15,0.0,0.0,0.0,0.0,0.0,0.0,0.0,0.0,0.015305634522211762,0.1252366476901718,0.0,0.0,0.15,0.06876354468955183,0.0,0.0,0.0,0.013111908635107195,0.0,0.0,0.062458015054947524,0.15,0.009561044662539105,0.0,0.03997062503392695,0.15,0.0
2006-06-05,0.15,0.0,0.04363174527036791,0.15,0.0,0.0,0.0,0.0,0.0,0.0,0.0,0.0,0.0,0.0,0.0,0.15,0.03544478449455856,0.1468430530081417,0.0,0.13730274084799626,0.15,0.0,0.0,0.0,0.0,0.0,0.0,0.03677767637893566,0.0,0.0
2006-07-05,0.15,0.0,0.15,0.15,0.0,0.0,0.0,0.0,0.0,0.0,0.0,0.006331469345588237,0.0,0.0,0.0,0.0,0.15,0.0,0.0,0.0,0.14326027713343273,0.0,0.0,0.0,0.15,0.0,0.0,0.10040825352097904,0.0,0.0
2006-08-03,0.15,0.15,0.15,0.0,0.0,0.051135545333361065,0.0,0.0,0.0,0.0,0.0,0.0,0.0,0.0,0.0,0.0,0.13169343113966658,0.0,0.0,0.06717102352697235,0.15,0.0,0.0,0.0,0.0,0.0,0.0,0.0,0.0,0.15
2006-09-01,0.15,0.15,0.15,0.022774293208957234,0.0,0.004446931280515381,0.0,0.0,0.0,0.11986492570859571,0.0,0.0,0.0,0.0,0.0,0.0,0.0,0.0,0.0,0.10291384980193168,0.15,0.0,0.0,0.0,0.0,0.0,0.0,0.0,0.0,0.15
2006-10-03,0.15,0.15,0.0,0.0,0.09571299236473975,0.11510525447745154,0.0,0.0,0.0,0.15,0.0,0.0,0.0,0.0,0.0,0.0,0.0,0.0,0.0,0.016749007069141033,0.15,0.0,0.0,0.0,0.0,0.0,0.0,0.022432746088667667,0.0,0.15
2006-11-01,0.15,0.15,0.0,0.055013216317713984,0.15,0.050100991139092575,0.0,0.0,0.0,0.041111807691682906,0.0,0.0,0.0,0.0,0.0,0.0,0.0,0.0,0.0,0.15,0.10377398485151053,0.0,0.0,0.0,0.0,0.0,0.0,0.0,0.0,0.15
2006-12-01,0.15,0.15,0.0,0.055452956504104374,0.15,0.05003859469572743,0.0,0.0,0.0,0.04067374345030253,0.0,0.0,0.0,0.0,0.0,0.0,0.0,0.0,0.0,0.15,0.10383470534986568,0.0,0.0,0.0,0.0,0.0,0.0,0.0,0.0,0.15
2007-01-04,0.15,0.15,0.0,0.02424242424242419,0.15,0.0,0.0,0.0,0.0,0.15,0.0,0.0,0.0,0.0,0.0,0.0,0.0,0.0,0.0,0.15,0.07575757575757579,0.0,0.0,0.0,0.0,0.0,0.0,0.0,0.0,0.15
2007-02-05,0.15,0.15,0.0,0.021589146464272867,0.15,0.0022166624475694523,0.0,0.0,0.0,0.15,0.0,0.0,0.0,0.0,0.0,0.0,0.0,0.0,0.0,0.15,0.07619419108815764,0.0,0.0,0.0,0.0,0.0,0.0,0.0,0.0,0.15
2007-03-07,0.15,0.15,0.0,0.15,0.15,0.0,0.0,0.055555992543257764,0.0,0.03199607528924079,0.0,0.0,0.0,0.0,0.0,0.0,0.0,0.0,0.0,0.14138671505139486,0.02106121711610659,0.0,0.0,0.0,0.0,0.0,0.0,0.0,0.0,0.15
2007-04-05,0.0,0.15,0.0,0.0,0.14999999999999997,0.0,0.0,0.15,0.0,0.0,0.0,0.0,0.0,0.0,0.0,0.0,0.0,0.0,0.10000000000000002,0.15,0.15,0.0,0.0,0.0,0.0,0.0,0.0,0.0,0.0,0.15
2007-05-07,0.0,0.15,0.0,0.0,0.15,0.0,0.0,0.15,0.0,0.0,0.0,0.0,0.0,0.0,0.0,0.0,0.0,0.0,0.10000000000000017,0.15,0.15,0.0,0.0,-0.0,0.0,0.0,0.0,0.0,0.0,0.15
2007-06-06,0.0,0.15,0.0,0.0,0.0,0.0,0.0,0.14736842105263148,0.0,0.0,0.0,0.0,0.0,0.0,0.0,0.0,0.0,0.0,0.15,0.15,0.15,0.0,0.0,0.10263157894736852,0.0,0.0,0.0,0.0,0.0,0.15
2007-07-06,0.0,0.15,0.0,0.08232008603253203,0.15,0.07747433806748129,0.0,0.1472710175689921,0.0,0.0,0.0,0.0,0.0,0.0,0.0,0.0,0.0,0.0,0.14733571066856746,0.0,0.09559884766242716,0.0,0.0,0.0,0.0,0.0,0.0,0.0,0.0,0.15
2007-08-06,0.0,0.15,0.04186148718254417,0.15,0.0,0.15,0.0,0.15,0.0,0.056729306513197506,0.0,0.0,0.0,0.0,0.0,0.0,0.0,0.0,0.0,0.0,0.001409206304258317,0.0,0.0,0.15,0.0,0.0,0.0,0.0,0.0,0.15
2007-09-05,0.0,0.15,0.11715501408105224,0.15,0.0,0.15,0.0,0.04997359628618228,0.0,0.04581656127603682,0.0,0.0,0.0,0.0,0.0,0.0,0.0,0.0,0.0,0.0,0.0,0.06055381230511581,0.0,0.12650101605161293,0.0,0.0,0.0,0.15,0.0,0.0
2007-10-04,0.0,0.15,0.15,0.15,0.0,0.15,0.0,0.12318749455150677,0.0,0.01956629244048012,0.0,0.0,0.014517693374895974,0.0,0.0,0.0,0.034465080625243526,0.04555543233792675,0.0,0.012708006669946821,0.0,0.0,0.0,0.15,0.0,0.0,0.0,0.0,0.0,0.0
2007-11-02,0.0,0.15,0.15,0.0,0.0,0.15,0.0,0.059629914881367915,0.0,0.0,0.0,0.0,0.0,0.0,0.0,0.0,0.0,0.0534512085044043,0.0,0.0,0.0,0.15,0.13691887661422777,0.0,0.0,0.0,0.0,0.0,0.0,0.15
2007-12-04,0.0,0.15,0.15,0.0404460784689566,0.0,0.15,0.0,0.15,0.0,0.0025278507185530555,0.0,0.0,0.0,0.0,0.0,0.0,0.0,0.029537051685718945,0.0,0.0,0.0,0.15,0.0,0.0,0.027489019126771378,0.0,0.0,0.0,0.0,0.15
2008-01-04,0.0,0.15,0.15,0.0,0.0,0.12287274888734254,0.0,0.0,0.0,0.0,0.0,0.0,0.04703028876855868,0.043031060551159885,0.0,0.12169024377402932,0.0,0.09211432719439913,0.0,0.12326133082451057,0.0,0.0,0.0,0.0,0.0,0.0,0.0,0.0,0.0,0.15
2008-02-05,0.018478346608108678,0.15,0.15,0.0,0.0,0.0,0.0,0.15,0.0,0.0,0.0,0.0,0.0,0.0,0.0,0.15,0.0,0.1472658448026371,0.0,0.0,0.0,0.0842558085892542,0.0,0.0,0.0,0.0,0.0,0.0,0.0,0.15
2008-03-06,0.0,0.15,0.15,0.0,0.0,0.15,0.0,0.0,0.0,0.0,0.0,0.0,0.0,0.0,0.0,0.0,0.0,0.10826316540602253,0.15,0.0,0.0,0.0,0.0,0.0,0.0,0.0,0.0,0.14173683459397746,0.0,0.15
2008-04-07,0.0,0.15,0.15,0.0,0.0,0.15,0.0,0.0,0.0,0.0,0.0,0.0,0.0,0.0,0.0,0.0,0.0,0.11357070876721533,0.15,0.0,0.0,0.0,0.0,0.0,0.0,0.0,0.0,0.1364292912327847,0.0,0.15
2008-05-06,0.0,0.15,0.15,0.0,0.0,0.15,0.0,0.0,0.0,0.0,0.0,0.0,0.0,0.0,0.0,0.0,0.01858280254777077,0.15,0.15,0.0,0.0,0.08141719745222921,0.0,0.0,0.0,0.0,0.0,0.0,0.0,0.15
2008-06-05,0.0,0.15,0.15,0.0,0.0,0.15,0.0,0.0,0.0,0.0,0.0,0.0,0.0,0.055301077472308224,0.0,0.0,0.0,0.15,0.11346040460037886,0.0,0.0,0.15,0.0,0.0,0.0,0.0,0.08123851792731292,0.0,0.0,0.0
2008-07-07,0.0,0.15,0.15,0.0,0.0,0.15,0.0,0.0,0.0,0.0,0.0,0.0,0.0,0.0,0.0,0.0,0.0,0.15,0.15,0.07960354220163696,0.0,0.04419112529698304,0.0,0.0,0.0,0.0,0.12620533250138002,0.0,0.0,0.0
2008-08-05,0.0,0.15,0.15,0.0,0.0,0.15,0.0,0.15,0.0,0.0,0.0,0.0,0.0,0.0,0.0,0.0,0.0,0.11664352242316943,0.0,0.0,0.0,0.15,0.0,0.0,0.0,0.0,0.0978369692593052,0.0,0.0,0.03551950831752536
2008-09-04,0.0,0.15,0.15,0.0,0.0,0.15,0.0,0.15,0.0,0.0,0.0,0.0,0.0,0.0,0.0,0.0,0.0,0.11712568056372538,0.0,0.0,0.0,0.15,0.0,0.0,0.0,0.0,0.07440298694608906,0.04460207331965233,0.0,0.013869259170533228
2008-10-03,0.15,0.15,0.15,0.0,0.0,0.15,0.0,0.15,0.0,0.0,0.0,0.0,0.0,0.0,0.0,0.0,0.0,0.14999550359712222,0.0,0.0,0.0,0.0,0.0,0.0,0.0,0.0,0.10000449640287778,0.0,0.0,0.0
2008-11-03,0.15,0.15,0.15,0.0,0.0,0.15,0.0,0.10001200480192123,0.0,0.0,0.0,0.0,0.0,0.0,0.0,0.0,0.0,0.14998799519807876,0.0,0.0,0.0,0.0,0.0,0.0,0.15,0.0,0.0,0.0,0.0,0.0
2008-12-03,0.00047619047621476926,0.15,0.15,0.0,0.0,0.15,0.0,0.15,0.0,0.0,0.0,0.0,0.0,0.0,0.0,0.0,0.0,0.0,0.15,0.0,0.0,0.0,0.0,0.0,0.15,0.0,0.09952380952378521,0.0,0.0,0.0
2009-01-05,0.0,0.15,0.0,0.0,0.0,0.1002000000000016,0.0,0.15,0.0,0.0,0.0,0.0,0.0,0.0,0.0,0.0,0.0,0.0,0.1497999999999984,0.0,0.0,0.0,0.0,0.0,0.15,0.0,0.15,0.15,0.0,0.0
2009-02-04,0.15,0.15,0.10000892857142869,0.0,0.0,0.0,0.0,0.15,0.0,0.0,0.0,0.0,0.0,0.0,0.0,0.0,0.0,0.0,0.14999107142857132,0.15,0.0,0.0,0.0,0.0,0.0,0.0,0.0,0.15,0.0,0.0
2009-03-06,0.15,0.15,0.15,0.0,0.0,7.575757576037369e-5,0.0,0.15,0.0,0.0,0.0,0.0,0.0,0.0,0.0,0.0,0.0,0.0,0.0,0.0,0.0,0.0999242424242396,0.0,0.0,0.0,0.0,0.15,0.15,0.0,0.0
2009-04-06,0.10004310344827597,0.15,0.15,0.0,0.0,0.0,0.0,0.15,0.0,0.0,0.0,0.0,0.0,0.0,0.0,0.0,0.0,0.0,0.0,0.0,0.0,0.14995689655172403,0.0,0.0,0.0,0.0,0.15,0.15,0.0,0.0
2009-05-06,0.10002386634844927,0.15,0.15,0.0,0.0,0.0,0.1499761336515507,0.15,0.0,0.0,0.0,0.0,0.0,0.0,0.0,0.0,0.0,0.0,0.0,0.0,0.0,0.0,0.0,0.0,0.0,0.0,0.15,0.15,0.0,0.0
2009-06-05,0.0,0.15,0.15,0.0,0.0,0.10004524886877889,0.14995475113122111,0.15,0.0,0.0,0.0,0.0,0.0,0.0,0.0,0.0,0.0,0.0,0.0,0.0,0.0,0.0,0.0,0.0,0.0,0.0,0.15,0.15,0.0,0.0
2009-07-07,0.15,0.15,0.15,0.0,0.0,0.0,0.149629629629629,0.15,0.0,0.0,0.0,0.0,0.0,0.0,0.0,0.0,0.0,0.0,0.0,0.0,0.0,0.0,0.0,0.0,0.0,0.0,0.100370370370371,0.15,0.0,0.0
2009-08-05,0.14978835978835953,0.15,0.15,0.0,0.0,0.0,0.10021164021164047,0.0,0.0,0.0,0.0,0.0,0.0,0.0,0.15,0.0,0.15,0.0,0.0,0.0,0.0,0.0,0.0,0.0,0.0,0.0,0.0,0.15,0.0,0.0
2009-09-03,0.15,0.15,0.15,0.0,0.0,0.0,0.0,0.15,0.0,0.0,0.0,0.0,0.0,0.0,0.0,0.0,0.13570308416100357,0.0,0.0,0.0,0.0,0.0,0.11429691583899643,0.0,0.0,0.0,0.0,0.15,0.0,0.0
2009-10-05,0.0,0.15,0.15,0.0,0.0,0.0,0.0,0.08802383786747615,0.0,0.11327167121505607,0.0,0.0,0.0,0.0,0.048704490917467785,0.15,0.15,0.0,0.0,0.0,0.0,0.0,0.15,0.0,0.0,0.0,0.0,0.0,0.0,0.0
2009-11-03,0.0,0.15,0.15,0.0,0.0,0.0,0.0,0.0,0.0,0.0,0.0,0.0,0.0,0.0,0.0,0.021183619111037,0.07881638088896298,0.0,0.0,0.0,0.0,0.15,0.15,0.0,0.0,0.0,0.15,0.15,0.0,0.0
2009-12-03,0.15,0.0854053413201661,0.15,0.0,0.0,0.0,0.0,0.011567944173334274,0.0,0.0,0.0,0.0,0.0,0.0,0.0,0.0,0.05315770575712164,0.0,0.0,0.0,0.0,0.15,0.15,0.0,0.0,0.15,0.0,0.09986900874937799,0.0,0.0
2010-01-05,0.15,0.15,0.15,0.0,0.0,0.0,0.0,0.022407452912145426,0.0509213985131149,0.0,0.0,0.0,0.0,0.0,0.0,0.0,0.0,0.0,0.0,0.0,0.0,0.15,0.15,0.0,0.0,0.14042267732359054,0.0,0.03624847125114914,0.0,0.0
2010-02-04,0.07012189769371961,0.0,0.15,0.0,0.0,0.15,0.0,0.0,0.0,0.0,0.0,0.0,0.0,0.0,0.10167125528688854,0.0,0.0,0.0,0.0,0.0,0.0,0.15,0.07820684701939183,0.0,0.0,0.0,0.15,0.15,0.0,0.0
2010-03-08,0.15,0.0,0.15,0.0,0.0,0.15,0.04525169700600436,0.11482422300896954,0.0,0.062191677583779366,0.0,0.0,0.0,0.0,0.0,0.0,0.0,0.0,0.0,0.0,0.0,0.15,0.0,0.15,0.0,0.0,0.0,0.027732402401246754,0.0,0.0
2010-04-07,0.15,0.0,0.15,0.0,0.0,0.15,0.04383774261538091,0.0,0.0,0.0,0.0,0.0,0.0,0.0,0.0,0.0,0.0,0.0,0.0,0.0,0.0,0.0,0.0,0.11079610463625873,0.0,0.12407587357786004,0.12129027917050034,0.15,0.0,0.0
2010-05-06,0.15,0.15,0.15,0.0,0.0,0.15,0.0,0.12232142857142876,0.0,0.0,0.0,0.0,0.0,0.12767857142857125,0.0,0.0,0.0,0.0,0.0,0.0,0.0,0.0,0.0,0.0,0.0,0.0,0.0,0.15,0.0,0.0
2010-06-07,0.15,0.15,0.0,0.0,0.0,0.15,0.12811378780112753,0.12188621219887247,0.0,0.0,0.0,0.0,0.0,0.0,0.0,0.0,0.0,0.0,0.0,0.0,0.0,0.0,0.0,0.0,0.0,0.0,0.15,0.15,0.0,0.0
2010-07-07,0.15,0.15,0.0,0.0,0.0,0.15,0.15,0.0,0.0,0.0,0.0,0.0,0.0,0.0,0.0,0.0,0.0,0.0,0.0,0.0,0.0,0.0,0.15,0.08081395348837195,0.0,0.0,0.01918604651162803,0.15,0.0,0.0
2010-08-05,0.15,0.15,0.0,0.0,0.0,0.15,0.141424859246427,0.108575140753573,0.0,0.0,0.0,0.0,0.0,0.0,0.0,0.0,0.0,0.0,0.0,0.0,0.0,0.0,0.0,0.0,0.0,0.0,0.15,0.15,0.0,0.0
2010-09-03,0.15,0.15,0.0,0.0,0.0,0.15,0.09999999999999998,0.15,0.0,0.0,0.0,0.0,0.0,0.0,0.0,0.0,0.0,0.0,0.0,0.0,0.0,0.0,0.0,0.0,0.0,0.0,0.15,0.15,0.0,0.0
2010-10-05,0.15,0.15,0.0,0.0,0.0,0.15,0.11474666666666665,0.13525333333333334,0.0,0.0,0.0,0.0,0.0,0.0,0.0,0.0,0.0,0.0,0.0,0.0,0.0,0.0,0.0,0.0,0.0,0.0,0.15,0.15,0.0,0.0
2010-11-03,0.15,0.15,0.0,0.0,0.0,0.15,0.15,0.04951154529307269,0.0,0.0,0.0,0.0,0.0,0.0,0.0,0.0,0.0,0.0,0.0,0.0,0.0,0.0,0.05048845470692729,0.0,0.0,0.0,0.15,0.15,0.0,0.0
2010-12-03,0.15,0.15,0.038335459053972495,0.0,0.0,0.15,0.15,0.0,0.0,0.0,0.0,0.0,0.0,0.07024669012222662,0.0,0.0,0.0,0.0,0.0,0.0,0.0,0.0,0.0,0.0,0.0,0.0,0.14141785082380087,0.15,0.0,0.0
2011-01-04,0.15,0.15,0.017197010411068882,0.0,0.0,0.15,0.15,0.0,0.0,0.0,0.0,0.0,0.0,0.05118858656934668,0.0,0.0,0.0,0.0,0.0,0.0,0.0,0.0,0.03161440301958441,0.0,0.0,0.0,0.15,0.15,0.0,0.0
2011-02-03,0.14238329103955175,0.15,0.0,0.0,0.0,0.15,0.15,0.0,0.0,0.0,0.0,0.0,0.0,0.07400135631781583,0.0,0.0,0.0,0.0,0.0,0.0,0.03361535264263242,0.0,0.15,0.0,0.0,0.0,0.0,0.15,0.0,0.0
2011-03-07,0.15,0.15,0.0,0.0,0.0,0.15,0.15,0.0,0.0,0.0,0.0,0.0,0.0,0.023789525691699714,0.0,0.0,0.0,0.0,0.0,0.0,0.0,0.0,0.15,0.0,0.0,0.0,0.07621047430830026,0.15,0.0,0.0
2011-04-05,0.15,0.15,0.15,0.0,0.0,0.15,0.15,0.0,0.0,0.0,0.0,0.0,0.0,0.08553326293558625,0.0,0.0,0.0,0.0,0.0,0.0,0.0,0.0,0.0,0.0,0.0,0.0,0.014466737064413732,0.15,0.0,0.0
2011-05-05,0.15,0.15,0.01816182937554975,0.0,0.0,0.15,0.15,0.08183817062445023,0.0,0.0,0.0,0.0,0.0,0.0,0.0,0.0,0.0,0.0,0.0,0.0,0.0,0.0,0.0,0.0,0.0,0.0,0.15,0.15,0.0,0.0
2011-06-06,0.15,0.15,0.15,0.0,0.0,0.15,0.0,0.09750327906170304,0.0,0.0,0.0,0.0,0.0,0.0,0.0,0.0,0.0,0.0,0.0,0.15,0.002496720938296934,0.0,0.0,0.0,0.0,0.0,0.15,0.0,0.0,0.0
2011-07-06,0.15,0.15,0.15,0.0,0.0,0.15,0.0,0.0,0.0,0.0,0.0,0.0,0.0,0.0,0.0,0.0,0.0,0.0,0.0,0.15,0.0,0.09999999999999998,0.0,0.0,0.0,0.0,0.15,0.0,0.0,0.0
2011-08-04,0.0,0.15,0.15,0.0,0.15,0.15,0.0,0.0,0.0,0.0,0.0,0.0,0.0,0.0,0.0,0.0,0.0,0.0,0.0,0.15,0.0,0.0,0.0,0.0,0.0,0.0,0.09999999999999998,0.15,0.0,0.0
2011-09-02,0.15,0.15,0.15,0.0,0.0,0.15,0.0,0.15,0.0,0.0,0.0,0.0,0.0,0.0,0.0,0.0,0.0,0.0,0.0,0.0,0.0,0.0,0.0,0.0,0.0,0.0,0.09999999999999998,0.15,0.0,0.0
2011-10-04,0.15,0.15,0.15,0.0,0.0,0.15,0.0,0.15,0.0,0.0,0.0,0.0,0.0,0.0,0.0,0.0,0.0,0.0,0.0,0.0,0.0,0.0,0.0,0.0,0.0,0.0,0.09999999999999998,0.15,0.0,0.0
2011-11-02,0.15,0.15,0.15,0.0,0.0,0.15,0.0,0.15,0.0,0.0,0.0,0.0,0.0,0.0,0.0,0.0,0.0,0.0,0.0,0.09999999999999998,0.0,0.0,0.0,0.0,0.0,0.0,0.0,0.15,0.0,0.0
2011-12-02,0.15,0.15,0.15,0.0,0.0,0.15,0.0,0.15,0.0,0.0,0.0,0.0,0.0,0.0,0.0,0.0,0.0,0.0,0.0,0.09999999999999998,0.0,0.0,0.0,0.0,0.0,0.0,0.0,0.15,0.0,0.0
2012-01-04,0.15,0.15,0.15,0.0,0.0,0.15,0.0,0.15,0.0,0.0,0.0,0.0,0.0,0.0,0.0,0.0,0.0,0.0,0.0,0.09999999999999998,0.0,0.0,0.0,0.0,0.0,0.0,0.0,0.15,0.0,0.0
2012-02-03,0.15,0.15,0.15,0.0,0.0,0.15,0.0,0.15,0.0,0.0,0.0,0.0,0.0,0.0,0.0,0.0,0.0,0.0,0.0,0.09999999999999998,0.0,0.0,0.0,0.0,0.0,0.0,0.0,0.15,0.0,0.0
2012-03-06,0.15,0.15,0.15,0.0,0.0,0.15,0.0,0.15,0.0,0.0,0.0,0.0,0.0,0.0,0.0,0.0,0.0,0.0,0.0,0.09999999999999998,0.0,0.0,0.0,0.0,0.0,0.0,0.0,0.15,0.0,0.0
2012-04-04,0.15,0.15,0.15,0.0,0.0,0.15,0.0,0.15,0.0,0.0,0.0,0.0,0.0,0.0,0.0,0.0,0.0,0.0,0.0,0.09999999999999998,0.0,0.0,0.0,0.0,0.0,0.0,0.0,0.15,0.0,0.0
2012-05-04,0.15,0.15,0.15,0.0,0.0,0.15,0.0,0.15,0.0,0.0,0.0,0.0,0.0,0.0,0.0,0.0,0.0,0.0,0.0,0.09999999999999998,0.0,0.0,0.0,0.0,0.0,0.0,0.0,0.15,0.0,0.0
2012-06-05,0.15,0.15,0.15,0.0,0.0,0.15,0.0,0.15,0.0,0.0,0.0,0.0,0.0,0.0,0.0,0.0,0.0,0.0,0.0,0.09999999999999998,0.0,0.0,0.0,0.0,0.0,0.0,0.0,0.15,0.0,0.0
2012-07-05,0.15,0.15,0.15,0.0,0.0,0.15,0.0,0.15,0.0,0.0,0.0,0.0,0.0,0.0,0.0,0.0,0.0,0.0,0.0,0.09999999999999998,0.0,0.0,0.0,0.0,0.0,0.0,0.0,0.15,0.0,0.0
2012-08-03,0.15,0.15,0.15,0.0,0.0,0.15,0.0,0.15,0.0,0.0,0.0,0.0,0.0,0.0,0.0,0.0,0.0,0.0,0.0,0.09999999999999998,0.0,0.0,0.0,0.0,0.0,0.0,0.0,0.15,0.0,0.0
2012-09-04,0.13196202531645576,0.15,0.15,0.0,0.0,0.15,0.0,0.0,0.0,0.0,0.0,0.0,0.0,0.0,0.0,0.0,0.0,0.0,0.0,0.15,0.0,0.0,0.0,0.0,0.0,0.0,0.15,0.11803797468354424,0.0,0.0
2012-10-03,0.0,0.15,0.15,0.0,0.0,0.15,0.0,0.09999999999999998,0.0,0.0,0.0,0.0,0.0,0.0,0.0,0.0,0.0,0.0,0.0,0.15,0.0,0.0,0.0,0.0,0.0,0.0,0.15,0.15,0.0,0.0
2012-11-05,0.0,0.15,0.15,0.0,0.0,0.15,0.0,0.09999999999999998,0.0,0.0,0.0,0.0,0.0,0.0,0.0,0.0,0.0,0.0,0.0,0.15,0.0,0.0,0.0,0.0,0.0,0.0,0.15,0.15,0.0,0.0
2012-12-05,0.15,0.15,0.10278753561510447,0.0,0.0,0.15,0.0,0.15,0.0,0.0,0.0,0.0,0.0,0.0,0.0,0.0,0.060477873552854645,0.0,0.0,0.15,0.08673459083204096,0.0,0.0,0.0,0.0,0.0,0.0,0.0,0.0,0.0
2013-01-07,0.15,0.15,0.0,0.0,0.0,0.0037491475742063504,0.0,0.15,0.0,0.0,0.0,0.0,0.0,0.0,0.0,0.0,0.05737461758509241,0.0,0.0,0.15,0.15,0.0,0.0,0.0,0.0,0.0,0.03887623484070121,0.0,0.0,0.15
2013-02-06,0.15,0.15,0.0,0.0,0.0,0.04037943962553013,0.0,0.15,0.0,0.0,0.0,0.0,0.0,0.0,0.0,0.0,0.05962056037446985,0.0,0.0,0.15,0.15,0.0,0.0,0.0,0.0,0.0,0.0,0.0,0.0,0.15
2013-03-08,0.15,0.15,0.0,0.0,0.0,0.14257858006640953,0.0,0.15,0.0,0.0,0.0,0.0,0.0,0.0,0.0,0.0,0.06763672014928326,0.0,0.0,0.15,0.15,0.0,0.0,0.0,0.0,0.0,0.0,0.0,0.0,0.03978469978430721
2013-04-09,0.15,0.15,0.0005011542619653396,0.0,0.0,0.15,0.0,0.15,0.0,0.0,0.0,0.0,0.0,0.0,0.0,0.0,0.06824256312528783,0.0,0.0,0.15,0.15,0.0,0.0,0.0,0.0,0.0,0.0,0.0,0.0,0.03125628261274681
2013-05-08,0.15,0.15,0.0,0.0,0.0,0.15,0.0,0.15,0.0,0.0,0.0,0.0,0.0,0.0,0.0,0.0,0.0,0.0,0.0,0.15,0.15,0.0,0.0,0.0,0.0,0.0,0.01811268212645779,0.0,0.0,0.08188731787354218
2013-06-07,0.15,0.15,0.0,0.0,0.0,0.15,0.0,0.0,0.0,0.0,0.0,0.0,0.0,0.0,0.0,0.0,0.0,0.0,0.0,0.15,0.15,0.09999999999999998,0.0,0.0,0.0,0.0,0.15,0.0,0.0,0.0
2013-07-09,0.0,0.15,0.0,0.0,0.11905492126553123,0.0,0.0,0.0,0.0,0.0,0.0,0.0,0.0,0.0,0.0,0.0,0.0,0.0,0.0,0.0,0.14337776102271857,0.15,0.03283890000045912,0.0,0.0,0.0,0.15,0.10472841771129109,0.15,0.0
2013-08-07,0.0,0.15,0.0,0.0,0.12797777739508048,0.0,0.0,0.0,0.0,0.0,0.0,0.0,0.0,0.0,0.0,0.0,0.0,0.0,0.0,0.0,0.003305136408034031,0.15,0.05968052829459684,0.0,0.0,0.0,0.15,0.05903655790228864,0.15,0.15
2013-09-06,0.0,0.15,0.0,0.0,0.08312609976273273,0.0,0.0,0.0,0.0,0.0,0.0,0.0,0.0,0.0,0.0,0.029650063118450004,0.0,0.0,0.0,0.0,0.03197672284503443,0.15,0.0190502705844803,0.0,0.0,0.0,0.15,0.08619684368930255,0.15,0.15
2013-10-07,0.0,0.15,0.0,0.0,0.09000620286811455,0.0,0.0,0.0,0.0,0.0,0.0,0.0,0.0,0.0,0.0,0.0654092446026537,0.0,0.0,0.0,0.0,0.009544489428555075,0.15,0.01734944173099348,0.0,0.0,0.0,0.15,0.09533341017063045,0.15,0.12235721119905278
2013-11-05,0.0,0.15,0.0,0.0,0.11313982499718636,0.0,0.0,0.0,0.0,0.0,0.0,0.0,0.0,0.0,0.0,0.14342698256759098,0.0,0.0,0.0,0.0,0.0,0.0,0.04881363434096298,0.0,0.0,0.0,0.15,0.09461955809425965,0.15,0.15
2013-12-05,0.0,0.0,0.0,0.0,0.04968127655625312,0.0,0.0,0.0,0.0,0.0,0.0,0.0,0.0,0.0,0.0,0.15,0.0,0.0,0.0,0.0,0.0,0.15,0.15,0.0,0.0,0.0,0.15,0.050318723443746854,0.15,0.15
2014-01-07,0.0,0.02015823023459451,0.0,0.0,0.07984176976540547,0.0,0.0,0.0,0.0,0.0,0.0,0.0,0.0,0.0,0.0,0.15,0.0,0.0,0.0,0.0,0.0,0.15,0.15,0.0,0.0,0.0,0.15,0.0,0.15,0.15
2014-02-06,0.0,0.011926605504587344,0.0,0.0,0.0,0.0,0.0,0.0,0.0,0.0,0.0,0.0,0.0,0.0,0.0,0.15,0.0,0.0,0.0,0.15,0.0,0.0,0.15,0.0,0.08807339449541263,0.0,0.0,0.15,0.15,0.15
2014-03-10,0.0,0.011926605504587212,0.0,0.0,0.0,0.0,0.0,0.0,0.0,0.0,0.0,0.0,0.0,0.0,0.0,0.15,0.0,0.0,0.0,0.15,0.0,0.0,0.15,0.0,0.08807339449541277,0.0,0.0,0.15,0.15,0.15
2014-04-08,0.0,0.011926605504587202,0.0,0.0,0.0,0.0,0.0,0.0,0.0,0.0,0.0,0.0,0.0,0.0,0.0,0.15,0.0,0.0,0.0,0.15,0.0,0.0,0.15,0.0,0.08807339449541278,0.0,0.0,0.15,0.15,0.15
2014-05-08,0.0,0.011926605504587202,0.0,0.0,0.0,0.0,0.0,0.0,0.0,0.0,0.0,0.0,0.0,0.0,0.0,0.15,0.0,0.0,0.0,0.15,0.0,0.0,0.15,0.0,0.08807339449541278,0.0,0.0,0.15,0.15,0.15
2014-06-09,0.0,0.011926605504587202,0.0,0.0,0.0,0.0,0.0,0.0,0.0,0.0,0.0,0.0,0.0,0.0,0.0,0.15,0.0,0.0,0.0,0.15,0.0,0.0,0.15,0.0,0.08807339449541278,0.0,0.0,0.15,0.15,0.15
2014-07-09,0.15,0.15,0.0,0.0,0.0,0.15,0.0,0.0,0.0,0.0,0.0,0.0,0.0,0.0,0.0,0.0,0.0,0.0,0.15,0.15,0.0,0.0,0.15,0.0,0.0,0.0,0.0,0.09999999999999998,0.0,0.0
2014-08-07,0.12183098591549266,0.15,0.0,0.0,0.0,0.15,0.0,0.0,0.0,0.0,0.0,0.0,0.0,0.0,0.0,0.0,0.0,0.0,0.12816901408450734,0.15,0.0,0.0,0.15,0.0,0.0,0.0,0.0,0.15,0.0,0.0
2014-09-08,0.12183098591549266,0.15,0.0,0.0,0.0,0.15,0.0,0.0,0.0,0.0,0.0,0.0,0.0,0.0,0.0,0.0,0.0,0.0,0.12816901408450734,0.15,0.0,0.0,0.15,0.0,0.0,0.0,0.0,0.15,0.0,0.0
2014-10-07,0.12183098591549266,0.15,0.0,0.0,0.0,0.15,0.0,0.0,0.0,0.0,0.0,0.0,0.0,0.0,0.0,0.0,0.0,0.0,0.12816901408450734,0.15,0.0,0.0,0.15,0.0,0.0,0.0,0.0,0.15,0.0,0.0
2014-11-05,0.12183098591549266,0.15,0.0,0.0,0.0,0.15,0.0,0.0,0.0,0.0,0.0,0.0,0.0,0.0,0.0,0.0,0.0,0.0,0.12816901408450734,0.15,0.0,0.0,0.15,0.0,0.0,0.0,0.0,0.15,0.0,0.0
2014-12-05,0.12183098591549266,0.15,0.0,0.0,0.0,0.15,0.0,0.0,0.0,0.0,0.0,0.0,0.0,0.0,0.0,0.0,0.0,0.0,0.12816901408450734,0.15,0.0,0.0,0.15,0.0,0.0,0.0,0.0,0.15,0.0,0.0
2015-01-07,0.12183098591549274,0.15,0.0,0.0,0.0,0.15,0.0,0.0,0.0,0.0,0.0,0.0,0.0,0.0,0.0,0.0,0.0,0.0,0.12816901408450726,0.15,0.0,0.0,0.15,0.0,0.0,0.0,0.0,0.15,0.0,0.0
2015-02-06,0.0,0.15,0.15,0.0,0.09652491762767695,0.15,0.0,0.0,0.0,0.0,0.0,0.0,0.0,0.0,0.0,0.0,0.024385639758374537,0.0,0.0,0.0,0.0,0.0,0.0,0.0,0.0,0.0,0.15,0.15,0.0,0.1290894426139485
2015-03-10,0.0,0.15,0.15,0.0,0.10142178719148238,0.15,0.0,0.0,0.0,0.0,0.0,0.0,0.0,0.0,0.0,0.0,0.022973861547640976,0.0,0.0,0.0,0.0,0.0,0.0,0.0,0.0,0.0,0.15,0.15,0.0,0.12560435126087666
2015-04-09,0.0,0.15,0.15,0.0,0.100865222393818,0.15,0.0,0.0,0.0,0.0,0.0,0.0,0.0,0.0,0.0,0.0,0.02313589847374271,0.0,0.0,0.0,0.0,0.0,0.0,0.0,0.0,0.0,0.15,0.15,0.0,0.1259988791324393
2015-05-08,0.0,0.15,0.15,0.0,0.10079123874168422,0.15,0.0,0.0,0.0,0.0,0.0,0.0,0.0,0.0,0.0,0.0,0.023159399610779712,0.0,0.0,0.0,0.0,0.0,0.0,0.0,0.0,0.0,0.15,0.15,0.0,0.12604936164753608
2015-06-09,0.0,0.15,0.15,0.0,0.1075695208790644,0.15,0.0,0.03946659538325618,0.0,0.0,0.0,0.0,0.0,0.0,0.0,0.0,0.018357788253201147,0.0,0.0,0.0,0.0,0.0,0.0,0.0,0.0,0.0,0.15,0.15,0.0,0.08460609548447828
2015-07-09,0.0,0.15,0.15,0.0,0.0961098926525187,0.06835643383364771,0.0,0.0630947360768529,0.0,0.022438937436980697,0.0,0.0,0.0,0.0,0.0,0.0,0.0,0.0,0.0,0.15,0.0,0.0,0.0,0.0,0.0,0.0,0.15,0.15,0.0,0.0
2015-08-07,0.0,0.15,0.15,0.0,0.0,0.15,0.0,0.0,0.0,0.0,0.0,0.0,0.0,0.0,0.0,0.0,0.0,0.0,0.02905776034147424,0.10456100607723766,0.038958009935369284,0.0,0.0,0.0,0.0,0.0,0.15,0.07742322364591883,0.0,0.15
2015-09-08,0.15,0.0,0.15,0.0,0.0,0.0,0.14203174603174604,0.0,0.0,0.0,0.0,0.0,0.0,0.0,0.0,0.15,0.0,0.0,0.0,0.0,0.0,0.0,0.10796825396825396,0.0,0.0,0.15,0.15,0.0,0.0,0.0
2015-10-07,0.15,0.0,0.15,0.0,0.0,0.0,0.0,0.0,0.0,0.0,0.0,0.0,0.0,0.023538788522847923,0.0,0.15,0.0,0.0,0.0,0.0,0.0,0.0,0.15,0.0,0.0,0.15,0.15,0.0,0.0,0.07646121147715206
2015-11-05,0.15,0.0,0.15,0.0,0.0,0.0,0.0,0.0,0.0,0.027401646843549763,0.0,0.0,0.0,0.0,0.0,0.15,0.0,0.0,0.0,0.0,0.0,0.0,0.15,0.0,0.0,0.15,0.15,0.0,0.0,0.07259835315645022
2015-12-07,0.15,0.0,0.15,0.0,0.0,0.0,0.0,0.0,0.0,0.09601366742596808,0.0,0.0,0.0,0.0,0.0,0.15,0.0,0.0,0.0,0.0,0.0,0.0,0.15,0.0,0.0,0.15,0.15,0.0,0.0,0.0039863325740319006
2016-01-07,0.15,0.0,0.15,0.0,0.0,0.0,0.0,0.0,0.0,0.15,0.0,0.0,0.0,0.0,0.0,0.15,0.0,0.0,0.0,0.0,0.0,0.019033232628398872,0.0,0.0,0.0,0.0809667673716011,0.15,0.0,0.0,0.15
2016-02-08,0.15,0.15,0.15,0.0,0.0,0.0,0.019542136695421444,0.0,0.0,0.0,0.0,0.0,0.0,0.0,0.0,0.08045786330457853,0.0,0.0,0.0,0.0,0.15,0.0,0.0,0.0,0.0,0.0,0.0,0.15,0.0,0.15
2016-03-09,0.15,0.0,0.15,0.0,0.0,0.0,0.0,0.0,0.0,0.0,0.0,0.0,0.127246283128636,0.0,0.0,0.0,0.0,0.0,0.0,0.0,0.15,0.0,0.0,0.0,0.0,0.15,0.0,0.122753716871364,0.0,0.15
2016-04-08,0.15,0.03286318758815235,0.15,0.0,0.0,0.0,0.0,0.0,0.0,0.0,0.0,0.0,0.15,0.06713681241184763,0.0,0.0,0.0,0.0,0.0,0.0,0.0,0.0,0.0,0.0,0.0,0.15,0.0,0.15,0.0,0.15
2016-05-09,0.15,0.07303130929791284,0.15,0.0,0.0,0.0,0.0,0.0,0.0,0.0,0.0,0.0,0.026968690702087142,0.0,0.0,0.15,0.0,0.0,0.0,0.0,0.15,0.0,0.0,0.0,0.0,0.15,0.0,0.0,0.0,0.15
2016-06-08,0.15,0.0,0.15,0.0,0.0,0.0,0.0,0.0,0.0,0.0,0.0,0.0,0.15,0.08190537084398977,0.0,0.15,0.0,0.0,0.0,0.0,0.0,0.0,0.0,0.0,0.0,0.15,0.018094629156010206,0.0,0.0,0.15
2016-07-08,0.15,0.0,0.15,0.0,0.0,0.0,0.0,0.0,0.0,0.0,0.0,0.0,0.15,0.13520240700218789,0.0,0.15,0.0,0.0,0.0,0.0,0.0,0.0,0.0,0.0,0.0,0.15,0.0,0.0,0.0,0.11479759299781211
2016-08-08,0.15,0.0,0.15,0.0,0.0,0.0,0.0,0.0,0.0,0.0,0.0,0.0,0.15,0.15,0.0,0.15,0.0,0.06669349275695562,0.0,0.0,0.0,0.0,0.15,0.0,0.0,0.0,0.0,0.0,0.0,0.03330650724304436
2016-09-07,0.15,0.15,0.15,0.0,0.0,0.15,0.0,0.0,0.0,0.0,0.0,0.0,0.0,0.0,0.0,0.0,0.00324937341290847,0.0,0.0,0.15,0.1125932601559529,0.0,0.0,0.0,0.0,0.0,0.13415736643113862,0.0,0.0,0.0
2016-10-06,0.12451324504959455,0.15,0.15,0.0,0.0,0.15,0.0,0.0,0.0,0.0,0.0,0.0,0.0,0.0,0.0,0.0,0.10121594440491509,0.024987387972348386,0.0,0.15,0.0,0.0,0.019344733426821772,0.0,0.0,0.0,0.12993868914632023,0.0,0.0,0.0
2016-11-04,0.10584903290330146,0.15,0.15,0.0,0.0,0.15,0.0,0.0,0.0,0.0,0.0,0.0,0.0,0.0,0.0,0.0,0.15,0.05383471202799464,0.0,0.15,0.0,0.0,0.0,0.0,0.0,0.0,0.08950548974357882,0.0,0.0,0.0008107653251252021
2016-12-06,0.15,0.10548853766629843,0.15,0.0,0.0,0.0,0.0,0.0,0.0,0.0,0.0,0.0,0.0,0.0,0.0,0.0,0.15,0.09876715861203765,0.04574430372166392,0.15,0.15,0.0,0.0,0.0,0.0,0.0,0.0,0.0,0.0,0.0
2017-01-06,0.15,0.0,0.15,0.0,0.0,0.0,0.0,0.0,0.0,0.0,0.0,0.0,0.0,0.0,0.0,0.0,0.15,0.04948665878066059,0.11277008206945299,0.15,0.15,0.0,0.0,0.0,0.0,0.0,0.08774325914988643,0.0,0.0,0.0
2017-02-07,0.15,0.0,0.15,0.0,0.0,0.0,0.0,0.0,0.0,0.0,0.0,0.0,0.0,0.0,0.0,0.0,0.15,0.06893576222435285,0.0,0.15,0.15,0.0,0.0,0.0,0.0,0.0,0.15,0.031064237775647124,0.0,0.0
2017-03-09,0.049497377622377645,0.0,0.15,0.0,0.0,0.0,0.0,0.15,0.0,0.0,0.0,0.0,0.0,0.0,0.0,0.05050262237762233,0.15,0.0,0.0,0.15,0.15,0.0,0.0,0.0,0.0,0.0,0.15,0.0,0.0,0.0
2017-04-07,0.15,0.013247906192394649,0.15,0.0,0.0,0.0,0.0,0.0,0.0,0.0,0.0,0.0,0.0,0.0,0.0,0.0,0.15,0.06385377837932334,0.0,0.15,0.15,0.0,0.022898315428281996,0.0,0.0,0.0,0.15,0.0,0.0,0.0
2017-05-09,0.0,0.011897382920110094,0.15,0.0,0.0,0.0,0.0,0.0,0.0,0.0,0.0,0.0,0.0,0.0,0.0,0.0,0.15,0.0,0.0,0.15,0.15,0.0,0.08810261707988988,0.0,0.0,0.0,0.15,0.15,0.0,0.0
2017-06-08,0.0,0.09674111212397443,0.15,0.0,0.0,0.0,0.0,0.0,0.0,0.0,0.0,0.0,0.0,0.0,0.0,0.0,0.15,0.0,0.0,0.15,0.15,0.0,0.0032588878760255457,0.0,0.0,0.0,0.15,0.15,0.0,0.0
2017-07-10,0.0,0.15,0.0,0.15,0.0,0.15,0.0,0.0,0.0,0.0,0.0,0.0,0.0,0.0,0.0,0.0,0.0,0.0,0.0,0.0,0.0,0.038664235138778986,0.06133576486122099,0.0,0.0,0.0,0.15,0.15,0.15,0.0
2017-08-08,0.0,0.07067155334346042,0.0,0.15,0.0,0.0,0.13186144675819028,0.0408590071411278,0.0,0.0,0.0,0.0,0.0,0.0,0.0,0.0,0.0,0.0,0.006607992757221471,0.0,0.0,0.15,0.0,0.0,0.0,0.0,0.15,0.15,0.15,0.0
2017-09-07,0.0,0.15,0.0,0.15,0.0,0.0,0.15,0.0,0.0,0.0,0.0,0.0,0.0,0.0,0.0,0.0,0.0,0.0,0.0003424657534246573,0.0,0.0,0.09965753424657532,0.0,0.0,0.0,0.0,0.15,0.15,0.15,0.0
2017-10-06,0.01350876954627216,0.15,0.07593975526412759,0.0,0.0,0.15,0.0,0.0,0.03869709097336369,0.0,0.0,0.0,0.0,0.0,0.0,0.08733136114662918,0.0,0.0,0.008397631353309839,0.0,0.02612539171629755,0.0,0.0,0.15,0.0,0.0,0.0,0.15,0.0,0.15
2017-11-06,0.0,0.15,0.0,0.0,0.0,0.15,0.0,0.09647260977954314,0.0,0.0,0.0,0.0,0.0,0.0,0.0,0.10645942469437152,0.0,0.0,0.014796794702358623,0.05724215914261225,0.0,0.0,0.0,0.15,0.0,0.0,0.0,0.15,0.0,0.1250290116811145
2017-12-06,0.15,0.15,0.0,0.0,0.0,0.15,0.0,0.016678838168115107,0.0,0.0,0.0,0.0,0.0,0.0,0.0,0.010440597042672082,0.0,0.0,0.0,0.03434136876247429,0.03266724143271584,0.0,0.0,0.15,0.0,0.0,0.0,0.15,0.005871954594022647,0.15
2018-01-08,0.07682914208837834,0.15,0.0,0.0,0.0,0.15,0.0,0.0,0.0,0.0,0.0,0.0,0.0,0.0,0.0,0.08090063718750463,0.0,0.0,0.0,0.15,0.0,0.0,0.0,0.15,0.0,0.09227022072411704,0.0,0.15,0.0,0.0
2018-02-07,0.0,0.0,0.0,0.10673374613003107,0.0,0.0,0.15,0.0,0.0,0.15,0.0,0.15,0.0,0.0,0.0,0.0,0.15,0.15,0.0,0.14326625386996894,0.0,0.0,0.0,0.0,0.0,0.0,0.0,0.0,0.0,0.0
2018-03-09,0.07564634878001304,0.0,0.0,0.026400968678853925,0.147952682541133,0.0,0.0,0.0,0.0,0.0,0.0,0.15,0.0,0.0,0.0,0.0,0.15,0.15,0.0,0.15,0.0,0.0,0.0,0.0,0.0,0.0,0.0,0.15,0.0,0.0
2018-04-10,0.0,0.0,0.0,0.05120745022479084,0.15,0.05008452151573516,0.0,0.0,0.0,0.0,0.0,0.15,0.0,0.0,0.0,0.0,0.15,0.15,0.0,0.15,0.0,0.0,0.0,0.0,0.0,0.0,0.0,0.148708028259474,0.0,0.0
2018-05-09,0.03433255574370446,0.0,0.0,0.0,0.15,0.035937666520620845,0.029729777735674673,0.0,0.0,0.0,0.0,0.15,0.0,0.0,0.0,0.0,0.15,0.15,0.0,0.15,0.0,0.0,0.0,0.0,0.0,0.0,0.0,0.15,0.0,0.0
2018-06-08,0.02267440716929895,0.0,0.0,0.0,0.10312092673950457,0.15,0.11193301453901239,0.0,0.0,0.0,0.0,0.15,0.0,0.0,0.0,0.0,0.15,0.15,0.0,0.15,0.0,0.0,0.0,0.0,0.0,0.0,0.0,0.012271651552184099,0.0,0.0
2018-07-10,0.15,0.0,0.0,0.0,0.08367424419851635,0.08123913724117358,0.08508661856031006,0.0,0.0,0.0,0.0,0.15,0.0,0.0,0.0,0.0,0.15,0.15,0.0,0.15,0.0,0.0,0.0,0.0,0.0,0.0,0.0,0.0,0.0,0.0
2018-08-08,0.0,0.0,0.0,0.0,0.15,0.0910000130256536,0.15,0.0,0.0,0.0,0.0,0.15,0.0,0.0,0.0,0.0,0.12305571666426916,0.15,0.0,0.15,0.0,0.0,0.0,0.0,0.0,0.004482699807182879,0.03146157050289436,0.0,0.0,0.0
2018-09-07,0.15,0.0,0.0,0.0,0.0,0.07637856624527357,0.15,0.0,0.0,0.0,0.0,0.15,0.0,0.0,0.0,0.0,0.0,0.15,0.0,0.15,0.0,0.0,0.0,0.0,0.0,0.08462106455842833,0.0,0.08900036919629811,0.0,0.0
2018-10-08,0.15,0.0,0.0,0.0,0.007283654989771458,0.15,0.15,0.0,0.0,0.0,0.0,0.15,0.0,0.0,0.0,0.0,0.0,0.15,0.0,0.15,0.0,0.0,0.0,0.0,0.0,0.0,0.061129788504945,0.03158655650528352,0.0,0.0
2018-11-06,0.15,0.0,0.0,0.0,0.002168066849473448,0.15,0.11234440804302845,0.0,0.0,0.0,0.0,0.15,0.0,0.0,0.0,0.0,0.0,0.15,0.0,0.15,0.0,0.0,0.0,0.0,0.0,0.0,0.0,0.13548752510749815,0.0,0.0
2018-12-07,0.13573672734288214,0.0,0.0,0.0,0.0,0.12905809050019793,0.13520518215691993,0.0,0.0,0.0,0.0,0.0,0.0,0.0,0.0,0.0,0.0,0.15,0.0,0.15,0.0,0.0,0.0,0.0,0.0,0.0,0.15,0.15,0.0,0.0
2019-01-09,0.0780965909090909,0.0,0.0,0.15,0.0,0.15,0.021903409090909085,0.0,0.0,0.0,0.0,0.0,0.0,0.0,0.0,0.0,0.0,0.0,0.0,0.15,0.15,0.0,0.0,0.0,0.0,0.0,0.15,0.15,0.0,0.0
2019-02-08,0.0,0.0,0.0654434968681369,0.0,0.07575622740578244,0.15,0.0,0.06671448611900503,0.0,0.0,0.0,0.0,0.0,0.0,0.0,0.0,0.0,0.0,0.0,0.15,0.0,0.15,0.0,0.0,0.0,0.15,0.04208578960707562,0.15,0.0,0.0
2019-03-12,0.0,0.0,0.1290619709635145,0.0,0.0,0.056582816727913175,0.0,0.15,0.0,0.0,0.0,0.0,0.0,0.0,0.0,0.0,0.0,0.06516198943697733,0.0,0.13406183194142382,0.015131390930171053,0.15,0.0,0.0,0.0,0.0,0.15,0.15,0.0,0.0
2019-04-10,0.0,0.0,0.15,0.0,0.0,0.1388601029297751,0.0,0.13007532164485622,0.0,0.0,0.0,0.0,0.0,0.0,0.0,0.0,0.05522120668409451,0.11705926825854443,0.0,0.0779573849334999,0.030826715549229902,0.0,0.0,0.0,0.0,0.0,0.15,0.15,0.0,0.0
2019-05-10,0.054263601338730386,0.15,0.15,0.0,0.0,0.15,0.0,0.045495880247252186,0.0,0.0,0.0,0.0,0.0,0.0,0.0,0.0,0.1366191784678622,0.08499588234770133,0.0,0.0,0.01318755832154802,0.06543789927690595,0.0,0.0,0.0,0.0,0.0,0.15,0.0,0.0
2019-06-11,0.0,0.15,0.15,0.0,0.0,0.14699547071038174,0.0,0.0,0.0,0.0,0.0,0.0,0.0,0.0,0.0,0.0,0.11796978417162517,0.044595981930370926,0.0,0.0,0.15,0.09043876318762212,0.0,0.0,0.0,0.0,0.0,0.15,0.0,0.0
2019-07-11,0.0,0.15,0.15,0.0,0.0,0.15,0.0,0.0,0.0,0.0,0.0,0.0,0.0,0.0,0.0,0.0,0.14734062526240804,0.05284651176819721,0.0,0.0,0.15,0.049812862969394744,0.0,0.0,0.0,0.0,0.0,0.15,0.0,0.0
2019-08-09,0.12720984996220527,0.15,0.15,0.0,0.026488661509079695,0.09630148852871503,0.0,0.0,0.0,0.0,0.0,0.0,0.0,0.0,0.0,0.0,0.15,0.0,0.0,0.0,0.15,0.0,0.0,0.0,0.0,0.0,0.0,0.15,0.0,0.0
2019-09-10,0.15,0.15,0.15,0.0,0.029765115149311946,0.049671571867272994,0.0,0.0,0.0,0.0,0.0,0.0,0.0,0.0,0.0,0.0,0.15,0.014336922130753712,0.0,0.00622639085266133,0.15,0.0,0.0,0.0,0.0,0.0,0.0,0.15,0.0,0.0
2019-10-09,0.10348056029052494,0.15,0.15,0.0,0.0,0.08197170140425994,0.0,0.0,0.0,0.0,0.036892342809392284,0.0,0.0,0.0,0.0,0.0,0.15,0.0,0.0,0.0,0.15,0.0,0.0,0.0,0.0,0.02765539549582299,0.0,0.15,0.0,0.0
2019-11-07,0.0,0.15,0.14030744609061677,0.0,0.0,0.0,0.0,0.0,0.0,0.02997486493114783,0.0,0.0,0.0,0.0,0.0,0.0,0.15,0.0,0.0,0.10377077466559417,0.15,0.0,0.0,0.0,0.0,0.1259469143126413,0.0,0.15,0.0,0.0
2019-12-09,0.15,0.15,0.05028050673072043,0.0,0.15,0.0,0.0,0.0,0.0,0.13400000323199993,0.0,0.0,0.0,0.0,0.0,0.0,0.15,0.0,0.0,0.03455686357044227,0.031162626466837373,0.0,0.0,0.0,0.0,0.0,0.0,0.15,0.0,0.0
2020-01-09,0.15,0.10529654070005738,0.0,0.0,0.05430363144520035,0.0,0.0,0.0,0.0,0.09039982785474227,0.0,0.0,0.0,0.0,0.0,0.0,0.15,0.0,0.0,0.15,0.15,0.0,0.0,0.0,0.0,0.0,0.0,0.15,0.0,0.0
2020-02-10,0.15,0.10529654070005735,0.0,0.0,0.05430363144520039,0.0,0.0,0.0,0.0,0.09039982785474222,0.0,0.0,0.0,0.0,0.0,0.0,0.15,0.0,0.0,0.15,0.15,0.0,0.0,0.0,0.0,0.0,0.0,0.15,0.0,0.0
2020-03-11,0.15,0.15,0.06647368421052627,0.0,0.0,0.15,0.0,0.15,0.0,0.0,0.0,0.0,0.0,0.0,0.0,0.0,0.0,0.0,0.0,0.0,0.15,0.03352631578947371,0.0,0.0,0.0,0.0,0.15,0.0,0.0,0.0
2020-04-09,0.15,0.0,0.0,0.0,0.004840157489353266,0.15,0.0,0.15,0.0,0.0,0.0,0.0,0.0,0.0,0.0,0.0,0.15,0.0,0.0,0.0,0.15,0.028763444563058647,0.0,0.0,0.0,0.0,0.15,0.06639639794758806,0.0,0.0
2020-05-11,0.13707338490487142,0.0,0.0,0.0,0.11626865983692243,0.15,0.0,0.15,0.0,0.0,0.0,0.0,0.0,0.0,0.0,0.0,0.15,0.0,0.0,0.0,0.0,0.14665795525820619,0.0,0.0,0.0,0.0,0.15,0.0,0.0,0.0
2020-06-10,0.10935457820401634,0.0,0.0,0.0,0.15,0.15,0.0,0.15,0.0,0.0,0.0,0.0,0.0,0.0,0.0,0.0,0.15,0.0,0.0,0.0,0.0,0.13828558476230796,0.0,0.0,0.0,0.0,0.15,0.002359837033675685,0.0,0.0
2020-07-10,0.11442325853227421,0.0,0.0,0.0,0.15,0.15,0.0,0.15,0.0,0.0,0.0,0.0,0.0,0.0,0.08601213067199787,0.0,0.15,0.0,0.0,0.0,0.0,0.04956461079572795,0.0,0.0,0.0,0.0,0.15,0.0,0.0,0.0
2020-08-10,0.1089881651428754,0.0,0.0,0.0,0.15,0.15,0.0,0.15,0.0,0.0,0.0,0.0,0.0,0.0,0.0,0.0,0.15,0.0,0.0,0.0,0.0,0.1394094337781955,0.0,0.0,0.0,0.0,0.15,0.0016024010789290836,0.0,0.0
2020-09-09,0.13516542282713784,0.0,0.0,0.0,0.15,0.15,0.0,0.15,0.0,0.0,0.0,0.0,0.0,0.0,0.06949132647409059,0.0,0.15,0.0,0.0,0.0,0.0,0.0,0.0,0.0,0.0,0.0,0.15,0.045343250698771445,0.0,0.0
2020-10-08,0.13932409156313122,0.0,0.0,0.0,0.15,0.15,0.0,0.15,0.0,0.0,0.0,0.0,0.0,0.0,0.054498231294325315,0.0,0.15,0.0,0.0,0.0,0.0,0.0,0.0,0.0,0.0,0.0,0.15,0.0561776771425435,0.0,0.0
2020-11-06,0.10902816050127997,0.0,0.0,0.0,0.15,0.15,0.0,0.15,0.0,0.0,0.0,0.0,0.0,0.0,0.011290022942727754,0.0,0.15,0.0,0.0,0.0,0.0,0.12968181655599229,0.0,0.0,0.0,0.0,0.15,0.0,0.0,0.0
2020-12-08,0.14159367856597777,0.0,0.0,0.0,0.15,0.15,0.0,0.15,0.0,0.0,0.0,0.0,0.0,0.0,0.046315772889325625,0.0,0.15,0.0,0.0,0.0,0.0,0.0,0.0,0.0,0.0,0.0,0.15,0.06209054854469659,0.0,0.0
2021-01-08,0.14046446849454436,0.0,0.0,0.0,0.15,0.15,0.0,0.15,0.0,0.0,0.0,0.0,0.0,0.0,0.05038687235738822,0.0,0.15,0.0,0.0,0.0,0.0,0.0,0.0,0.0,0.0,0.0,0.15,0.05914865914806741,0.0,0.0
2021-02-09,0.14205909289836044,0.0,0.0,0.0,0.15,0.15,0.0,0.15,0.0,0.0,0.0,0.0,0.0,0.0,0.04463783174363028,0.0,0.15,0.0,0.0,0.0,0.0,0.0,0.0,0.0,0.0,0.0,0.15,0.06330307535800928,0.0,0.0
2021-03-11,0.141191351906874,0.0,0.0,0.0,0.15,0.15,0.0,0.15,0.037684113261417095,0.0,0.0,0.0,0.0,0.0,0.0,0.0,0.15,0.0,0.0,0.0,0.0,0.0,0.0,0.0,0.0,0.0,0.15,0.07112453483170889,0.0,0.0
2021-04-12,0.0,0.0,0.15,0.15,0.15,0.15,0.10263466116024328,0.0,0.0,0.0,0.0,0.0,0.0,0.0035314176358910454,0.025205972222985082,0.0,0.0,0.0,0.0,0.1186279489808806,0.0,0.0,0.0,0.0,0.0,0.0,0.15,0.0,0.0,0.0
2021-05-11,0.0,0.0,0.15,0.15,0.12429572607730544,0.15,0.05645082611047367,0.0,0.0,0.0,0.0,0.0,0.15,0.0,0.02093108896371237,0.0,0.0,0.0,0.0,0.035155587044476855,0.013166771804031668,0.0,0.0,0.0,0.0,0.0,0.15,0.0,0.0,0.0
2021-06-10,0.0,0.0,0.15,0.15,0.0,0.15,0.0,0.0,0.0,0.0,0.0,0.0,0.0,0.0,0.14263192288841692,0.0,0.0,0.0,0.0,0.15,0.0,0.10736807711158308,0.0,0.0,0.0,0.0,0.15,0.0,0.0,0.0
2021-07-12,0.0,0.0,0.15,0.1281574150823294,0.059641152359622494,0.0,0.026320137657633278,0.0,0.0,0.0,0.0,0.0,0.0,0.15,0.0,0.0,0.0,0.03465506326094426,0.04826752424508788,0.0,0.13240085387338718,0.0,0.0,0.1205578535209955,0.0,0.0,0.0,0.0,0.0,0.15
2021-08-10,0.0,0.06821887508009455,0.15,0.15,0.0,0.0,0.033376244660763735,0.029819522777239545,0.0,0.0,0.0,0.0,0.0,0.15,0.011968826354085313,0.0,0.0,0.11227262518247556,0.01623092565836129,0.0,0.03115975725114876,0.0,0.0,0.09695322303583118,0.0,0.0,0.0,0.0,0.0,0.15
2021-09-09,0.0,0.0,0.15,0.15,0.0,0.0,0.017427474872436226,0.15,0.0,0.0,0.0,0.0,0.0,0.15,0.0,0.0,0.0,0.10085629706005561,0.017919649296758086,0.04674683397884219,0.0,0.0,0.0,0.0670497447919079,0.0,0.0,0.0,0.0,0.0,0.15
2021-10-08,0.0,0.0,0.15,0.15,0.058446272507477075,0.0,0.0,0.0,0.0,0.0,0.0024747712498359555,0.0,0.0,0.15,0.0,0.0,0.0,0.07699360003754681,0.08801642942617886,0.0,0.0,0.0,0.0,0.15,0.0,0.0,0.0,0.0,0.024068926778961355,0.15
2021-11-08,0.03435075712095411,0.0,0.14536803777326016,0.0,0.15,0.0,0.09044220432654533,0.15,0.0,0.0,0.0,0.0,0.0,0.0,0.013473453276256772,0.0,0.0,0.017907424696569307,0.15,0.09845812280641435,0.0,0.0,0.0,0.0,0.0,0.0,0.0,0.0,0.15,0.0
2021-12-08,0.0,0.0,0.15,0.0,0.15,0.12450166813561864,0.0,0.07528675589689447,0.0,0.0,0.0,0.0,0.0,0.0,0.009322761974972563,0.0,0.0,0.04920283656070245,0.15,0.15,0.0,0.0,0.060979535299697685,0.0,0.0,0.0,0.0,0.0,0.08070644213211418,0.0
2022-01-07,0.0,0.0,0.15,0.0,0.15,0.05030035615365541,0.011284738469236938,0.12865877729835237,0.0,0.0,0.0,0.0,0.0,0.0,0.0,0.0,0.0,0.0,0.15,0.09082956136850598,0.0,0.0,0.07320174521293871,0.0,0.0,0.0,0.0,0.0,0.04572482149731061,0.15
2022-02-08,0.02506611917846128,0.0,0.15,0.0,0.13757055388961276,0.1346381887030182,0.0,0.0,0.0,0.0,0.0,0.02069047596370643,0.0,0.0,0.0,0.0,0.0,0.0,0.15,0.0,0.0,0.0,0.08203466226520131,0.0,0.0,0.0,0.0,0.0,0.15,0.15
2022-03-10,0.0,0.046844710646400986,0.15,0.0,0.05936687264333118,0.0,0.0,0.15,0.0,0.0,0.0,0.0,0.0,0.0,0.01196434231756565,0.0,0.0,0.0783597894375842,0.1466592795736285,0.15,0.0,0.0,0.15,0.0,0.0,0.0,0.0,0.0,0.0,0.05680500538148947
2022-04-08,0.0,0.15,0.05038613859292078,0.0,0.0,0.0,0.0,0.15,0.0,0.0,0.0,0.0,0.0,0.0,0.07083041566134181,0.0,0.0,0.06692918346325408,0.15,0.06185426228248331,0.0,0.0,0.15,0.0,0.0,0.0,0.0,0.0,0.0,0.15
2022-05-10,0.15,0.15,0.15,0.0,0.010164013757353546,0.15,0.0,0.0,0.0,0.0,0.0,0.0,0.0,0.0,0.09551710789414523,0.0,0.0,0.09411506768525146,0.04802304156017034,0.15,0.0,0.0,0.0021807691030793757,0.0,0.0,0.0,0.0,0.0,0.0,0.0
2022-06-09,0.0,0.14274779036356114,0.15,0.0,0.15,0.0,0.0,0.0,0.0,0.0,0.0,0.0,0.0,0.0,0.0,0.0,0.0,0.11339837626573436,0.12401126480312406,0.15,0.0,0.0,0.0,0.01984256856758044,0.0,0.0,0.0,0.0,0.0,0.15
2022-07-12,0.15,0.15,0.15,0.0,0.0,0.032327599910978284,0.0,0.0,0.0,0.0,0.0,0.0,0.0,0.0,0.0,0.0,0.0,0.08328670291122203,0.15,0.0,0.0,0.0,0.0,0.0,0.0,0.15,0.0,0.0,0.0,0.1343856971777997
2022-08-10,0.15,0.15,0.15,0.0,0.0,0.014845480954865426,0.0,0.0,0.0,0.0,0.0,0.0,0.0,0.0,0.0,0.0,0.0,0.05869655070210092,0.15,0.026457968343033714,0.0,0.0,0.0,0.0,0.0,0.15,0.0,0.0,0.0,0.15
2022-09-09,0.15,0.15,0.057315782611125216,0.0,0.0,0.012832214681758632,0.0,0.0,0.0,0.0,0.0,0.0,0.0,0.0,0.0,0.0,0.0,0.029852002707116125,0.15,0.15,0.0,0.0,0.0,0.0,0.0,0.15,0.0,0.0,0.0,0.15
2022-10-10,0.15,0.15,0.15,0.0,0.0,0.0,0.0,0.00887530562347185,0.0,0.0,0.0,0.0,0.0,0.0,0.0,0.0,0.0,0.09112469437652812,0.15,0.0,0.0,0.0,0.0,0.0,0.0,0.15,0.0,0.0,0.0,0.15
2022-11-08,0.15,0.15,0.15,0.0,0.0,0.0,0.0,0.09026217466091421,0.0,0.0,0.0,0.0,0.0,0.0,0.0,0.0,0.0,0.052278666027502786,0.15,0.0,0.0,0.0,0.0,0.0,0.0,0.10745915931158301,0.0,0.0,0.0,0.15
2022-12-08,0.15,0.15,0.15,0.0,0.0,0.0,0.0,0.15,0.0,0.0,0.0,0.0,0.0,0.0,0.0,0.0,0.0,0.04882837925797357,0.15,0.0,0.0,0.0,0.0,0.0,0.0,0.05117162074202641,0.0,0.0,0.0,0.15
2023-01-10,0.15,0.15,0.15,0.0,0.0,0.0,0.0,0.029176242893431695,0.0,0.0,0.0,0.0,0.0,0.0,0.0,0.0,0.0,0.07082375710656828,0.15,0.0,0.0,0.0,0.0,0.0,0.0,0.15,0.0,0.0,0.0,0.15
2023-02-09,0.15,0.15,0.04951117864670777,0.0,0.0,0.0,0.0,0.0987313744535179,0.0,0.0,0.0,0.0,0.0,0.0,0.0,0.0,0.0,0.10175744689977434,0.15,0.0,0.0,0.0,0.0,0.0,0.0,0.15,0.0,0.0,0.0,0.15
2023-03-13,0.0884956990281487,0.15,0.15,0.0,0.0,0.0,0.0,0.15,0.0,0.0,0.0,0.0,0.0,0.0,0.0,0.0,0.0,0.0,0.14860162084322034,0.012902680128630932,0.0,0.0,0.0,0.0,0.0,0.15,0.0,0.0,0.0,0.15
2023-04-12,0.14763640571660028,0.0,0.15,0.0,0.0,0.0,0.0,0.0,0.0,0.0,0.13954319273274254,0.0,0.0,0.0,0.0,0.0,0.0,0.0,0.11282040155065717,0.0,0.0,0.0,0.0,0.0,0.0,0.15,0.0,0.15,0.0,0.15
2023-05-11,0.0,0.14726834941263933,0.15,0.0,0.0,0.0,0.0,0.15,0.0,0.0,0.06370239815560512,0.0,0.0,0.0,0.0,0.0,0.0,0.0,0.0,0.03902925243175555,0.0,0.0,0.0,0.0,0.0,0.15,0.0,0.15,0.0,0.15
2023-06-12,0.15,0.15,0.0,0.0,0.0,0.08552431924193425,0.0,0.15,0.0,0.0,0.08599006166365351,0.0,0.0,0.0,0.0,0.0,0.0,0.0,0.0,0.0,0.0,0.0,0.0,0.0,0.0,0.07848561909441222,0.0,0.15,0.0,0.15
2023-07-13,0.0,0.0049159848817238215,0.0,0.0,0.005344819545466827,0.15,0.0,0.0,0.0,0.0,0.0,0.0,0.05542714708798258,0.0,0.0,0.0,0.15,0.034312048484826746,0.15,0.15,0.0,0.0,0.0,0.0,0.0,0.0,0.0,0.15,0.0,0.15
2023-08-11,0.09111425534519235,0.007102332762682819,0.0,0.0,0.0,0.15,0.0,0.15,0.0,0.0,0.0,0.0,0.0,0.0,0.0,0.0,0.024116888984649545,0.12766652290747532,0.15,0.0,0.0,0.0,0.0,0.0,0.0,0.0,0.0,0.15,0.0,0.15
2023-09-12,0.10230132184463754,0.0,0.0,0.0,0.0,0.15,0.0,0.08935890753904047,0.0,0.0,0.0,0.0,0.0,0.0,0.0,0.0,0.10282032367452386,0.10551944694179816,0.15,0.0,0.0,0.0,0.0,0.0,0.0,0.0,0.0,0.15,0.0,0.15
2023-10-11,0.016748360883212954,0.0,0.08250496409181333,0.0,0.05073324979150475,0.15,0.0,0.15,0.0,0.0,0.007383795753952757,0.0,0.0,0.0,0.0,0.15,0.0,0.05433681977392555,0.027965223899211904,0.010327585806378714,0.0,0.0,0.0,0.0,0.0,0.15,0.0,0.0,0.0,0.15
2023-11-09,0.0,0.0,0.15,0.0,0.0,0.15,0.0,0.0,0.0,0.0,0.15,0.0,0.0,0.0,0.0,0.0,0.0,0.001060050054550008,0.08871449092687843,0.0,0.0,0.15,0.024094578342409655,0.0,0.0,0.02795776711995308,0.0,0.14721903280966883,0.0,0.11095408074654003
2023-12-11,0.005964876118959933,0.0,0.0,0.0,0.0,0.15,0.0,0.0,0.0,0.0,0.15,0.0,0.0,0.0,0.0,0.04343454369178899,0.0,0.020633344315808027,0.15,0.0,0.0,0.14407457676762053,0.0,0.0,0.0,0.04782362609475889,0.0,0.13806903301106366,0.0,0.15
2024-01-11,0.0,0.15,0.0,0.0,0.08501094547607072,0.0,0.0,0.0,0.0,0.0,0.12757984682264797,0.0,0.0,0.0,0.0,0.0,0.15,0.0,0.03410730708946676,0.0,0.0,0.15,0.15,0.0,0.0,0.0,0.0,0.0033019006118145517,0.0,0.15
2024-02-12,0.0,0.138225852355707,0.0,0.0,0.0,0.15,0.0,0.0,0.0,0.0,0.004840788114901782,0.0,0.0,0.0,0.0,0.0,0.0,0.0,0.15,0.0,0.0,0.15,0.15,0.0,0.0,0.1069333595293912,0.0,0.0,0.0,0.15
2024-03-13,0.011755145508543285,0.15,0.0,0.0,0.0,0.15,0.0,0.0,0.0,0.0,0.0,0.0,0.0,0.0,0.0,0.017084159940147097,0.0,0.057423928979470476,0.0,0.0,0.1483464236274996,0.0,0.15,0.0,0.0,0.15,0.0007556928985652595,0.014634649045774268,0.0,0.15
2024-04-12,0.0,0.06152712944982975,0.0,0.0,0.06596624556462276,0.0940413107575261,0.0,0.0,0.0,0.0,0.05298814582275098,0.0,0.0,0.0,0.0,0.05664188998365834,0.0,0.03825588606913743,0.061795940900686575,0.015308273497729435,0.11227469662805005,0.1412004813260086,0.0,0.0,0.0,0.15,0.0,0.0,0.0,0.15
2024-05-13,0.0,0.0,0.038794648157570936,0.0,0.04390164825331046,0.15,0.0,0.11533184138130603,0.0,0.0,0.0,0.0,0.0,0.0,0.0,0.06400141168548401,0.0,0.05515448957173345,0.0,0.03197733017820393,0.09901997830129307,0.059926187303790214,0.0,0.0,0.0,0.15,0.0672877180812564,0.0,0.05048111608231557,0.07412363100373572
2024-06-12,0.0,0.07828055934841945,0.02380090687283823,0.0,0.06324251829014002,0.15,0.0,0.056281828596011066,0.0,0.0,0.014423121260977919,0.0,0.0,0.0,0.0,0.07017750700265167,0.0,0.007422017444254369,0.008466786025735907,0.0,0.08215923817932173,0.0,0.14574551697964966,0.0,0.0,0.15,0.0,0.0,0.0,0.15
2024-07-15,0.0,0.0,0.1260562087434562,0.0,0.04418764298401852,0.15,0.0,0.021507924561408542,0.0,0.0,0.024955318444923973,0.0,0.0,0.0,0.0,0.06399018503035424,0.0,0.0,0.037569740984442365,0.0,0.1146580693932963,0.0,0.11707490985809992,0.0,0.0,0.15,0.0,0.0,0.0,0.15
2024-08-13,0.11282531385632798,0.0,0.0,0.0,0.0,0.15,0.0,0.0,0.0,0.0,0.11705975486910117,0.15,0.15,0.0,0.0,0.15,0.0,0.0,0.0,0.0,0.0,0.0,0.0,0.0,0.02347369908609006,0.0,0.0,0.0,0.0,0.1466412321884808
2024-09-12,0.15,0.0,0.0,0.15,0.0,0.15,0.0,0.0,0.0,0.0,0.02478724484135136,0.03198137905474156,0.15,0.0,0.0,0.15,0.0,0.0,0.0,0.0,0.04323137610390705,0.0,0.0,0.0,0.15,0.0,0.0,0.0,0.0,0.0
2024-10-11,0.15,0.0,0.0,0.0,0.0,0.15,0.0,0.0,0.0,0.0,0.0,0.10206584194082603,0.15,0.0,0.0,0.15,0.0,0.0,0.0,0.0,0.032087290816587725,0.0,0.0,0.0,0.15,0.0,0.0,0.11584686724258628,0.0,0.0
2024-11-11,0.15,0.0,0.0,0.07227495198945921,0.0,0.15,0.0,0.0,0.0,0.0,0.0,0.07531515183674571,0.15,0.0,0.0,0.15,0.0,0.0,0.0,0.0,0.023142443290975107,0.0,0.0,0.0,0.15,0.0,0.0,0.07926745288281997,0.0,0.0
2024-12-11,0.15,0.0,0.0,0.15,0.0,0.15,0.0,0.0,0.0,0.0,0.0,0.0,0.15,0.0,0.0,0.15,0.0,0.0,0.0,0.0,0.0,0.0,0.0,0.0,0.09989308311571746,0.0,0.11250204682855257,0.037604870055729975,0.0,0.0
2025-01-14,0.06470062802733126,0.0,0.15,0.15,0.0,0.15,0.0,0.0,0.0,0.0,0.0,0.0,0.051660588982816634,0.0,0.0,0.15,0.0,0.0,0.0,0.0,0.15,0.0,0.0,0.0,0.0,0.0,0.0,0.0,0.0,0.1336387829898521
2025-02-13,0.15,0.0,0.14040323162354756,0.15,0.0,0.15,0.0,0.0,0.0,0.0,0.0,0.0,0.028676272565325324,0.0,0.0,0.15,0.0,0.0,0.0,0.0,0.15,0.0,0.0,0.0,0.08092049581112709,0.0,0.0,0.0,0.0,0.0
2025-03-17,0.15,0.0,0.0984091923594585,0.15,0.0,0.13081340829842325,0.0,0.0,0.0,0.0,0.0,0.0,0.15,0.0,0.0,0.15,0.0,0.0,0.0,0.03435343226184455,0.13642396708027374,0.0,0.0,0.0,0.0,0.0,0.0,0.0,0.0,0.0
2025-04-15,0.09873967351919839,0.0,0.15,0.15,0.0,0.0,0.11511862718206213,0.0,0.0,0.0,0.15,0.0,0.0,0.0,0.036141699298739484,0.0,0.0,0.0,0.0,0.15,0.0,0.0,0.0,0.0,0.0,0.0,0.15,0.0,0.0,0.0
2025-05-15,0.15,0.0,0.15,0.15,0.0,0.0,0.11934074432619303,0.0,0.0,0.0,0.15,0.0,0.0,0.0,0.04426745429445917,0.0,0.0,0.0,0.0,0.0,0.0,0.0,0.0,0.0,0.0,0.15,0.08639180137934782,0.0,0.0,0.0
2025-06-16,0.15,0.0,0.15,0.15,0.0,0.0,0.10448969537682863,0.0,0.0,0.0,0.15,0.0,0.0,0.0,0.025733394815203398,0.0,0.0,0.0,0.0,0.0,0.0,0.0,0.0,0.0,0.0,0.11977690980796799,0.15,0.0,0.0,0.0
2025-07-17,0.15,0.12244452181051514,0.15,0.1301003690695756,0.0,0.0,0.1474551091199093,0.0,0.0,0.0,0.15,0.0,0.0,0.0,0.0,0.0,0.0,0.0,0.0,0.0,0.0,0.0,0.0,0.0,0.0,0.15,0.0,0.0,0.0,0.0
2025-08-15,0.15,0.05872678703475199,0.15,0.15,0.0,0.0,0.12482108799760744,0.0,0.0,0.0,0.15,0.0,0.0,0.0,0.0,0.0,0.0,0.0,0.0,0.0,0.0,0.0,0.0,0.0,0.0,0.15,0.06645212496764058,0.0,0.0,0.0
2025-09-16,0.1234831801419414,0.0,0.15,0.15,0.0,0.0,0.09632838200748443,0.0,0.0,0.0,0.15,0.0,0.0,0.0,0.03018843785057416,0.0,0.0,0.0,0.0,0.0,0.0,0.0,0.0,0.0,0.0,0.15,0.15,0.0,0.0,0.0
2025-10-15,0.15,0.0,0.15,0.09265121900640996,0.0,0.0,0.08881599920765354,0.0,0.0,0.0,0.15,0.0,0.0,0.15,0.06853278178593648,0.0,0.0,0.0,0.0,0.0,0.0,0.0,0.0,0.0,0.0,0.15,0.0,0.0,0.0,0.0
2025-11-13,0.0611462846317128,0.0,0.15,0.15,0.0,0.0,0.0373779670743765,0.0,0.0,0.0,0.15,0.0,0.0,0.15,0.0,0.0,0.0,0.0,0.0,0.0,0.0,0.0014757482939106725,0.0,0.0,0.0,0.15,0.15,0.0,0.0,0.0
2025-12-15,0.15,0.0,0.15,0.0,0.0,0.0,0.09085128691144571,0.014764928899807902,0.0,0.0,0.15,0.0,0.0,0.15,0.0,0.0,0.14438378418874637,0.0,0.0,0.0,0.0,0.0,0.0,0.0,0.0,0.15,0.0,0.0,0.0,0.0
2026-01-15,0.15,0.05189921205631717,0.15,0.0,0.0,0.0,0.09438375065744949,0.0,0.0,0.0,0.15,0.0,0.0,0.15,0.0,0.0,0.10371703728623334,0.0,0.0,0.0,0.0,0.0,0.0,0.0,0.0,0.15,0.0,0.0,0.0,0.0
2026-02-17,0.15,0.15,0.15,0.0,0.0,0.0,0.10678764421607466,0.0,0.0,0.0,0.15,0.0,0.0,0.15,0.0,0.0,0.0788636575375061,0.0,0.0,0.0,0.0,0.0,0.0,0.0,0.0,0.06434869824641923,0.0,0.0,0.0,0.0
2026-03-18,0.15,0.15,0.023528401160361027,0.0,0.0,0.0,0.02490090392264348,0.0,0.0,0.0,0.15,0.0,0.05157069491699548,0.15,0.0,0.0,0.0,0.15,0.0,0.0,0.0,0.0,0.0,0.0,0.0,0.15,0.0,0.0,0.0,0.0
2026-04-17,0.0743294386839357,0.0,0.1343528973955623,0.09040260601769359,0.15,0.0,0.07427061273366985,0.0,0.0,0.0,0.0,0.1312155966508771,0.13899929459100077,0.0,0.0,0.0,0.025053573686678824,0.03137598024058179,0.15,0.0,0.0,0.0,0.0,0.0,0.0,0.0,0.0,0.0,0.0,0.0
2026-05-18,0.0739640542417158,0.0786398794409035,0.15,0.0,0.09480752586459341,0.0,0.0,0.0,0.0,0.0,0.0,0.1134849379989204,0.0013644383859880962,0.0,0.0,0.003829815251805637,0.0,0.04546229577443187,0.15,0.030777872058122883,0.0,0.0,0.15,0.0,0.0,0.0,0.0,0.0,0.0,0.10766918098351841
